query_id,text,intent,location,target_os,software,condition
q00001,List machines in Lab 1 that meet Fedora 42 requirements.,os_compatibility_check,Lab 1,Fedora 42,,
q00002,Which systems support VMware Workstation in Lab 2?,software_compatibility_check,Lab 2,,VMware Workstation,
q00003,Best operating system for AI Lab?,os_recommendation,AI Lab,Debian 13,,
q00004,Can computers in Block A run Blender?,software_compatibility_check,Block A,,Blender,
q00005,Check MATLAB compatibility for Programming Lab.,software_compatibility_check,Programming Lab,,MATLAB,
q00006,Best operating system for Block C?,os_recommendation,Block C,Linux Mint 22,,
q00007,Best operating system for Programming Lab?,os_recommendation,Programming Lab,Debian 13,,
q00008,Plan upgrades for Programming Lab to run Windows 11.,upgrade_planning,Programming Lab,Windows 11,Visual Studio Code,Storage
q00009,Check PyCharm compatibility for AI Lab.,software_compatibility_check,AI Lab,,PyCharm,
q00010,Which PCs in Lab 2 have 8 GB RAM?,hardware_query,Lab 2,,,
q00011,Which systems support PyCharm in AI Lab?,software_compatibility_check,AI Lab,,PyCharm,
q00012,Show hardware details for Block C.,hardware_query,Block C,,,
q00013,What upgrades are required in Network Lab?,upgrade_planning,Network Lab,Fedora 42,Android Studio,Secure Boot
q00014,Is VMware Workstation supported in Block C?,software_compatibility_check,Block C,,VMware Workstation,
q00015,Find systems needing TPM.,upgrade_planning,Block C,Windows 10,AutoCAD,TPM
q00016,Check AutoCAD 2026 compatibility for Lab 1.,software_compatibility_check,Lab 1,,AutoCAD,
q00017,What applications are compatible with Block B computers?,reverse_software_lookup,Block B,,Blender,
q00018,Which computers need TPM for VS Code?,upgrade_planning,Network Lab,Linux Mint 22,Visual Studio Code,TPM
q00019,List computers with SSD in Library.,hardware_query,Library,,,
q00020,Plan upgrades for Network Lab to run Windows 11.,upgrade_planning,Network Lab,Windows 11,MATLAB,Secure Boot
q00021,Best operating system for Library?,os_recommendation,Library,Fedora 42,,
q00022,List machines in Lab 1 that meet Fedora 42 requirements.,os_compatibility_check,Lab 1,Fedora 42,,
q00023,Check MATLAB compatibility for Block B.,software_compatibility_check,Block B,,MATLAB,
q00024,Which PCs in Programming Lab have 8 GB RAM?,hardware_query,Programming Lab,,,
q00025,List software supported by PCs in Network Lab.,reverse_software_lookup,Network Lab,,AutoCAD,
q00026,List machines in AI Lab that meet Fedora 42 requirements.,os_compatibility_check,AI Lab,Fedora 42,,
q00027,List software supported by PCs in AI Lab.,reverse_software_lookup,AI Lab,,VMware Workstation,
q00028,Which operating system is most suitable for Library?,os_recommendation,Library,Debian 13,,
q00029,Recommend the best OS for Lab 1.,os_recommendation,Lab 1,Ubuntu 24.04,,
q00030,Is Blender supported in Block C?,software_compatibility_check,Block C,,Blender,
q00031,Find systems needing RAM upgrade.,upgrade_planning,Lab 1,Ubuntu 24.04,VMware Workstation,RAM upgrade
q00032,Recommend the best OS for Lab 2.,os_recommendation,Lab 2,Windows 10,,
q00033,Which systems support AutoCAD 2026 in Block C?,software_compatibility_check,Block C,,AutoCAD,
q00034,List software supported by PCs in Block C.,reverse_software_lookup,Block C,,MATLAB,
q00035,What upgrades are required in Block C?,upgrade_planning,Block C,Debian 13,Visual Studio Code,Storage
q00036,Show hardware details for AI Lab.,hardware_query,AI Lab,,,
q00037,Recommend the best OS for AI Lab.,os_recommendation,AI Lab,Debian 13,,
q00038,Show hardware details for Network Lab.,hardware_query,Network Lab,,,
q00039,Which computers need RAM upgrade for VMware Workstation?,upgrade_planning,Network Lab,Windows 11,VMware Workstation,RAM upgrade
q00040,Show hardware details for Lab 1.,hardware_query,Lab 1,,,
q00041,Recommend the best OS for Block C.,os_recommendation,Block C,Debian 13,,
q00042,Can computers in Block A run Blender?,software_compatibility_check,Block A,,Blender,
q00043,What upgrades are required in Library?,upgrade_planning,Library,Fedora 42,Android Studio,CPU
q00044,Which systems support VS Code in Network Lab?,software_compatibility_check,Network Lab,,Visual Studio Code,
q00045,Which computers in Programming Lab can run Linux Mint 22?,os_compatibility_check,Programming Lab,Linux Mint 22,,
q00046,Can computers in Library run VMware Workstation?,software_compatibility_check,Library,,VMware Workstation,
q00047,List computers with SSD in Block A.,hardware_query,Block A,,,
q00048,Find systems needing CPU.,upgrade_planning,Block C,Linux Mint 22,Visual Studio Code,CPU
q00049,Suggest an OS for computers in Block B.,os_recommendation,Block B,Debian 13,,
q00050,Find software that runs on Block B.,reverse_software_lookup,Block B,,AutoCAD,
q00051,Which operating system is most suitable for Lab 1?,os_recommendation,Lab 1,Fedora 42,,
q00052,Which systems support VMware Workstation in Lab 1?,software_compatibility_check,Lab 1,,VMware Workstation,
q00053,Which systems support VS Code in AI Lab?,software_compatibility_check,AI Lab,,Visual Studio Code,
q00054,Show hardware details for Programming Lab.,hardware_query,Programming Lab,,,
q00055,Find systems needing GPU.,upgrade_planning,Block B,Windows 11,PyCharm,GPU
q00056,Plan upgrades for Library to run Linux Mint 22.,upgrade_planning,Library,Linux Mint 22,Visual Studio Code,Storage
q00057,Best operating system for Block B?,os_recommendation,Block B,Debian 13,,
q00058,Is VMware Workstation supported in AI Lab?,software_compatibility_check,AI Lab,,VMware Workstation,
q00059,Can computers in Block C run VMware Workstation?,software_compatibility_check,Block C,,VMware Workstation,
q00060,List software supported by PCs in Network Lab.,reverse_software_lookup,Network Lab,,MATLAB,
q00061,Plan upgrades for AI Lab to run Windows 10.,upgrade_planning,AI Lab,Windows 10,AutoCAD,GPU
q00062,Display CPU details for Programming Lab.,hardware_query,Programming Lab,,,
q00063,Find systems needing GPU.,upgrade_planning,Block C,Linux Mint 22,Blender,GPU
q00064,Suggest an OS for computers in Lab 2.,os_recommendation,Lab 2,Debian 13,,
q00065,List computers with SSD in Lab 1.,hardware_query,Lab 1,,,
q00066,What applications are compatible with Lab 2 computers?,reverse_software_lookup,Lab 2,,Android Studio,
q00067,What upgrades are required in Library?,upgrade_planning,Library,Windows 10,Blender,CPU
q00068,Suggest an OS for computers in Lab 1.,os_recommendation,Lab 1,Ubuntu 24.04,,
q00069,List machines in Programming Lab that meet Windows 11 requirements.,os_compatibility_check,Programming Lab,Windows 11,,
q00070,Suggest an OS for computers in Block A.,os_recommendation,Block A,Debian 13,,
q00071,Suggest an OS for computers in Block A.,os_recommendation,Block A,Windows 10,,
q00072,List software supported by PCs in Block A.,reverse_software_lookup,Block A,,Blender,
q00073,Which systems support PyCharm in Library?,software_compatibility_check,Library,,PyCharm,
q00074,Find systems needing Storage.,upgrade_planning,Network Lab,Linux Mint 22,Visual Studio Code,Storage
q00075,Is AutoCAD 2026 supported in Network Lab?,software_compatibility_check,Network Lab,,AutoCAD,
q00076,Show PCs in Block A incompatible with Fedora 42.,os_compatibility_check,Block A,Fedora 42,,
q00077,Recommend the best OS for Library.,os_recommendation,Library,Windows 11,,
q00078,What applications are compatible with AI Lab computers?,reverse_software_lookup,AI Lab,,MATLAB,
q00079,Which software can run on computers in Library?,reverse_software_lookup,Library,,Visual Studio Code,
q00080,Best operating system for Lab 1?,os_recommendation,Lab 1,Debian 13,,
q00081,What upgrades are required in Programming Lab?,upgrade_planning,Programming Lab,Fedora 42,Blender,TPM
q00082,Best operating system for Lab 2?,os_recommendation,Lab 2,Linux Mint 22,,
q00083,Show PCs in AI Lab incompatible with Debian 13.,os_compatibility_check,AI Lab,Debian 13,,
q00084,What upgrades are required in Lab 1?,upgrade_planning,Lab 1,Windows 11,Oracle Database,RAM upgrade
q00085,Find software that runs on Block A.,reverse_software_lookup,Block A,,Android Studio,
q00086,Best operating system for Block A?,os_recommendation,Block A,Fedora 42,,
q00087,Suggest an OS for computers in Library.,os_recommendation,Library,Fedora 42,,
q00088,Which software can run on computers in AI Lab?,reverse_software_lookup,AI Lab,,Oracle Database,
q00089,List machines in Block C that meet Ubuntu 24.04 requirements.,os_compatibility_check,Block C,Ubuntu 24.04,,
q00090,List computers with SSD in Block B.,hardware_query,Block B,,,
q00091,Recommend the best OS for Programming Lab.,os_recommendation,Programming Lab,Windows 11,,
q00092,List machines in AI Lab that meet Fedora 42 requirements.,os_compatibility_check,AI Lab,Fedora 42,,
q00093,Which PCs in AI Lab have 8 GB RAM?,hardware_query,AI Lab,,,
q00094,Recommend the best OS for Block B.,os_recommendation,Block B,Windows 10,,
q00095,Which computers need Storage for Oracle Database?,upgrade_planning,AI Lab,Windows 10,Oracle Database,Storage
q00096,Which computers need TPM for Android Studio?,upgrade_planning,Programming Lab,Windows 10,Android Studio,TPM
q00097,Suggest an OS for computers in Library.,os_recommendation,Library,Windows 10,,
q00098,Which systems support MATLAB in Block A?,software_compatibility_check,Block A,,MATLAB,
q00099,Suggest an OS for computers in Block C.,os_recommendation,Block C,Debian 13,,
q00100,Can systems in Block A support Windows 10?,os_compatibility_check,Block A,Windows 10,,
q00101,List computers with SSD in Library.,hardware_query,Library,,,
q00102,Which computers need Storage for PyCharm?,upgrade_planning,Lab 1,Windows 10,PyCharm,Storage
q00103,Can systems in Programming Lab support Windows 11?,os_compatibility_check,Programming Lab,Windows 11,,
q00104,Which computers in Library can run Ubuntu 24.04?,os_compatibility_check,Library,Ubuntu 24.04,,
q00105,Find software that runs on AI Lab.,reverse_software_lookup,AI Lab,,Visual Studio Code,
q00106,Which software can run on computers in Network Lab?,reverse_software_lookup,Network Lab,,AutoCAD,
q00107,Best operating system for Block A?,os_recommendation,Block A,Windows 10,,
q00108,Check Blender compatibility for Lab 1.,software_compatibility_check,Lab 1,,Blender,
q00109,Display CPU details for Lab 1.,hardware_query,Lab 1,,,
q00110,Is Android Studio supported in Library?,software_compatibility_check,Library,,Android Studio,
q00111,What applications are compatible with Lab 2 computers?,reverse_software_lookup,Lab 2,,Oracle Database,
q00112,List software supported by PCs in Library.,reverse_software_lookup,Library,,Android Studio,
q00113,List software supported by PCs in Lab 1.,reverse_software_lookup,Lab 1,,PyCharm,
q00114,Which systems support Oracle Database in Block B?,software_compatibility_check,Block B,,Oracle Database,
q00115,List machines in Block B that meet Debian 13 requirements.,os_compatibility_check,Block B,Debian 13,,
q00116,What applications are compatible with Network Lab computers?,reverse_software_lookup,Network Lab,,MATLAB,
q00117,Best operating system for Network Lab?,os_recommendation,Network Lab,Fedora 42,,
q00118,Can computers in Network Lab run PyCharm?,software_compatibility_check,Network Lab,,PyCharm,
q00119,What upgrades are required in Lab 2?,upgrade_planning,Lab 2,Windows 10,Oracle Database,RAM upgrade
q00120,Can computers in Lab 1 run VS Code?,software_compatibility_check,Lab 1,,Visual Studio Code,
q00121,What upgrades are required in Lab 1?,upgrade_planning,Lab 1,Fedora 42,AutoCAD,Storage
q00122,Which PCs in Block C have 8 GB RAM?,hardware_query,Block C,,,
q00123,Recommend the best OS for Lab 2.,os_recommendation,Lab 2,Debian 13,,
q00124,Check VS Code compatibility for Block A.,software_compatibility_check,Block A,,Visual Studio Code,
q00125,Which PCs in Lab 1 have 8 GB RAM?,hardware_query,Lab 1,,,
q00126,Show hardware details for Block C.,hardware_query,Block C,,,
q00127,Can computers in Library run VS Code?,software_compatibility_check,Library,,Visual Studio Code,
q00128,Which computers need Secure Boot for VMware Workstation?,upgrade_planning,Network Lab,Windows 10,VMware Workstation,Secure Boot
q00129,Find systems needing CPU.,upgrade_planning,AI Lab,Fedora 42,VMware Workstation,CPU
q00130,Which operating system is most suitable for Block C?,os_recommendation,Block C,Debian 13,,
q00131,Which PCs in AI Lab have 8 GB RAM?,hardware_query,AI Lab,,,
q00132,Show PCs in Lab 2 incompatible with Ubuntu 24.04.,os_compatibility_check,Lab 2,Ubuntu 24.04,,
q00133,Which software can run on computers in Lab 1?,reverse_software_lookup,Lab 1,,Oracle Database,
q00134,Which systems support Blender in Library?,software_compatibility_check,Library,,Blender,
q00135,Which computers in Network Lab can run Fedora 42?,os_compatibility_check,Network Lab,Fedora 42,,
q00136,Display CPU details for Programming Lab.,hardware_query,Programming Lab,,,
q00137,Recommend the best OS for Block C.,os_recommendation,Block C,Fedora 42,,
q00138,Check Blender compatibility for Block C.,software_compatibility_check,Block C,,Blender,
q00139,Can systems in Lab 2 support Linux Mint 22?,os_compatibility_check,Lab 2,Linux Mint 22,,
q00140,Show hardware details for Lab 2.,hardware_query,Lab 2,,,
q00141,Find systems needing GPU.,upgrade_planning,Network Lab,Ubuntu 24.04,Blender,GPU
q00142,What upgrades are required in Lab 2?,upgrade_planning,Lab 2,Debian 13,Android Studio,Storage
q00143,Suggest an OS for computers in Lab 2.,os_recommendation,Lab 2,Windows 10,,
q00144,Which systems support AutoCAD 2026 in Network Lab?,software_compatibility_check,Network Lab,,AutoCAD,
q00145,Recommend the best OS for Programming Lab.,os_recommendation,Programming Lab,Ubuntu 24.04,,
q00146,Which PCs in Lab 1 have 8 GB RAM?,hardware_query,Lab 1,,,
q00147,Recommend the best OS for AI Lab.,os_recommendation,AI Lab,Windows 11,,
q00148,Which systems support MATLAB in Block A?,software_compatibility_check,Block A,,MATLAB,
q00149,What applications are compatible with Block C computers?,reverse_software_lookup,Block C,,PyCharm,
q00150,Which software can run on computers in Lab 1?,reverse_software_lookup,Lab 1,,AutoCAD,
q00151,Find systems needing RAM upgrade.,upgrade_planning,AI Lab,Ubuntu 24.04,Visual Studio Code,RAM upgrade
q00152,Can systems in Lab 1 support Windows 10?,os_compatibility_check,Lab 1,Windows 10,,
q00153,Check MATLAB compatibility for Block C.,software_compatibility_check,Block C,,MATLAB,
q00154,Plan upgrades for Block B to run Fedora 42.,upgrade_planning,Block B,Fedora 42,MATLAB,Secure Boot
q00155,Suggest an OS for computers in Network Lab.,os_recommendation,Network Lab,Debian 13,,
q00156,Which computers in Block C can run Linux Mint 22?,os_compatibility_check,Block C,Linux Mint 22,,
q00157,List computers with SSD in Block B.,hardware_query,Block B,,,
q00158,List computers with SSD in Lab 1.,hardware_query,Lab 1,,,
q00159,Which computers need GPU for MATLAB?,upgrade_planning,Block A,Windows 10,MATLAB,GPU
q00160,Suggest an OS for computers in Block B.,os_recommendation,Block B,Windows 11,,
q00161,Check PyCharm compatibility for Lab 1.,software_compatibility_check,Lab 1,,PyCharm,
q00162,Which systems support VS Code in Library?,software_compatibility_check,Library,,Visual Studio Code,
q00163,Display CPU details for Programming Lab.,hardware_query,Programming Lab,,,
q00164,Plan upgrades for Lab 2 to run Fedora 42.,upgrade_planning,Lab 2,Fedora 42,Oracle Database,Secure Boot
q00165,Which computers need Secure Boot for AutoCAD 2026?,upgrade_planning,Network Lab,Linux Mint 22,AutoCAD,Secure Boot
q00166,Recommend the best OS for AI Lab.,os_recommendation,AI Lab,Windows 10,,
q00167,List machines in Block C that meet Linux Mint 22 requirements.,os_compatibility_check,Block C,Linux Mint 22,,
q00168,Can computers in Block B run PyCharm?,software_compatibility_check,Block B,,PyCharm,
q00169,Show PCs in AI Lab incompatible with Windows 11.,os_compatibility_check,AI Lab,Windows 11,,
q00170,Show PCs in Programming Lab incompatible with Windows 10.,os_compatibility_check,Programming Lab,Windows 10,,
q00171,Recommend the best OS for Block A.,os_recommendation,Block A,Windows 10,,
q00172,What applications are compatible with Block A computers?,reverse_software_lookup,Block A,,MATLAB,
q00173,Check Oracle Database compatibility for Block B.,software_compatibility_check,Block B,,Oracle Database,
q00174,Show hardware details for Library.,hardware_query,Library,,,
q00175,Which systems support AutoCAD 2026 in Network Lab?,software_compatibility_check,Network Lab,,AutoCAD,
q00176,What applications are compatible with Network Lab computers?,reverse_software_lookup,Network Lab,,MATLAB,
q00177,Display CPU details for Programming Lab.,hardware_query,Programming Lab,,,
q00178,What applications are compatible with AI Lab computers?,reverse_software_lookup,AI Lab,,Android Studio,
q00179,Which software can run on computers in Block B?,reverse_software_lookup,Block B,,MATLAB,
q00180,List software supported by PCs in Library.,reverse_software_lookup,Library,,VMware Workstation,
q00181,List computers with SSD in Lab 2.,hardware_query,Lab 2,,,
q00182,List machines in Block B that meet Linux Mint 22 requirements.,os_compatibility_check,Block B,Linux Mint 22,,
q00183,Find software that runs on Network Lab.,reverse_software_lookup,Network Lab,,Visual Studio Code,
q00184,Check PyCharm compatibility for Programming Lab.,software_compatibility_check,Programming Lab,,PyCharm,
q00185,Which PCs in Lab 2 have 8 GB RAM?,hardware_query,Lab 2,,,
q00186,List computers with SSD in Library.,hardware_query,Library,,,
q00187,Which PCs in AI Lab have 8 GB RAM?,hardware_query,AI Lab,,,
q00188,Which systems support Android Studio in Programming Lab?,software_compatibility_check,Programming Lab,,Android Studio,
q00189,Suggest an OS for computers in AI Lab.,os_recommendation,AI Lab,Linux Mint 22,,
q00190,Show hardware details for Lab 1.,hardware_query,Lab 1,,,
q00191,Check MATLAB compatibility for Lab 1.,software_compatibility_check,Lab 1,,MATLAB,
q00192,Can systems in Programming Lab support Debian 13?,os_compatibility_check,Programming Lab,Debian 13,,
q00193,Display CPU details for Block C.,hardware_query,Block C,,,
q00194,Which computers in AI Lab can run Windows 10?,os_compatibility_check,AI Lab,Windows 10,,
q00195,Plan upgrades for Block A to run Fedora 42.,upgrade_planning,Block A,Fedora 42,Blender,GPU
q00196,List software supported by PCs in Network Lab.,reverse_software_lookup,Network Lab,,AutoCAD,
q00197,Which computers in Block A can run Linux Mint 22?,os_compatibility_check,Block A,Linux Mint 22,,
q00198,Show PCs in Network Lab incompatible with Debian 13.,os_compatibility_check,Network Lab,Debian 13,,
q00199,Display CPU details for Lab 1.,hardware_query,Lab 1,,,
q00200,Can systems in Block A support Windows 10?,os_compatibility_check,Block A,Windows 10,,
q00201,List machines in Block A that meet Windows 10 requirements.,os_compatibility_check,Block A,Windows 10,,
q00202,Can computers in Lab 2 run VS Code?,software_compatibility_check,Lab 2,,Visual Studio Code,
q00203,Find software that runs on Block B.,reverse_software_lookup,Block B,,Oracle Database,
q00204,Which PCs in Block B have 8 GB RAM?,hardware_query,Block B,,,
q00205,Which computers in Network Lab can run Windows 11?,os_compatibility_check,Network Lab,Windows 11,,
q00206,Show hardware details for Library.,hardware_query,Library,,,
q00207,Can systems in AI Lab support Fedora 42?,os_compatibility_check,AI Lab,Fedora 42,,
q00208,Which computers need GPU for AutoCAD 2026?,upgrade_planning,Lab 2,Windows 10,AutoCAD,GPU
q00209,List computers with SSD in Lab 2.,hardware_query,Lab 2,,,
q00210,Which systems support VS Code in Lab 1?,software_compatibility_check,Lab 1,,Visual Studio Code,
q00211,Which operating system is most suitable for Block C?,os_recommendation,Block C,Windows 10,,
q00212,Plan upgrades for Lab 1 to run Fedora 42.,upgrade_planning,Lab 1,Fedora 42,Oracle Database,Secure Boot
q00213,Can computers in Block A run AutoCAD 2026?,software_compatibility_check,Block A,,AutoCAD,
q00214,Plan upgrades for Block A to run Debian 13.,upgrade_planning,Block A,Debian 13,VMware Workstation,TPM
q00215,Is Android Studio supported in Block A?,software_compatibility_check,Block A,,Android Studio,
q00216,Which software can run on computers in Programming Lab?,reverse_software_lookup,Programming Lab,,Blender,
q00217,Which software can run on computers in AI Lab?,reverse_software_lookup,AI Lab,,Android Studio,
q00218,List computers with SSD in Block C.,hardware_query,Block C,,,
q00219,Is VS Code supported in Block B?,software_compatibility_check,Block B,,Visual Studio Code,
q00220,Show hardware details for Library.,hardware_query,Library,,,
q00221,Show PCs in Lab 2 incompatible with Windows 11.,os_compatibility_check,Lab 2,Windows 11,,
q00222,Display CPU details for Lab 2.,hardware_query,Lab 2,,,
q00223,Suggest an OS for computers in Block B.,os_recommendation,Block B,Linux Mint 22,,
q00224,Can computers in Network Lab run Blender?,software_compatibility_check,Network Lab,,Blender,
q00225,What applications are compatible with Lab 1 computers?,reverse_software_lookup,Lab 1,,Oracle Database,
q00226,Which software can run on computers in AI Lab?,reverse_software_lookup,AI Lab,,VMware Workstation,
q00227,Show PCs in Lab 1 incompatible with Fedora 42.,os_compatibility_check,Lab 1,Fedora 42,,
q00228,Which operating system is most suitable for Lab 2?,os_recommendation,Lab 2,Fedora 42,,
q00229,List software supported by PCs in AI Lab.,reverse_software_lookup,AI Lab,,Blender,
q00230,Check VS Code compatibility for AI Lab.,software_compatibility_check,AI Lab,,Visual Studio Code,
q00231,Can computers in Lab 2 run PyCharm?,software_compatibility_check,Lab 2,,PyCharm,
q00232,Check Android Studio compatibility for Programming Lab.,software_compatibility_check,Programming Lab,,Android Studio,
q00233,What applications are compatible with Block C computers?,reverse_software_lookup,Block C,,VMware Workstation,
q00234,List software supported by PCs in Block B.,reverse_software_lookup,Block B,,Oracle Database,
q00235,Which operating system is most suitable for Network Lab?,os_recommendation,Network Lab,Linux Mint 22,,
q00236,What applications are compatible with Block A computers?,reverse_software_lookup,Block A,,VMware Workstation,
q00237,Best operating system for Lab 1?,os_recommendation,Lab 1,Fedora 42,,
q00238,Recommend the best OS for Block C.,os_recommendation,Block C,Linux Mint 22,,
q00239,List computers with SSD in Block C.,hardware_query,Block C,,,
q00240,List machines in AI Lab that meet Windows 11 requirements.,os_compatibility_check,AI Lab,Windows 11,,
q00241,List software supported by PCs in Block B.,reverse_software_lookup,Block B,,PyCharm,
q00242,Which systems support Oracle Database in Library?,software_compatibility_check,Library,,Oracle Database,
q00243,Check AutoCAD 2026 compatibility for AI Lab.,software_compatibility_check,AI Lab,,AutoCAD,
q00244,List computers with SSD in Network Lab.,hardware_query,Network Lab,,,
q00245,Show PCs in Network Lab incompatible with Fedora 42.,os_compatibility_check,Network Lab,Fedora 42,,
q00246,What applications are compatible with Programming Lab computers?,reverse_software_lookup,Programming Lab,,MATLAB,
q00247,List software supported by PCs in Block A.,reverse_software_lookup,Block A,,Visual Studio Code,
q00248,Can systems in Network Lab support Windows 11?,os_compatibility_check,Network Lab,Windows 11,,
q00249,Can computers in Network Lab run AutoCAD 2026?,software_compatibility_check,Network Lab,,AutoCAD,
q00250,Can systems in Network Lab support Debian 13?,os_compatibility_check,Network Lab,Debian 13,,
q00251,Check Oracle Database compatibility for AI Lab.,software_compatibility_check,AI Lab,,Oracle Database,
q00252,What upgrades are required in Library?,upgrade_planning,Library,Ubuntu 24.04,Oracle Database,Secure Boot
q00253,Recommend the best OS for Block C.,os_recommendation,Block C,Ubuntu 24.04,,
q00254,Which systems support AutoCAD 2026 in Block A?,software_compatibility_check,Block A,,AutoCAD,
q00255,Which operating system is most suitable for Lab 1?,os_recommendation,Lab 1,Windows 10,,
q00256,Can systems in Block C support Fedora 42?,os_compatibility_check,Block C,Fedora 42,,
q00257,Recommend the best OS for Block B.,os_recommendation,Block B,Ubuntu 24.04,,
q00258,Which PCs in Lab 2 have 8 GB RAM?,hardware_query,Lab 2,,,
q00259,Show PCs in Lab 1 incompatible with Fedora 42.,os_compatibility_check,Lab 1,Fedora 42,,
q00260,Which PCs in Lab 1 have 8 GB RAM?,hardware_query,Lab 1,,,
q00261,Is VS Code supported in Block C?,software_compatibility_check,Block C,,Visual Studio Code,
q00262,Is Blender supported in Lab 2?,software_compatibility_check,Lab 2,,Blender,
q00263,Find software that runs on Library.,reverse_software_lookup,Library,,Android Studio,
q00264,Which computers need RAM upgrade for MATLAB?,upgrade_planning,Library,Debian 13,MATLAB,RAM upgrade
q00265,Suggest an OS for computers in Programming Lab.,os_recommendation,Programming Lab,Windows 10,,
q00266,List software supported by PCs in Programming Lab.,reverse_software_lookup,Programming Lab,,Visual Studio Code,
q00267,Show PCs in Lab 1 incompatible with Windows 10.,os_compatibility_check,Lab 1,Windows 10,,
q00268,Best operating system for Block B?,os_recommendation,Block B,Linux Mint 22,,
q00269,What upgrades are required in Network Lab?,upgrade_planning,Network Lab,Windows 10,MATLAB,Secure Boot
q00270,Suggest an OS for computers in Lab 1.,os_recommendation,Lab 1,Linux Mint 22,,
q00271,Best operating system for AI Lab?,os_recommendation,AI Lab,Windows 10,,
q00272,Suggest an OS for computers in Block C.,os_recommendation,Block C,Windows 10,,
q00273,Find software that runs on Lab 2.,reverse_software_lookup,Lab 2,,Blender,
q00274,Display CPU details for Lab 1.,hardware_query,Lab 1,,,
q00275,Which PCs in Library have 8 GB RAM?,hardware_query,Library,,,
q00276,List software supported by PCs in Block A.,reverse_software_lookup,Block A,,MATLAB,
q00277,Which computers need RAM upgrade for PyCharm?,upgrade_planning,Block C,Ubuntu 24.04,PyCharm,RAM upgrade
q00278,What upgrades are required in AI Lab?,upgrade_planning,AI Lab,Fedora 42,MATLAB,RAM upgrade
q00279,Find systems needing TPM.,upgrade_planning,Block C,Fedora 42,Oracle Database,TPM
q00280,Which computers need GPU for Android Studio?,upgrade_planning,Block A,Windows 10,Android Studio,GPU
q00281,List computers with SSD in Programming Lab.,hardware_query,Programming Lab,,,
q00282,Can computers in Block C run Blender?,software_compatibility_check,Block C,,Blender,
q00283,Can systems in Lab 1 support Windows 10?,os_compatibility_check,Lab 1,Windows 10,,
q00284,Can computers in AI Lab run Blender?,software_compatibility_check,AI Lab,,Blender,
q00285,Which computers in Lab 2 can run Linux Mint 22?,os_compatibility_check,Lab 2,Linux Mint 22,,
q00286,Which computers in Lab 2 can run Fedora 42?,os_compatibility_check,Lab 2,Fedora 42,,
q00287,Plan upgrades for Lab 1 to run Windows 11.,upgrade_planning,Lab 1,Windows 11,Visual Studio Code,Storage
q00288,List machines in Lab 1 that meet Fedora 42 requirements.,os_compatibility_check,Lab 1,Fedora 42,,
q00289,Display CPU details for Block C.,hardware_query,Block C,,,
q00290,Find systems needing Storage.,upgrade_planning,AI Lab,Windows 10,Android Studio,Storage
q00291,Find systems needing Secure Boot.,upgrade_planning,Lab 1,Windows 11,VMware Workstation,Secure Boot
q00292,Show hardware details for Lab 1.,hardware_query,Lab 1,,,
q00293,List software supported by PCs in Programming Lab.,reverse_software_lookup,Programming Lab,,PyCharm,
q00294,Best operating system for Network Lab?,os_recommendation,Network Lab,Fedora 42,,
q00295,Which operating system is most suitable for Block C?,os_recommendation,Block C,Windows 10,,
q00296,Which computers in Block A can run Linux Mint 22?,os_compatibility_check,Block A,Linux Mint 22,,
q00297,List software supported by PCs in Library.,reverse_software_lookup,Library,,Visual Studio Code,
q00298,Plan upgrades for Library to run Fedora 42.,upgrade_planning,Library,Fedora 42,Oracle Database,RAM upgrade
q00299,Is VS Code supported in Block A?,software_compatibility_check,Block A,,Visual Studio Code,
q00300,Display CPU details for AI Lab.,hardware_query,AI Lab,,,
q00301,Show PCs in Block A incompatible with Linux Mint 22.,os_compatibility_check,Block A,Linux Mint 22,,
q00302,Which systems support Android Studio in Block C?,software_compatibility_check,Block C,,Android Studio,
q00303,List machines in Network Lab that meet Debian 13 requirements.,os_compatibility_check,Network Lab,Debian 13,,
q00304,List software supported by PCs in Network Lab.,reverse_software_lookup,Network Lab,,PyCharm,
q00305,Display CPU details for Network Lab.,hardware_query,Network Lab,,,
q00306,List computers with SSD in Lab 1.,hardware_query,Lab 1,,,
q00307,Can computers in Block B run VS Code?,software_compatibility_check,Block B,,Visual Studio Code,
q00308,Which computers in Programming Lab can run Linux Mint 22?,os_compatibility_check,Programming Lab,Linux Mint 22,,
q00309,Which software can run on computers in AI Lab?,reverse_software_lookup,AI Lab,,PyCharm,
q00310,Best operating system for Programming Lab?,os_recommendation,Programming Lab,Linux Mint 22,,
q00311,List computers with SSD in Library.,hardware_query,Library,,,
q00312,List machines in Lab 2 that meet Windows 11 requirements.,os_compatibility_check,Lab 2,Windows 11,,
q00313,Best operating system for Library?,os_recommendation,Library,Fedora 42,,
q00314,Can systems in Network Lab support Ubuntu 24.04?,os_compatibility_check,Network Lab,Ubuntu 24.04,,
q00315,Best operating system for Block B?,os_recommendation,Block B,Fedora 42,,
q00316,Can systems in Library support Windows 11?,os_compatibility_check,Library,Windows 11,,
q00317,Plan upgrades for Lab 2 to run Linux Mint 22.,upgrade_planning,Lab 2,Linux Mint 22,VMware Workstation,Secure Boot
q00318,What applications are compatible with Block C computers?,reverse_software_lookup,Block C,,PyCharm,
q00319,Is VMware Workstation supported in Library?,software_compatibility_check,Library,,VMware Workstation,
q00320,Suggest an OS for computers in Lab 2.,os_recommendation,Lab 2,Ubuntu 24.04,,
q00321,Best operating system for Block B?,os_recommendation,Block B,Linux Mint 22,,
q00322,List machines in Block C that meet Ubuntu 24.04 requirements.,os_compatibility_check,Block C,Ubuntu 24.04,,
q00323,Can computers in Block C run Blender?,software_compatibility_check,Block C,,Blender,
q00324,List software supported by PCs in Block B.,reverse_software_lookup,Block B,,Blender,
q00325,Find software that runs on Block A.,reverse_software_lookup,Block A,,PyCharm,
q00326,Plan upgrades for Block C to run Ubuntu 24.04.,upgrade_planning,Block C,Ubuntu 24.04,VMware Workstation,CPU
q00327,What upgrades are required in Block C?,upgrade_planning,Block C,Fedora 42,Blender,Secure Boot
q00328,Which systems support Oracle Database in Programming Lab?,software_compatibility_check,Programming Lab,,Oracle Database,
q00329,Which software can run on computers in Lab 1?,reverse_software_lookup,Lab 1,,Visual Studio Code,
q00330,Find systems needing TPM.,upgrade_planning,Library,Windows 10,Android Studio,TPM
q00331,Can computers in Block C run Oracle Database?,software_compatibility_check,Block C,,Oracle Database,
q00332,Check MATLAB compatibility for Library.,software_compatibility_check,Library,,MATLAB,
q00333,Best operating system for Lab 1?,os_recommendation,Lab 1,Fedora 42,,
q00334,Plan upgrades for Block C to run Linux Mint 22.,upgrade_planning,Block C,Linux Mint 22,Android Studio,Secure Boot
q00335,List machines in Programming Lab that meet Ubuntu 24.04 requirements.,os_compatibility_check,Programming Lab,Ubuntu 24.04,,
q00336,Which computers need Secure Boot for VMware Workstation?,upgrade_planning,Programming Lab,Windows 10,VMware Workstation,Secure Boot
q00337,Which operating system is most suitable for Block C?,os_recommendation,Block C,Fedora 42,,
q00338,Display CPU details for Network Lab.,hardware_query,Network Lab,,,
q00339,Find software that runs on Network Lab.,reverse_software_lookup,Network Lab,,PyCharm,
q00340,List software supported by PCs in Block B.,reverse_software_lookup,Block B,,AutoCAD,
q00341,Find systems needing GPU.,upgrade_planning,Library,Ubuntu 24.04,Blender,GPU
q00342,Can systems in Block B support Ubuntu 24.04?,os_compatibility_check,Block B,Ubuntu 24.04,,
q00343,Which software can run on computers in Block C?,reverse_software_lookup,Block C,,Oracle Database,
q00344,Which PCs in Block C have 8 GB RAM?,hardware_query,Block C,,,
q00345,Suggest an OS for computers in Block A.,os_recommendation,Block A,Windows 10,,
q00346,Can systems in Block B support Linux Mint 22?,os_compatibility_check,Block B,Linux Mint 22,,
q00347,Recommend the best OS for Library.,os_recommendation,Library,Fedora 42,,
q00348,Which systems support Blender in Block C?,software_compatibility_check,Block C,,Blender,
q00349,Which operating system is most suitable for Network Lab?,os_recommendation,Network Lab,Debian 13,,
q00350,Find software that runs on AI Lab.,reverse_software_lookup,AI Lab,,AutoCAD,
q00351,Which software can run on computers in Programming Lab?,reverse_software_lookup,Programming Lab,,Blender,
q00352,Find systems needing GPU.,upgrade_planning,Block B,Windows 10,AutoCAD,GPU
q00353,Show PCs in Block C incompatible with Windows 11.,os_compatibility_check,Block C,Windows 11,,
q00354,Best operating system for Block C?,os_recommendation,Block C,Debian 13,,
q00355,Recommend the best OS for Library.,os_recommendation,Library,Windows 11,,
q00356,Which systems support VMware Workstation in Block A?,software_compatibility_check,Block A,,VMware Workstation,
q00357,Check VS Code compatibility for Network Lab.,software_compatibility_check,Network Lab,,Visual Studio Code,
q00358,Which software can run on computers in Lab 2?,reverse_software_lookup,Lab 2,,Oracle Database,
q00359,Which PCs in Lab 1 have 8 GB RAM?,hardware_query,Lab 1,,,
q00360,Find systems needing Storage.,upgrade_planning,Lab 2,Fedora 42,MATLAB,Storage
q00361,Recommend the best OS for Lab 2.,os_recommendation,Lab 2,Debian 13,,
q00362,Which computers in AI Lab can run Fedora 42?,os_compatibility_check,AI Lab,Fedora 42,,
q00363,List machines in Block B that meet Ubuntu 24.04 requirements.,os_compatibility_check,Block B,Ubuntu 24.04,,
q00364,List machines in Lab 2 that meet Debian 13 requirements.,os_compatibility_check,Lab 2,Debian 13,,
q00365,Can computers in Programming Lab run MATLAB?,software_compatibility_check,Programming Lab,,MATLAB,
q00366,Is AutoCAD 2026 supported in Library?,software_compatibility_check,Library,,AutoCAD,
q00367,List machines in Block B that meet Ubuntu 24.04 requirements.,os_compatibility_check,Block B,Ubuntu 24.04,,
q00368,What applications are compatible with Block C computers?,reverse_software_lookup,Block C,,AutoCAD,
q00369,Recommend the best OS for Block B.,os_recommendation,Block B,Linux Mint 22,,
q00370,Display CPU details for Programming Lab.,hardware_query,Programming Lab,,,
q00371,List computers with SSD in Block C.,hardware_query,Block C,,,
q00372,Show PCs in Block A incompatible with Fedora 42.,os_compatibility_check,Block A,Fedora 42,,
q00373,Can systems in Library support Ubuntu 24.04?,os_compatibility_check,Library,Ubuntu 24.04,,
q00374,What upgrades are required in Lab 2?,upgrade_planning,Lab 2,Windows 10,PyCharm,TPM
q00375,Is Blender supported in Block B?,software_compatibility_check,Block B,,Blender,
q00376,Check MATLAB compatibility for Network Lab.,software_compatibility_check,Network Lab,,MATLAB,
q00377,Which computers need CPU for Oracle Database?,upgrade_planning,Block B,Windows 11,Oracle Database,CPU
q00378,Which computers need GPU for MATLAB?,upgrade_planning,AI Lab,Ubuntu 24.04,MATLAB,GPU
q00379,Which computers need GPU for Android Studio?,upgrade_planning,Block C,Ubuntu 24.04,Android Studio,GPU
q00380,Can systems in Network Lab support Windows 10?,os_compatibility_check,Network Lab,Windows 10,,
q00381,What upgrades are required in Library?,upgrade_planning,Library,Windows 11,VMware Workstation,TPM
q00382,Find systems needing TPM.,upgrade_planning,Block B,Windows 11,Blender,TPM
q00383,Show PCs in Block A incompatible with Linux Mint 22.,os_compatibility_check,Block A,Linux Mint 22,,
q00384,Which operating system is most suitable for Lab 2?,os_recommendation,Lab 2,Debian 13,,
q00385,Which computers in Library can run Windows 11?,os_compatibility_check,Library,Windows 11,,
q00386,Which systems support MATLAB in Network Lab?,software_compatibility_check,Network Lab,,MATLAB,
q00387,Can systems in AI Lab support Ubuntu 24.04?,os_compatibility_check,AI Lab,Ubuntu 24.04,,
q00388,Which software can run on computers in AI Lab?,reverse_software_lookup,AI Lab,,VMware Workstation,
q00389,Display CPU details for Network Lab.,hardware_query,Network Lab,,,
q00390,What applications are compatible with Lab 2 computers?,reverse_software_lookup,Lab 2,,VMware Workstation,
q00391,Which software can run on computers in AI Lab?,reverse_software_lookup,AI Lab,,VMware Workstation,
q00392,Can systems in Network Lab support Windows 11?,os_compatibility_check,Network Lab,Windows 11,,
q00393,Which computers need RAM upgrade for Blender?,upgrade_planning,Programming Lab,Windows 10,Blender,RAM upgrade
q00394,List computers with SSD in Block C.,hardware_query,Block C,,,
q00395,Is Blender supported in Lab 1?,software_compatibility_check,Lab 1,,Blender,
q00396,Show PCs in Programming Lab incompatible with Linux Mint 22.,os_compatibility_check,Programming Lab,Linux Mint 22,,
q00397,Which computers in Lab 2 can run Ubuntu 24.04?,os_compatibility_check,Lab 2,Ubuntu 24.04,,
q00398,Can computers in Library run Blender?,software_compatibility_check,Library,,Blender,
q00399,Find systems needing RAM upgrade.,upgrade_planning,Block A,Ubuntu 24.04,AutoCAD,RAM upgrade
q00400,Is Oracle Database supported in Lab 1?,software_compatibility_check,Lab 1,,Oracle Database,
q00401,List computers with SSD in Block A.,hardware_query,Block A,,,
q00402,Is Blender supported in Programming Lab?,software_compatibility_check,Programming Lab,,Blender,
q00403,Which computers need RAM upgrade for VMware Workstation?,upgrade_planning,Library,Windows 11,VMware Workstation,RAM upgrade
q00404,List computers with SSD in Block C.,hardware_query,Block C,,,
q00405,Find systems needing GPU.,upgrade_planning,Block A,Linux Mint 22,Blender,GPU
q00406,Which operating system is most suitable for Programming Lab?,os_recommendation,Programming Lab,Ubuntu 24.04,,
q00407,Plan upgrades for Block C to run Linux Mint 22.,upgrade_planning,Block C,Linux Mint 22,Android Studio,Storage
q00408,Which computers need TPM for MATLAB?,upgrade_planning,Programming Lab,Windows 11,MATLAB,TPM
q00409,Can systems in Library support Linux Mint 22?,os_compatibility_check,Library,Linux Mint 22,,
q00410,List computers with SSD in Lab 1.,hardware_query,Lab 1,,,
q00411,Can computers in Programming Lab run MATLAB?,software_compatibility_check,Programming Lab,,MATLAB,
q00412,Recommend the best OS for Block A.,os_recommendation,Block A,Windows 10,,
q00413,Plan upgrades for Network Lab to run Windows 11.,upgrade_planning,Network Lab,Windows 11,MATLAB,Storage
q00414,List software supported by PCs in Block A.,reverse_software_lookup,Block A,,AutoCAD,
q00415,Which computers need CPU for VS Code?,upgrade_planning,Block A,Ubuntu 24.04,Visual Studio Code,CPU
q00416,Show PCs in Programming Lab incompatible with Windows 10.,os_compatibility_check,Programming Lab,Windows 10,,
q00417,Find systems needing CPU.,upgrade_planning,Programming Lab,Debian 13,AutoCAD,CPU
q00418,Find systems needing CPU.,upgrade_planning,Block C,Windows 10,Blender,CPU
q00419,Can systems in Network Lab support Linux Mint 22?,os_compatibility_check,Network Lab,Linux Mint 22,,
q00420,Which systems support VS Code in Library?,software_compatibility_check,Library,,Visual Studio Code,
q00421,Can computers in Lab 2 run VMware Workstation?,software_compatibility_check,Lab 2,,VMware Workstation,
q00422,Is PyCharm supported in Block C?,software_compatibility_check,Block C,,PyCharm,
q00423,Show PCs in Lab 1 incompatible with Fedora 42.,os_compatibility_check,Lab 1,Fedora 42,,
q00424,Show PCs in Lab 2 incompatible with Windows 11.,os_compatibility_check,Lab 2,Windows 11,,
q00425,Can systems in Block A support Linux Mint 22?,os_compatibility_check,Block A,Linux Mint 22,,
q00426,Show hardware details for Block A.,hardware_query,Block A,,,
q00427,Which software can run on computers in Block B?,reverse_software_lookup,Block B,,Blender,
q00428,Find systems needing Secure Boot.,upgrade_planning,Programming Lab,Ubuntu 24.04,Android Studio,Secure Boot
q00429,Which operating system is most suitable for Library?,os_recommendation,Library,Fedora 42,,
q00430,Which computers need TPM for Android Studio?,upgrade_planning,Block A,Fedora 42,Android Studio,TPM
q00431,Recommend the best OS for Block A.,os_recommendation,Block A,Linux Mint 22,,
q00432,Which systems support VS Code in Network Lab?,software_compatibility_check,Network Lab,,Visual Studio Code,
q00433,What upgrades are required in Block A?,upgrade_planning,Block A,Linux Mint 22,PyCharm,Storage
q00434,Find software that runs on Lab 2.,reverse_software_lookup,Lab 2,,Blender,
q00435,Can systems in Lab 2 support Windows 10?,os_compatibility_check,Lab 2,Windows 10,,
q00436,List machines in Programming Lab that meet Debian 13 requirements.,os_compatibility_check,Programming Lab,Debian 13,,
q00437,Find software that runs on Lab 1.,reverse_software_lookup,Lab 1,,Visual Studio Code,
q00438,List computers with SSD in Programming Lab.,hardware_query,Programming Lab,,,
q00439,Which PCs in AI Lab have 8 GB RAM?,hardware_query,AI Lab,,,
q00440,Find software that runs on Network Lab.,reverse_software_lookup,Network Lab,,MATLAB,
q00441,Which PCs in AI Lab have 8 GB RAM?,hardware_query,AI Lab,,,
q00442,Which computers need TPM for AutoCAD 2026?,upgrade_planning,Network Lab,Linux Mint 22,AutoCAD,TPM
q00443,Find systems needing Secure Boot.,upgrade_planning,Network Lab,Linux Mint 22,Visual Studio Code,Secure Boot
q00444,Is VMware Workstation supported in Block B?,software_compatibility_check,Block B,,VMware Workstation,
q00445,Show hardware details for AI Lab.,hardware_query,AI Lab,,,
q00446,List software supported by PCs in AI Lab.,reverse_software_lookup,AI Lab,,Blender,
q00447,Can computers in AI Lab run PyCharm?,software_compatibility_check,AI Lab,,PyCharm,
q00448,Can computers in Block C run Oracle Database?,software_compatibility_check,Block C,,Oracle Database,
q00449,Which systems support VMware Workstation in Block A?,software_compatibility_check,Block A,,VMware Workstation,
q00450,Which computers need CPU for VMware Workstation?,upgrade_planning,Network Lab,Windows 10,VMware Workstation,CPU
q00451,Show PCs in Library incompatible with Ubuntu 24.04.,os_compatibility_check,Library,Ubuntu 24.04,,
q00452,Which computers in Lab 1 can run Debian 13?,os_compatibility_check,Lab 1,Debian 13,,
q00453,What applications are compatible with Lab 1 computers?,reverse_software_lookup,Lab 1,,AutoCAD,
q00454,Which software can run on computers in Library?,reverse_software_lookup,Library,,PyCharm,
q00455,Plan upgrades for Block C to run Ubuntu 24.04.,upgrade_planning,Block C,Ubuntu 24.04,PyCharm,Secure Boot
q00456,Find software that runs on Block C.,reverse_software_lookup,Block C,,Android Studio,
q00457,Check AutoCAD 2026 compatibility for Library.,software_compatibility_check,Library,,AutoCAD,
q00458,Plan upgrades for Library to run Debian 13.,upgrade_planning,Library,Debian 13,Blender,CPU
q00459,Which computers need Secure Boot for AutoCAD 2026?,upgrade_planning,Block C,Linux Mint 22,AutoCAD,Secure Boot
q00460,Best operating system for Block A?,os_recommendation,Block A,Windows 10,,
q00461,Show hardware details for Lab 2.,hardware_query,Lab 2,,,
q00462,Can computers in Block A run Blender?,software_compatibility_check,Block A,,Blender,
q00463,Display CPU details for Network Lab.,hardware_query,Network Lab,,,
q00464,Recommend the best OS for Lab 1.,os_recommendation,Lab 1,Windows 11,,
q00465,What upgrades are required in AI Lab?,upgrade_planning,AI Lab,Debian 13,MATLAB,Storage
q00466,Display CPU details for Library.,hardware_query,Library,,,
q00467,Recommend the best OS for Lab 1.,os_recommendation,Lab 1,Windows 10,,
q00468,Can computers in Lab 2 run VMware Workstation?,software_compatibility_check,Lab 2,,VMware Workstation,
q00469,Show PCs in Block A incompatible with Debian 13.,os_compatibility_check,Block A,Debian 13,,
q00470,Which computers need TPM for MATLAB?,upgrade_planning,AI Lab,Fedora 42,MATLAB,TPM
q00471,Which computers in Network Lab can run Fedora 42?,os_compatibility_check,Network Lab,Fedora 42,,
q00472,Suggest an OS for computers in Lab 2.,os_recommendation,Lab 2,Windows 11,,
q00473,Check Oracle Database compatibility for Block B.,software_compatibility_check,Block B,,Oracle Database,
q00474,Can systems in Lab 1 support Debian 13?,os_compatibility_check,Lab 1,Debian 13,,
q00475,Which computers in Programming Lab can run Ubuntu 24.04?,os_compatibility_check,Programming Lab,Ubuntu 24.04,,
q00476,Display CPU details for Block B.,hardware_query,Block B,,,
q00477,Find systems needing Secure Boot.,upgrade_planning,Block B,Windows 10,Android Studio,Secure Boot
q00478,Find software that runs on Network Lab.,reverse_software_lookup,Network Lab,,MATLAB,
q00479,What upgrades are required in Block B?,upgrade_planning,Block B,Windows 10,AutoCAD,CPU
q00480,Plan upgrades for Library to run Windows 10.,upgrade_planning,Library,Windows 10,MATLAB,Secure Boot
q00481,List machines in Lab 1 that meet Windows 10 requirements.,os_compatibility_check,Lab 1,Windows 10,,
q00482,Find systems needing CPU.,upgrade_planning,AI Lab,Ubuntu 24.04,Oracle Database,CPU
q00483,List computers with SSD in Library.,hardware_query,Library,,,
q00484,Find systems needing RAM upgrade.,upgrade_planning,Lab 1,Linux Mint 22,Android Studio,RAM upgrade
q00485,Suggest an OS for computers in Block A.,os_recommendation,Block A,Debian 13,,
q00486,Find software that runs on Block C.,reverse_software_lookup,Block C,,Blender,
q00487,List software supported by PCs in Programming Lab.,reverse_software_lookup,Programming Lab,,Visual Studio Code,
q00488,Plan upgrades for Lab 1 to run Linux Mint 22.,upgrade_planning,Lab 1,Linux Mint 22,Blender,Secure Boot
q00489,List machines in AI Lab that meet Windows 11 requirements.,os_compatibility_check,AI Lab,Windows 11,,
q00490,List computers with SSD in Block C.,hardware_query,Block C,,,
q00491,Find software that runs on Lab 1.,reverse_software_lookup,Lab 1,,Blender,
q00492,Check MATLAB compatibility for Block C.,software_compatibility_check,Block C,,MATLAB,
q00493,List computers with SSD in Lab 1.,hardware_query,Lab 1,,,
q00494,What upgrades are required in Network Lab?,upgrade_planning,Network Lab,Windows 10,Visual Studio Code,Secure Boot
q00495,Suggest an OS for computers in Programming Lab.,os_recommendation,Programming Lab,Linux Mint 22,,
q00496,List computers with SSD in Lab 1.,hardware_query,Lab 1,,,
q00497,Which computers need CPU for Oracle Database?,upgrade_planning,Library,Windows 10,Oracle Database,CPU
q00498,Display CPU details for Block A.,hardware_query,Block A,,,
q00499,List computers with SSD in Block B.,hardware_query,Block B,,,
q00500,Which software can run on computers in Programming Lab?,reverse_software_lookup,Programming Lab,,Android Studio,
q00501,Which computers in AI Lab can run Windows 11?,os_compatibility_check,AI Lab,Windows 11,,
q00502,Display CPU details for Block A.,hardware_query,Block A,,,
q00503,Recommend the best OS for Lab 1.,os_recommendation,Lab 1,Windows 11,,
q00504,Find software that runs on Lab 2.,reverse_software_lookup,Lab 2,,Blender,
q00505,What applications are compatible with Block A computers?,reverse_software_lookup,Block A,,Blender,
q00506,Which systems support Blender in Block C?,software_compatibility_check,Block C,,Blender,
q00507,What applications are compatible with AI Lab computers?,reverse_software_lookup,AI Lab,,Visual Studio Code,
q00508,Which computers in Block C can run Linux Mint 22?,os_compatibility_check,Block C,Linux Mint 22,,
q00509,Can computers in Lab 2 run PyCharm?,software_compatibility_check,Lab 2,,PyCharm,
q00510,Display CPU details for Programming Lab.,hardware_query,Programming Lab,,,
q00511,Which computers in Block C can run Ubuntu 24.04?,os_compatibility_check,Block C,Ubuntu 24.04,,
q00512,Which computers need Storage for PyCharm?,upgrade_planning,Block C,Fedora 42,PyCharm,Storage
q00513,Is VS Code supported in AI Lab?,software_compatibility_check,AI Lab,,Visual Studio Code,
q00514,Is MATLAB supported in Network Lab?,software_compatibility_check,Network Lab,,MATLAB,
q00515,What upgrades are required in Block A?,upgrade_planning,Block A,Linux Mint 22,Visual Studio Code,CPU
q00516,Recommend the best OS for Block C.,os_recommendation,Block C,Linux Mint 22,,
q00517,What applications are compatible with Lab 1 computers?,reverse_software_lookup,Lab 1,,Oracle Database,
q00518,Which operating system is most suitable for Lab 1?,os_recommendation,Lab 1,Debian 13,,
q00519,List computers with SSD in Library.,hardware_query,Library,,,
q00520,Which operating system is most suitable for Programming Lab?,os_recommendation,Programming Lab,Linux Mint 22,,
q00521,Which PCs in Block C have 8 GB RAM?,hardware_query,Block C,,,
q00522,Find software that runs on Library.,reverse_software_lookup,Library,,PyCharm,
q00523,Which computers in Network Lab can run Debian 13?,os_compatibility_check,Network Lab,Debian 13,,
q00524,Best operating system for Lab 1?,os_recommendation,Lab 1,Debian 13,,
q00525,Is Android Studio supported in Block A?,software_compatibility_check,Block A,,Android Studio,
q00526,Find software that runs on AI Lab.,reverse_software_lookup,AI Lab,,Blender,
q00527,What upgrades are required in Network Lab?,upgrade_planning,Network Lab,Windows 10,PyCharm,Storage
q00528,Which computers in Lab 1 can run Windows 10?,os_compatibility_check,Lab 1,Windows 10,,
q00529,Check Oracle Database compatibility for Programming Lab.,software_compatibility_check,Programming Lab,,Oracle Database,
q00530,Which systems support VMware Workstation in Library?,software_compatibility_check,Library,,VMware Workstation,
q00531,Which computers in AI Lab can run Windows 11?,os_compatibility_check,AI Lab,Windows 11,,
q00532,Best operating system for Library?,os_recommendation,Library,Fedora 42,,
q00533,List software supported by PCs in Library.,reverse_software_lookup,Library,,MATLAB,
q00534,Which systems support Blender in Lab 2?,software_compatibility_check,Lab 2,,Blender,
q00535,Can systems in AI Lab support Linux Mint 22?,os_compatibility_check,AI Lab,Linux Mint 22,,
q00536,Can systems in Block A support Linux Mint 22?,os_compatibility_check,Block A,Linux Mint 22,,
q00537,Which computers need RAM upgrade for Blender?,upgrade_planning,Library,Windows 11,Blender,RAM upgrade
q00538,Is VMware Workstation supported in Lab 2?,software_compatibility_check,Lab 2,,VMware Workstation,
q00539,Which systems support VMware Workstation in Block C?,software_compatibility_check,Block C,,VMware Workstation,
q00540,Can systems in Block B support Fedora 42?,os_compatibility_check,Block B,Fedora 42,,
q00541,Which PCs in Lab 1 have 8 GB RAM?,hardware_query,Lab 1,,,
q00542,List software supported by PCs in Block B.,reverse_software_lookup,Block B,,AutoCAD,
q00543,What applications are compatible with Block C computers?,reverse_software_lookup,Block C,,VMware Workstation,
q00544,Which computers need Secure Boot for VS Code?,upgrade_planning,Network Lab,Windows 10,Visual Studio Code,Secure Boot
q00545,Which software can run on computers in Lab 1?,reverse_software_lookup,Lab 1,,MATLAB,
q00546,Recommend the best OS for Block B.,os_recommendation,Block B,Debian 13,,
q00547,List computers with SSD in Lab 1.,hardware_query,Lab 1,,,
q00548,Which computers need RAM upgrade for Oracle Database?,upgrade_planning,Network Lab,Windows 10,Oracle Database,RAM upgrade
q00549,Display CPU details for Library.,hardware_query,Library,,,
q00550,Can computers in Lab 1 run VMware Workstation?,software_compatibility_check,Lab 1,,VMware Workstation,
q00551,Show hardware details for Block C.,hardware_query,Block C,,,
q00552,Which systems support AutoCAD 2026 in Block A?,software_compatibility_check,Block A,,AutoCAD,
q00553,Suggest an OS for computers in Library.,os_recommendation,Library,Ubuntu 24.04,,
q00554,Check Android Studio compatibility for AI Lab.,software_compatibility_check,AI Lab,,Android Studio,
q00555,Check Oracle Database compatibility for Block A.,software_compatibility_check,Block A,,Oracle Database,
q00556,What applications are compatible with Network Lab computers?,reverse_software_lookup,Network Lab,,Android Studio,
q00557,Display CPU details for Library.,hardware_query,Library,,,
q00558,Which PCs in Block A have 8 GB RAM?,hardware_query,Block A,,,
q00559,List computers with SSD in Lab 1.,hardware_query,Lab 1,,,
q00560,Can computers in AI Lab run MATLAB?,software_compatibility_check,AI Lab,,MATLAB,
q00561,Which computers need TPM for Android Studio?,upgrade_planning,Programming Lab,Debian 13,Android Studio,TPM
q00562,Display CPU details for Block B.,hardware_query,Block B,,,
q00563,Show hardware details for Block B.,hardware_query,Block B,,,
q00564,Which computers in Block C can run Fedora 42?,os_compatibility_check,Block C,Fedora 42,,
q00565,Which computers in AI Lab can run Ubuntu 24.04?,os_compatibility_check,AI Lab,Ubuntu 24.04,,
q00566,Display CPU details for Block C.,hardware_query,Block C,,,
q00567,Is VS Code supported in Lab 2?,software_compatibility_check,Lab 2,,Visual Studio Code,
q00568,Which computers need TPM for Android Studio?,upgrade_planning,Block C,Ubuntu 24.04,Android Studio,TPM
q00569,Which operating system is most suitable for Network Lab?,os_recommendation,Network Lab,Debian 13,,
q00570,Which software can run on computers in Block A?,reverse_software_lookup,Block A,,AutoCAD,
q00571,Plan upgrades for Programming Lab to run Fedora 42.,upgrade_planning,Programming Lab,Fedora 42,PyCharm,CPU
q00572,Which systems support Blender in Library?,software_compatibility_check,Library,,Blender,
q00573,Which systems support Android Studio in Block A?,software_compatibility_check,Block A,,Android Studio,
q00574,Which operating system is most suitable for AI Lab?,os_recommendation,AI Lab,Ubuntu 24.04,,
q00575,Find software that runs on AI Lab.,reverse_software_lookup,AI Lab,,VMware Workstation,
q00576,Which operating system is most suitable for Block B?,os_recommendation,Block B,Debian 13,,
q00577,Recommend the best OS for Block B.,os_recommendation,Block B,Fedora 42,,
q00578,Can computers in Lab 2 run Android Studio?,software_compatibility_check,Lab 2,,Android Studio,
q00579,Which operating system is most suitable for Lab 2?,os_recommendation,Lab 2,Linux Mint 22,,
q00580,Check PyCharm compatibility for Block B.,software_compatibility_check,Block B,,PyCharm,
q00581,Which PCs in AI Lab have 8 GB RAM?,hardware_query,AI Lab,,,
q00582,Recommend the best OS for Block B.,os_recommendation,Block B,Debian 13,,
q00583,Which systems support VS Code in Block A?,software_compatibility_check,Block A,,Visual Studio Code,
q00584,What applications are compatible with Library computers?,reverse_software_lookup,Library,,MATLAB,
q00585,Can systems in Lab 2 support Linux Mint 22?,os_compatibility_check,Lab 2,Linux Mint 22,,
q00586,Is PyCharm supported in Programming Lab?,software_compatibility_check,Programming Lab,,PyCharm,
q00587,Which PCs in Lab 2 have 8 GB RAM?,hardware_query,Lab 2,,,
q00588,Is VMware Workstation supported in Programming Lab?,software_compatibility_check,Programming Lab,,VMware Workstation,
q00589,What upgrades are required in Lab 1?,upgrade_planning,Lab 1,Fedora 42,AutoCAD,TPM
q00590,List computers with SSD in Block B.,hardware_query,Block B,,,
q00591,Show hardware details for Network Lab.,hardware_query,Network Lab,,,
q00592,Which computers need GPU for Blender?,upgrade_planning,Lab 2,Debian 13,Blender,GPU
q00593,Find software that runs on Block A.,reverse_software_lookup,Block A,,Android Studio,
q00594,Which computers in Block A can run Fedora 42?,os_compatibility_check,Block A,Fedora 42,,
q00595,List computers with SSD in Lab 2.,hardware_query,Lab 2,,,
q00596,Which PCs in Block A have 8 GB RAM?,hardware_query,Block A,,,
q00597,Best operating system for Block C?,os_recommendation,Block C,Debian 13,,
q00598,Which software can run on computers in AI Lab?,reverse_software_lookup,AI Lab,,AutoCAD,
q00599,Is VS Code supported in Block C?,software_compatibility_check,Block C,,Visual Studio Code,
q00600,List machines in Library that meet Windows 10 requirements.,os_compatibility_check,Library,Windows 10,,
q00601,Display CPU details for Block B.,hardware_query,Block B,,,
q00602,Show hardware details for Lab 2.,hardware_query,Lab 2,,,
q00603,Plan upgrades for Programming Lab to run Linux Mint 22.,upgrade_planning,Programming Lab,Linux Mint 22,Android Studio,RAM upgrade
q00604,Which software can run on computers in Programming Lab?,reverse_software_lookup,Programming Lab,,Oracle Database,
q00605,Suggest an OS for computers in Block B.,os_recommendation,Block B,Windows 10,,
q00606,Show PCs in Block B incompatible with Ubuntu 24.04.,os_compatibility_check,Block B,Ubuntu 24.04,,
q00607,Which software can run on computers in Programming Lab?,reverse_software_lookup,Programming Lab,,Visual Studio Code,
q00608,List machines in Block B that meet Fedora 42 requirements.,os_compatibility_check,Block B,Fedora 42,,
q00609,What applications are compatible with Lab 1 computers?,reverse_software_lookup,Lab 1,,AutoCAD,
q00610,Check Android Studio compatibility for Network Lab.,software_compatibility_check,Network Lab,,Android Studio,
q00611,Display CPU details for AI Lab.,hardware_query,AI Lab,,,
q00612,Can systems in Block A support Linux Mint 22?,os_compatibility_check,Block A,Linux Mint 22,,
q00613,Which operating system is most suitable for Lab 1?,os_recommendation,Lab 1,Windows 10,,
q00614,Display CPU details for Lab 1.,hardware_query,Lab 1,,,
q00615,Which operating system is most suitable for Network Lab?,os_recommendation,Network Lab,Windows 11,,
q00616,Is MATLAB supported in Block A?,software_compatibility_check,Block A,,MATLAB,
q00617,List software supported by PCs in Block B.,reverse_software_lookup,Block B,,VMware Workstation,
q00618,Check VS Code compatibility for Block C.,software_compatibility_check,Block C,,Visual Studio Code,
q00619,List computers with SSD in Library.,hardware_query,Library,,,
q00620,Display CPU details for Lab 2.,hardware_query,Lab 2,,,
q00621,Suggest an OS for computers in Lab 2.,os_recommendation,Lab 2,Windows 11,,
q00622,Can computers in Lab 2 run AutoCAD 2026?,software_compatibility_check,Lab 2,,AutoCAD,
q00623,List computers with SSD in Library.,hardware_query,Library,,,
q00624,Find software that runs on Block A.,reverse_software_lookup,Block A,,MATLAB,
q00625,List software supported by PCs in Lab 1.,reverse_software_lookup,Lab 1,,Android Studio,
q00626,Which computers in AI Lab can run Ubuntu 24.04?,os_compatibility_check,AI Lab,Ubuntu 24.04,,
q00627,List machines in Library that meet Fedora 42 requirements.,os_compatibility_check,Library,Fedora 42,,
q00628,List machines in Lab 1 that meet Debian 13 requirements.,os_compatibility_check,Lab 1,Debian 13,,
q00629,List software supported by PCs in Programming Lab.,reverse_software_lookup,Programming Lab,,Visual Studio Code,
q00630,Display CPU details for Library.,hardware_query,Library,,,
q00631,Find systems needing TPM.,upgrade_planning,Network Lab,Debian 13,PyCharm,TPM
q00632,Is AutoCAD 2026 supported in Network Lab?,software_compatibility_check,Network Lab,,AutoCAD,
q00633,Find software that runs on Network Lab.,reverse_software_lookup,Network Lab,,Oracle Database,
q00634,Best operating system for Block C?,os_recommendation,Block C,Windows 11,,
q00635,Which systems support AutoCAD 2026 in Block C?,software_compatibility_check,Block C,,AutoCAD,
q00636,Which operating system is most suitable for Library?,os_recommendation,Library,Linux Mint 22,,
q00637,Show PCs in Block A incompatible with Fedora 42.,os_compatibility_check,Block A,Fedora 42,,
q00638,Which computers in Lab 1 can run Linux Mint 22?,os_compatibility_check,Lab 1,Linux Mint 22,,
q00639,List computers with SSD in Programming Lab.,hardware_query,Programming Lab,,,
q00640,Which operating system is most suitable for Block C?,os_recommendation,Block C,Windows 10,,
q00641,Which software can run on computers in AI Lab?,reverse_software_lookup,AI Lab,,Blender,
q00642,Which operating system is most suitable for Block B?,os_recommendation,Block B,Linux Mint 22,,
q00643,Display CPU details for Library.,hardware_query,Library,,,
q00644,What applications are compatible with Lab 2 computers?,reverse_software_lookup,Lab 2,,Visual Studio Code,
q00645,Find software that runs on Block C.,reverse_software_lookup,Block C,,Blender,
q00646,Which PCs in Lab 2 have 8 GB RAM?,hardware_query,Lab 2,,,
q00647,What applications are compatible with Programming Lab computers?,reverse_software_lookup,Programming Lab,,Blender,
q00648,List software supported by PCs in Block C.,reverse_software_lookup,Block C,,VMware Workstation,
q00649,Which computers need Secure Boot for PyCharm?,upgrade_planning,Library,Windows 10,PyCharm,Secure Boot
q00650,List software supported by PCs in Library.,reverse_software_lookup,Library,,AutoCAD,
q00651,List software supported by PCs in Block A.,reverse_software_lookup,Block A,,VMware Workstation,
q00652,List computers with SSD in Block B.,hardware_query,Block B,,,
q00653,Which PCs in Block A have 8 GB RAM?,hardware_query,Block A,,,
q00654,Suggest an OS for computers in Library.,os_recommendation,Library,Windows 10,,
q00655,Show hardware details for Block C.,hardware_query,Block C,,,
q00656,Which computers need CPU for Oracle Database?,upgrade_planning,Library,Fedora 42,Oracle Database,CPU
q00657,Is VMware Workstation supported in Block B?,software_compatibility_check,Block B,,VMware Workstation,
q00658,Which computers in Lab 1 can run Windows 10?,os_compatibility_check,Lab 1,Windows 10,,
q00659,Find systems needing GPU.,upgrade_planning,Lab 2,Windows 10,Visual Studio Code,GPU
q00660,Can systems in AI Lab support Debian 13?,os_compatibility_check,AI Lab,Debian 13,,
q00661,Which operating system is most suitable for Block B?,os_recommendation,Block B,Windows 11,,
q00662,Can systems in Block A support Windows 11?,os_compatibility_check,Block A,Windows 11,,
q00663,Show PCs in Network Lab incompatible with Fedora 42.,os_compatibility_check,Network Lab,Fedora 42,,
q00664,Which software can run on computers in Block B?,reverse_software_lookup,Block B,,Android Studio,
q00665,Which operating system is most suitable for AI Lab?,os_recommendation,AI Lab,Ubuntu 24.04,,
q00666,List machines in Block A that meet Ubuntu 24.04 requirements.,os_compatibility_check,Block A,Ubuntu 24.04,,
q00667,Which systems support Oracle Database in Network Lab?,software_compatibility_check,Network Lab,,Oracle Database,
q00668,Display CPU details for Library.,hardware_query,Library,,,
q00669,Which computers in Lab 1 can run Fedora 42?,os_compatibility_check,Lab 1,Fedora 42,,
q00670,List software supported by PCs in Network Lab.,reverse_software_lookup,Network Lab,,PyCharm,
q00671,Which computers need Secure Boot for VS Code?,upgrade_planning,Block B,Debian 13,Visual Studio Code,Secure Boot
q00672,Show PCs in AI Lab incompatible with Debian 13.,os_compatibility_check,AI Lab,Debian 13,,
q00673,Which operating system is most suitable for Programming Lab?,os_recommendation,Programming Lab,Fedora 42,,
q00674,Show PCs in Lab 1 incompatible with Windows 11.,os_compatibility_check,Lab 1,Windows 11,,
q00675,Which computers in Block B can run Windows 10?,os_compatibility_check,Block B,Windows 10,,
q00676,Which software can run on computers in Lab 2?,reverse_software_lookup,Lab 2,,Visual Studio Code,
q00677,Check Android Studio compatibility for Network Lab.,software_compatibility_check,Network Lab,,Android Studio,
q00678,Which software can run on computers in Block A?,reverse_software_lookup,Block A,,Oracle Database,
q00679,Which software can run on computers in Lab 1?,reverse_software_lookup,Lab 1,,Oracle Database,
q00680,List machines in Block A that meet Windows 11 requirements.,os_compatibility_check,Block A,Windows 11,,
q00681,Which software can run on computers in AI Lab?,reverse_software_lookup,AI Lab,,Android Studio,
q00682,Which PCs in Block A have 8 GB RAM?,hardware_query,Block A,,,
q00683,Check AutoCAD 2026 compatibility for Lab 2.,software_compatibility_check,Lab 2,,AutoCAD,
q00684,Can systems in Programming Lab support Fedora 42?,os_compatibility_check,Programming Lab,Fedora 42,,
q00685,Display CPU details for Block B.,hardware_query,Block B,,,
q00686,Show hardware details for Network Lab.,hardware_query,Network Lab,,,
q00687,Find software that runs on Network Lab.,reverse_software_lookup,Network Lab,,PyCharm,
q00688,What applications are compatible with Lab 1 computers?,reverse_software_lookup,Lab 1,,AutoCAD,
q00689,Find systems needing GPU.,upgrade_planning,Block C,Windows 11,Visual Studio Code,GPU
q00690,What upgrades are required in Block C?,upgrade_planning,Block C,Debian 13,VMware Workstation,Secure Boot
q00691,Which computers in Lab 1 can run Fedora 42?,os_compatibility_check,Lab 1,Fedora 42,,
q00692,What upgrades are required in Network Lab?,upgrade_planning,Network Lab,Linux Mint 22,Visual Studio Code,RAM upgrade
q00693,Which systems support VMware Workstation in Block A?,software_compatibility_check,Block A,,VMware Workstation,
q00694,Find software that runs on Programming Lab.,reverse_software_lookup,Programming Lab,,Blender,
q00695,Suggest an OS for computers in Block A.,os_recommendation,Block A,Linux Mint 22,,
q00696,Can computers in Block B run MATLAB?,software_compatibility_check,Block B,,MATLAB,
q00697,Show PCs in Block C incompatible with Debian 13.,os_compatibility_check,Block C,Debian 13,,
q00698,Recommend the best OS for Library.,os_recommendation,Library,Linux Mint 22,,
q00699,Display CPU details for AI Lab.,hardware_query,AI Lab,,,
q00700,What upgrades are required in Lab 1?,upgrade_planning,Lab 1,Fedora 42,Oracle Database,Secure Boot
q00701,Which systems support MATLAB in Library?,software_compatibility_check,Library,,MATLAB,
q00702,Display CPU details for Block C.,hardware_query,Block C,,,
q00703,Check VMware Workstation compatibility for Programming Lab.,software_compatibility_check,Programming Lab,,VMware Workstation,
q00704,List software supported by PCs in Lab 2.,reverse_software_lookup,Lab 2,,PyCharm,
q00705,Can computers in Library run VS Code?,software_compatibility_check,Library,,Visual Studio Code,
q00706,List machines in Lab 1 that meet Fedora 42 requirements.,os_compatibility_check,Lab 1,Fedora 42,,
q00707,Suggest an OS for computers in Programming Lab.,os_recommendation,Programming Lab,Windows 10,,
q00708,List computers with SSD in Block C.,hardware_query,Block C,,,
q00709,List computers with SSD in Block A.,hardware_query,Block A,,,
q00710,Best operating system for AI Lab?,os_recommendation,AI Lab,Debian 13,,
q00711,Which computers in Network Lab can run Fedora 42?,os_compatibility_check,Network Lab,Fedora 42,,
q00712,What applications are compatible with Network Lab computers?,reverse_software_lookup,Network Lab,,Visual Studio Code,
q00713,What upgrades are required in Lab 2?,upgrade_planning,Lab 2,Ubuntu 24.04,MATLAB,TPM
q00714,Which computers in Block A can run Fedora 42?,os_compatibility_check,Block A,Fedora 42,,
q00715,Which operating system is most suitable for Block A?,os_recommendation,Block A,Ubuntu 24.04,,
q00716,Show PCs in Block B incompatible with Ubuntu 24.04.,os_compatibility_check,Block B,Ubuntu 24.04,,
q00717,List software supported by PCs in AI Lab.,reverse_software_lookup,AI Lab,,Visual Studio Code,
q00718,List computers with SSD in Library.,hardware_query,Library,,,
q00719,Which computers need Storage for MATLAB?,upgrade_planning,Network Lab,Ubuntu 24.04,MATLAB,Storage
q00720,Which PCs in Block B have 8 GB RAM?,hardware_query,Block B,,,
q00721,Can systems in Block B support Windows 11?,os_compatibility_check,Block B,Windows 11,,
q00722,Which software can run on computers in Block A?,reverse_software_lookup,Block A,,MATLAB,
q00723,Plan upgrades for Lab 1 to run Windows 10.,upgrade_planning,Lab 1,Windows 10,MATLAB,Storage
q00724,List software supported by PCs in Lab 2.,reverse_software_lookup,Lab 2,,Visual Studio Code,
q00725,Display CPU details for Programming Lab.,hardware_query,Programming Lab,,,
q00726,Best operating system for Lab 2?,os_recommendation,Lab 2,Fedora 42,,
q00727,Display CPU details for Library.,hardware_query,Library,,,
q00728,List software supported by PCs in Network Lab.,reverse_software_lookup,Network Lab,,VMware Workstation,
q00729,Suggest an OS for computers in Lab 2.,os_recommendation,Lab 2,Ubuntu 24.04,,
q00730,Suggest an OS for computers in Block A.,os_recommendation,Block A,Windows 10,,
q00731,Which software can run on computers in Lab 1?,reverse_software_lookup,Lab 1,,Visual Studio Code,
q00732,Plan upgrades for Block A to run Windows 10.,upgrade_planning,Block A,Windows 10,Oracle Database,Secure Boot
q00733,List machines in Block C that meet Fedora 42 requirements.,os_compatibility_check,Block C,Fedora 42,,
q00734,Which systems support PyCharm in Library?,software_compatibility_check,Library,,PyCharm,
q00735,Suggest an OS for computers in Block A.,os_recommendation,Block A,Windows 11,,
q00736,Which software can run on computers in Programming Lab?,reverse_software_lookup,Programming Lab,,Visual Studio Code,
q00737,Can systems in Block C support Windows 10?,os_compatibility_check,Block C,Windows 10,,
q00738,Suggest an OS for computers in Block A.,os_recommendation,Block A,Ubuntu 24.04,,
q00739,List software supported by PCs in Block B.,reverse_software_lookup,Block B,,Blender,
q00740,Plan upgrades for Network Lab to run Ubuntu 24.04.,upgrade_planning,Network Lab,Ubuntu 24.04,MATLAB,Storage
q00741,Suggest an OS for computers in Programming Lab.,os_recommendation,Programming Lab,Debian 13,,
q00742,Which computers need Storage for Android Studio?,upgrade_planning,Network Lab,Debian 13,Android Studio,Storage
q00743,Show hardware details for Block B.,hardware_query,Block B,,,
q00744,Find software that runs on Block C.,reverse_software_lookup,Block C,,Blender,
q00745,List machines in Lab 1 that meet Windows 11 requirements.,os_compatibility_check,Lab 1,Windows 11,,
q00746,Best operating system for Lab 1?,os_recommendation,Lab 1,Debian 13,,
q00747,Which software can run on computers in Block C?,reverse_software_lookup,Block C,,Visual Studio Code,
q00748,Find software that runs on Library.,reverse_software_lookup,Library,,PyCharm,
q00749,What upgrades are required in Block C?,upgrade_planning,Block C,Debian 13,PyCharm,TPM
q00750,Which computers in Block A can run Debian 13?,os_compatibility_check,Block A,Debian 13,,
q00751,Can computers in Programming Lab run VS Code?,software_compatibility_check,Programming Lab,,Visual Studio Code,
q00752,Which operating system is most suitable for Block B?,os_recommendation,Block B,Ubuntu 24.04,,
q00753,Check PyCharm compatibility for Block A.,software_compatibility_check,Block A,,PyCharm,
q00754,Which software can run on computers in Block C?,reverse_software_lookup,Block C,,MATLAB,
q00755,List machines in Block A that meet Ubuntu 24.04 requirements.,os_compatibility_check,Block A,Ubuntu 24.04,,
q00756,List software supported by PCs in Lab 1.,reverse_software_lookup,Lab 1,,Visual Studio Code,
q00757,Which software can run on computers in Library?,reverse_software_lookup,Library,,Oracle Database,
q00758,Find software that runs on Library.,reverse_software_lookup,Library,,Oracle Database,
q00759,Recommend the best OS for Lab 2.,os_recommendation,Lab 2,Linux Mint 22,,
q00760,List software supported by PCs in Network Lab.,reverse_software_lookup,Network Lab,,Oracle Database,
q00761,Which operating system is most suitable for Block B?,os_recommendation,Block B,Fedora 42,,
q00762,Display CPU details for Block A.,hardware_query,Block A,,,
q00763,Plan upgrades for Block C to run Linux Mint 22.,upgrade_planning,Block C,Linux Mint 22,MATLAB,GPU
q00764,Is Android Studio supported in Block A?,software_compatibility_check,Block A,,Android Studio,
q00765,Show hardware details for Block C.,hardware_query,Block C,,,
q00766,Show PCs in Network Lab incompatible with Ubuntu 24.04.,os_compatibility_check,Network Lab,Ubuntu 24.04,,
q00767,What upgrades are required in Network Lab?,upgrade_planning,Network Lab,Fedora 42,Android Studio,CPU
q00768,Show hardware details for Block C.,hardware_query,Block C,,,
q00769,What applications are compatible with Block A computers?,reverse_software_lookup,Block A,,AutoCAD,
q00770,Find software that runs on Network Lab.,reverse_software_lookup,Network Lab,,MATLAB,
q00771,Recommend the best OS for Block B.,os_recommendation,Block B,Windows 10,,
q00772,Is MATLAB supported in AI Lab?,software_compatibility_check,AI Lab,,MATLAB,
q00773,Check VMware Workstation compatibility for AI Lab.,software_compatibility_check,AI Lab,,VMware Workstation,
q00774,Can computers in Network Lab run MATLAB?,software_compatibility_check,Network Lab,,MATLAB,
q00775,Which computers in Programming Lab can run Windows 10?,os_compatibility_check,Programming Lab,Windows 10,,
q00776,Is VS Code supported in Block A?,software_compatibility_check,Block A,,Visual Studio Code,
q00777,Which systems support VS Code in Network Lab?,software_compatibility_check,Network Lab,,Visual Studio Code,
q00778,Plan upgrades for Programming Lab to run Windows 11.,upgrade_planning,Programming Lab,Windows 11,Android Studio,GPU
q00779,Check Oracle Database compatibility for Lab 2.,software_compatibility_check,Lab 2,,Oracle Database,
q00780,Which software can run on computers in Block B?,reverse_software_lookup,Block B,,Blender,
q00781,Which computers need Secure Boot for VMware Workstation?,upgrade_planning,Network Lab,Linux Mint 22,VMware Workstation,Secure Boot
q00782,List machines in AI Lab that meet Windows 11 requirements.,os_compatibility_check,AI Lab,Windows 11,,
q00783,Which operating system is most suitable for AI Lab?,os_recommendation,AI Lab,Debian 13,,
q00784,Which software can run on computers in Library?,reverse_software_lookup,Library,,AutoCAD,
q00785,Check AutoCAD 2026 compatibility for Lab 1.,software_compatibility_check,Lab 1,,AutoCAD,
q00786,Show hardware details for Block B.,hardware_query,Block B,,,
q00787,Plan upgrades for Block A to run Linux Mint 22.,upgrade_planning,Block A,Linux Mint 22,Visual Studio Code,RAM upgrade
q00788,Best operating system for Library?,os_recommendation,Library,Debian 13,,
q00789,Show hardware details for Programming Lab.,hardware_query,Programming Lab,,,
q00790,Which PCs in Block B have 8 GB RAM?,hardware_query,Block B,,,
q00791,Which operating system is most suitable for Block B?,os_recommendation,Block B,Fedora 42,,
q00792,Which PCs in Block B have 8 GB RAM?,hardware_query,Block B,,,
q00793,Find systems needing GPU.,upgrade_planning,Network Lab,Linux Mint 22,MATLAB,GPU
q00794,Which computers in Lab 2 can run Debian 13?,os_compatibility_check,Lab 2,Debian 13,,
q00795,Can computers in Lab 2 run Blender?,software_compatibility_check,Lab 2,,Blender,
q00796,List software supported by PCs in Block B.,reverse_software_lookup,Block B,,MATLAB,
q00797,Find systems needing GPU.,upgrade_planning,Programming Lab,Windows 11,Android Studio,GPU
q00798,Which systems support Blender in Programming Lab?,software_compatibility_check,Programming Lab,,Blender,
q00799,List machines in Network Lab that meet Debian 13 requirements.,os_compatibility_check,Network Lab,Debian 13,,
q00800,Best operating system for Network Lab?,os_recommendation,Network Lab,Ubuntu 24.04,,
q00801,Show hardware details for Lab 2.,hardware_query,Lab 2,,,
q00802,Show PCs in Lab 2 incompatible with Windows 11.,os_compatibility_check,Lab 2,Windows 11,,
q00803,Can computers in Lab 1 run VS Code?,software_compatibility_check,Lab 1,,Visual Studio Code,
q00804,Suggest an OS for computers in Block C.,os_recommendation,Block C,Ubuntu 24.04,,
q00805,What upgrades are required in Lab 1?,upgrade_planning,Lab 1,Ubuntu 24.04,Blender,TPM
q00806,Show hardware details for Block A.,hardware_query,Block A,,,
q00807,List software supported by PCs in Block A.,reverse_software_lookup,Block A,,Oracle Database,
q00808,What upgrades are required in Block B?,upgrade_planning,Block B,Windows 10,PyCharm,CPU
q00809,Plan upgrades for Lab 2 to run Debian 13.,upgrade_planning,Lab 2,Debian 13,MATLAB,RAM upgrade
q00810,Can computers in Library run PyCharm?,software_compatibility_check,Library,,PyCharm,
q00811,Show PCs in Block B incompatible with Windows 10.,os_compatibility_check,Block B,Windows 10,,
q00812,Show hardware details for Library.,hardware_query,Library,,,
q00813,Display CPU details for Lab 2.,hardware_query,Lab 2,,,
q00814,Find systems needing GPU.,upgrade_planning,Lab 2,Windows 10,Android Studio,GPU
q00815,What applications are compatible with AI Lab computers?,reverse_software_lookup,AI Lab,,MATLAB,
q00816,Which PCs in Lab 1 have 8 GB RAM?,hardware_query,Lab 1,,,
q00817,Which systems support Blender in AI Lab?,software_compatibility_check,AI Lab,,Blender,
q00818,Show PCs in Network Lab incompatible with Windows 10.,os_compatibility_check,Network Lab,Windows 10,,
q00819,Can systems in AI Lab support Windows 11?,os_compatibility_check,AI Lab,Windows 11,,
q00820,Is VMware Workstation supported in Block A?,software_compatibility_check,Block A,,VMware Workstation,
q00821,Suggest an OS for computers in Block C.,os_recommendation,Block C,Debian 13,,
q00822,Find software that runs on Block B.,reverse_software_lookup,Block B,,PyCharm,
q00823,Show hardware details for Block B.,hardware_query,Block B,,,
q00824,List computers with SSD in Block B.,hardware_query,Block B,,,
q00825,Which systems support AutoCAD 2026 in Network Lab?,software_compatibility_check,Network Lab,,AutoCAD,
q00826,Show hardware details for Lab 2.,hardware_query,Lab 2,,,
q00827,Find systems needing Storage.,upgrade_planning,Programming Lab,Windows 10,Oracle Database,Storage
q00828,Which systems support Blender in Block C?,software_compatibility_check,Block C,,Blender,
q00829,What applications are compatible with AI Lab computers?,reverse_software_lookup,AI Lab,,VMware Workstation,
q00830,List machines in Network Lab that meet Linux Mint 22 requirements.,os_compatibility_check,Network Lab,Linux Mint 22,,
q00831,List machines in Library that meet Windows 10 requirements.,os_compatibility_check,Library,Windows 10,,
q00832,Which operating system is most suitable for Block A?,os_recommendation,Block A,Debian 13,,
q00833,Which computers in Lab 2 can run Linux Mint 22?,os_compatibility_check,Lab 2,Linux Mint 22,,
q00834,Show hardware details for Lab 2.,hardware_query,Lab 2,,,
q00835,Which PCs in Lab 2 have 8 GB RAM?,hardware_query,Lab 2,,,
q00836,What upgrades are required in Block B?,upgrade_planning,Block B,Ubuntu 24.04,Android Studio,RAM upgrade
q00837,Find systems needing GPU.,upgrade_planning,Block B,Debian 13,Blender,GPU
q00838,Show PCs in Programming Lab incompatible with Debian 13.,os_compatibility_check,Programming Lab,Debian 13,,
q00839,Can computers in AI Lab run MATLAB?,software_compatibility_check,AI Lab,,MATLAB,
q00840,List computers with SSD in Block C.,hardware_query,Block C,,,
q00841,List software supported by PCs in Block C.,reverse_software_lookup,Block C,,VMware Workstation,
q00842,Best operating system for Lab 2?,os_recommendation,Lab 2,Linux Mint 22,,
q00843,Which software can run on computers in AI Lab?,reverse_software_lookup,AI Lab,,VMware Workstation,
q00844,Which operating system is most suitable for AI Lab?,os_recommendation,AI Lab,Ubuntu 24.04,,
q00845,Which operating system is most suitable for Block B?,os_recommendation,Block B,Fedora 42,,
q00846,Which software can run on computers in Block A?,reverse_software_lookup,Block A,,AutoCAD,
q00847,What upgrades are required in Network Lab?,upgrade_planning,Network Lab,Fedora 42,Android Studio,GPU
q00848,Find systems needing CPU.,upgrade_planning,Lab 1,Debian 13,PyCharm,CPU
q00849,Suggest an OS for computers in Lab 2.,os_recommendation,Lab 2,Windows 11,,
q00850,Find systems needing TPM.,upgrade_planning,Block A,Windows 11,VMware Workstation,TPM
q00851,Find software that runs on Block A.,reverse_software_lookup,Block A,,Oracle Database,
q00852,List machines in Block C that meet Fedora 42 requirements.,os_compatibility_check,Block C,Fedora 42,,
q00853,Find systems needing GPU.,upgrade_planning,Library,Windows 11,Android Studio,GPU
q00854,Find software that runs on Programming Lab.,reverse_software_lookup,Programming Lab,,Oracle Database,
q00855,List software supported by PCs in Lab 1.,reverse_software_lookup,Lab 1,,MATLAB,
q00856,Show hardware details for Block C.,hardware_query,Block C,,,
q00857,List computers with SSD in Lab 1.,hardware_query,Lab 1,,,
q00858,Can computers in Programming Lab run MATLAB?,software_compatibility_check,Programming Lab,,MATLAB,
q00859,List machines in Network Lab that meet Windows 11 requirements.,os_compatibility_check,Network Lab,Windows 11,,
q00860,Plan upgrades for Block A to run Ubuntu 24.04.,upgrade_planning,Block A,Ubuntu 24.04,PyCharm,Storage
q00861,Which systems support AutoCAD 2026 in Block C?,software_compatibility_check,Block C,,AutoCAD,
q00862,Suggest an OS for computers in Block A.,os_recommendation,Block A,Linux Mint 22,,
q00863,Which operating system is most suitable for Library?,os_recommendation,Library,Fedora 42,,
q00864,Display CPU details for Lab 1.,hardware_query,Lab 1,,,
q00865,What applications are compatible with Block B computers?,reverse_software_lookup,Block B,,VMware Workstation,
q00866,Can computers in Lab 2 run Android Studio?,software_compatibility_check,Lab 2,,Android Studio,
q00867,Which PCs in Lab 2 have 8 GB RAM?,hardware_query,Lab 2,,,
q00868,Show PCs in Block A incompatible with Windows 10.,os_compatibility_check,Block A,Windows 10,,
q00869,Show hardware details for AI Lab.,hardware_query,AI Lab,,,
q00870,Can computers in Block C run VMware Workstation?,software_compatibility_check,Block C,,VMware Workstation,
q00871,What upgrades are required in Lab 2?,upgrade_planning,Lab 2,Windows 11,Oracle Database,Secure Boot
q00872,Which software can run on computers in Network Lab?,reverse_software_lookup,Network Lab,,AutoCAD,
q00873,Which software can run on computers in Lab 1?,reverse_software_lookup,Lab 1,,Visual Studio Code,
q00874,Which computers in Block C can run Windows 10?,os_compatibility_check,Block C,Windows 10,,
q00875,Show PCs in AI Lab incompatible with Windows 11.,os_compatibility_check,AI Lab,Windows 11,,
q00876,Can computers in AI Lab run VMware Workstation?,software_compatibility_check,AI Lab,,VMware Workstation,
q00877,What upgrades are required in Lab 1?,upgrade_planning,Lab 1,Ubuntu 24.04,PyCharm,GPU
q00878,List machines in Library that meet Windows 11 requirements.,os_compatibility_check,Library,Windows 11,,
q00879,What applications are compatible with Lab 1 computers?,reverse_software_lookup,Lab 1,,AutoCAD,
q00880,Recommend the best OS for Block C.,os_recommendation,Block C,Windows 10,,
q00881,Display CPU details for Block B.,hardware_query,Block B,,,
q00882,Suggest an OS for computers in AI Lab.,os_recommendation,AI Lab,Windows 11,,
q00883,Display CPU details for Lab 1.,hardware_query,Lab 1,,,
q00884,Recommend the best OS for Network Lab.,os_recommendation,Network Lab,Windows 10,,
q00885,Which software can run on computers in AI Lab?,reverse_software_lookup,AI Lab,,Oracle Database,
q00886,Suggest an OS for computers in Lab 2.,os_recommendation,Lab 2,Debian 13,,
q00887,Which software can run on computers in Library?,reverse_software_lookup,Library,,MATLAB,
q00888,Which systems support VS Code in Block A?,software_compatibility_check,Block A,,Visual Studio Code,
q00889,Recommend the best OS for Block A.,os_recommendation,Block A,Windows 10,,
q00890,Can systems in Programming Lab support Fedora 42?,os_compatibility_check,Programming Lab,Fedora 42,,
q00891,Can computers in Library run VS Code?,software_compatibility_check,Library,,Visual Studio Code,
q00892,What applications are compatible with Block C computers?,reverse_software_lookup,Block C,,VMware Workstation,
q00893,Is Blender supported in Library?,software_compatibility_check,Library,,Blender,
q00894,Which computers need RAM upgrade for Blender?,upgrade_planning,Programming Lab,Fedora 42,Blender,RAM upgrade
q00895,Find systems needing Secure Boot.,upgrade_planning,AI Lab,Windows 10,AutoCAD,Secure Boot
q00896,Suggest an OS for computers in AI Lab.,os_recommendation,AI Lab,Ubuntu 24.04,,
q00897,Which computers in Network Lab can run Windows 10?,os_compatibility_check,Network Lab,Windows 10,,
q00898,Check Android Studio compatibility for Library.,software_compatibility_check,Library,,Android Studio,
q00899,Which PCs in Library have 8 GB RAM?,hardware_query,Library,,,
q00900,Show hardware details for AI Lab.,hardware_query,AI Lab,,,
q00901,Which PCs in Programming Lab have 8 GB RAM?,hardware_query,Programming Lab,,,
q00902,What upgrades are required in Library?,upgrade_planning,Library,Linux Mint 22,Android Studio,TPM
q00903,Find systems needing Storage.,upgrade_planning,Lab 2,Linux Mint 22,Oracle Database,Storage
q00904,Find software that runs on Library.,reverse_software_lookup,Library,,PyCharm,
q00905,Show PCs in Block C incompatible with Windows 11.,os_compatibility_check,Block C,Windows 11,,
q00906,Which software can run on computers in Block C?,reverse_software_lookup,Block C,,MATLAB,
q00907,Recommend the best OS for Lab 2.,os_recommendation,Lab 2,Windows 11,,
q00908,List computers with SSD in Lab 2.,hardware_query,Lab 2,,,
q00909,List software supported by PCs in Lab 1.,reverse_software_lookup,Lab 1,,PyCharm,
q00910,Can systems in Lab 1 support Windows 10?,os_compatibility_check,Lab 1,Windows 10,,
q00911,Which PCs in Network Lab have 8 GB RAM?,hardware_query,Network Lab,,,
q00912,Which computers need TPM for VS Code?,upgrade_planning,Programming Lab,Fedora 42,Visual Studio Code,TPM
q00913,List software supported by PCs in Lab 1.,reverse_software_lookup,Lab 1,,VMware Workstation,
q00914,Find software that runs on Network Lab.,reverse_software_lookup,Network Lab,,AutoCAD,
q00915,Recommend the best OS for Lab 2.,os_recommendation,Lab 2,Ubuntu 24.04,,
q00916,Which PCs in Lab 2 have 8 GB RAM?,hardware_query,Lab 2,,,
q00917,Which computers need Storage for MATLAB?,upgrade_planning,Lab 2,Windows 10,MATLAB,Storage
q00918,List software supported by PCs in Programming Lab.,reverse_software_lookup,Programming Lab,,Android Studio,
q00919,Which computers in Block B can run Windows 10?,os_compatibility_check,Block B,Windows 10,,
q00920,Suggest an OS for computers in Lab 2.,os_recommendation,Lab 2,Ubuntu 24.04,,
q00921,List software supported by PCs in Lab 1.,reverse_software_lookup,Lab 1,,Android Studio,
q00922,What upgrades are required in Lab 1?,upgrade_planning,Lab 1,Windows 11,PyCharm,RAM upgrade
q00923,Which software can run on computers in Library?,reverse_software_lookup,Library,,PyCharm,
q00924,Plan upgrades for Block B to run Windows 11.,upgrade_planning,Block B,Windows 11,PyCharm,CPU
q00925,Which systems support PyCharm in Programming Lab?,software_compatibility_check,Programming Lab,,PyCharm,
q00926,List software supported by PCs in Block C.,reverse_software_lookup,Block C,,VMware Workstation,
q00927,Which operating system is most suitable for AI Lab?,os_recommendation,AI Lab,Ubuntu 24.04,,
q00928,What applications are compatible with Programming Lab computers?,reverse_software_lookup,Programming Lab,,PyCharm,
q00929,List software supported by PCs in Lab 2.,reverse_software_lookup,Lab 2,,Blender,
q00930,Show hardware details for Network Lab.,hardware_query,Network Lab,,,
q00931,Find systems needing Storage.,upgrade_planning,Network Lab,Debian 13,AutoCAD,Storage
q00932,Which computers need Secure Boot for Oracle Database?,upgrade_planning,Programming Lab,Debian 13,Oracle Database,Secure Boot
q00933,Can systems in Network Lab support Fedora 42?,os_compatibility_check,Network Lab,Fedora 42,,
q00934,Can computers in Library run VS Code?,software_compatibility_check,Library,,Visual Studio Code,
q00935,Can systems in Block B support Windows 11?,os_compatibility_check,Block B,Windows 11,,
q00936,Which software can run on computers in Block C?,reverse_software_lookup,Block C,,AutoCAD,
q00937,Suggest an OS for computers in Lab 1.,os_recommendation,Lab 1,Windows 10,,
q00938,Which operating system is most suitable for Block A?,os_recommendation,Block A,Windows 11,,
q00939,Display CPU details for Programming Lab.,hardware_query,Programming Lab,,,
q00940,Best operating system for Block B?,os_recommendation,Block B,Ubuntu 24.04,,
q00941,Which operating system is most suitable for Library?,os_recommendation,Library,Ubuntu 24.04,,
q00942,Best operating system for Block B?,os_recommendation,Block B,Windows 10,,
q00943,Which operating system is most suitable for Network Lab?,os_recommendation,Network Lab,Fedora 42,,
q00944,Is Android Studio supported in Block C?,software_compatibility_check,Block C,,Android Studio,
q00945,Can systems in Network Lab support Linux Mint 22?,os_compatibility_check,Network Lab,Linux Mint 22,,
q00946,Plan upgrades for Block A to run Debian 13.,upgrade_planning,Block A,Debian 13,VMware Workstation,Storage
q00947,Can computers in Lab 1 run PyCharm?,software_compatibility_check,Lab 1,,PyCharm,
q00948,Best operating system for Network Lab?,os_recommendation,Network Lab,Debian 13,,
q00949,Suggest an OS for computers in Library.,os_recommendation,Library,Fedora 42,,
q00950,Suggest an OS for computers in AI Lab.,os_recommendation,AI Lab,Windows 11,,
q00951,Suggest an OS for computers in AI Lab.,os_recommendation,AI Lab,Linux Mint 22,,
q00952,List software supported by PCs in Library.,reverse_software_lookup,Library,,MATLAB,
q00953,Which systems support PyCharm in AI Lab?,software_compatibility_check,AI Lab,,PyCharm,
q00954,Find systems needing Storage.,upgrade_planning,Lab 1,Windows 10,VMware Workstation,Storage
q00955,Find software that runs on Block C.,reverse_software_lookup,Block C,,MATLAB,
q00956,List computers with SSD in Block B.,hardware_query,Block B,,,
q00957,Recommend the best OS for Block C.,os_recommendation,Block C,Linux Mint 22,,
q00958,List software supported by PCs in Programming Lab.,reverse_software_lookup,Programming Lab,,PyCharm,
q00959,Find software that runs on Lab 2.,reverse_software_lookup,Lab 2,,Visual Studio Code,
q00960,Is Blender supported in Library?,software_compatibility_check,Library,,Blender,
q00961,Show hardware details for Block B.,hardware_query,Block B,,,
q00962,Find software that runs on AI Lab.,reverse_software_lookup,AI Lab,,AutoCAD,
q00963,Plan upgrades for Library to run Ubuntu 24.04.,upgrade_planning,Library,Ubuntu 24.04,PyCharm,Storage
q00964,Show hardware details for Lab 2.,hardware_query,Lab 2,,,
q00965,Which systems support MATLAB in AI Lab?,software_compatibility_check,AI Lab,,MATLAB,
q00966,Plan upgrades for Lab 2 to run Windows 11.,upgrade_planning,Lab 2,Windows 11,Android Studio,TPM
q00967,List computers with SSD in Library.,hardware_query,Library,,,
q00968,List software supported by PCs in AI Lab.,reverse_software_lookup,AI Lab,,VMware Workstation,
q00969,Is Android Studio supported in Block A?,software_compatibility_check,Block A,,Android Studio,
q00970,List machines in Lab 1 that meet Fedora 42 requirements.,os_compatibility_check,Lab 1,Fedora 42,,
q00971,List machines in Lab 1 that meet Debian 13 requirements.,os_compatibility_check,Lab 1,Debian 13,,
q00972,Plan upgrades for AI Lab to run Fedora 42.,upgrade_planning,AI Lab,Fedora 42,VMware Workstation,Secure Boot
q00973,What upgrades are required in Lab 1?,upgrade_planning,Lab 1,Fedora 42,MATLAB,CPU
q00974,Find systems needing GPU.,upgrade_planning,Lab 2,Debian 13,Android Studio,GPU
q00975,Which PCs in Block B have 8 GB RAM?,hardware_query,Block B,,,
q00976,Which computers in Block B can run Debian 13?,os_compatibility_check,Block B,Debian 13,,
q00977,Which computers in Library can run Debian 13?,os_compatibility_check,Library,Debian 13,,
q00978,Best operating system for Block C?,os_recommendation,Block C,Ubuntu 24.04,,
q00979,Can systems in AI Lab support Windows 10?,os_compatibility_check,AI Lab,Windows 10,,
q00980,Which computers need GPU for VS Code?,upgrade_planning,Programming Lab,Linux Mint 22,Visual Studio Code,GPU
q00981,Find systems needing TPM.,upgrade_planning,Library,Windows 11,PyCharm,TPM
q00982,Recommend the best OS for AI Lab.,os_recommendation,AI Lab,Linux Mint 22,,
q00983,Show hardware details for Network Lab.,hardware_query,Network Lab,,,
q00984,Find software that runs on Block A.,reverse_software_lookup,Block A,,MATLAB,
q00985,Plan upgrades for Lab 2 to run Windows 11.,upgrade_planning,Lab 2,Windows 11,PyCharm,Secure Boot
q00986,Can systems in Network Lab support Fedora 42?,os_compatibility_check,Network Lab,Fedora 42,,
q00987,Which PCs in Network Lab have 8 GB RAM?,hardware_query,Network Lab,,,
q00988,Can computers in Programming Lab run VMware Workstation?,software_compatibility_check,Programming Lab,,VMware Workstation,
q00989,List machines in AI Lab that meet Fedora 42 requirements.,os_compatibility_check,AI Lab,Fedora 42,,
q00990,Which computers in AI Lab can run Ubuntu 24.04?,os_compatibility_check,AI Lab,Ubuntu 24.04,,
q00991,List software supported by PCs in Lab 1.,reverse_software_lookup,Lab 1,,Android Studio,
q00992,Best operating system for Block B?,os_recommendation,Block B,Debian 13,,
q00993,Suggest an OS for computers in Lab 1.,os_recommendation,Lab 1,Linux Mint 22,,
q00994,Which PCs in Block B have 8 GB RAM?,hardware_query,Block B,,,
q00995,Can computers in Block B run VMware Workstation?,software_compatibility_check,Block B,,VMware Workstation,
q00996,Show PCs in AI Lab incompatible with Windows 10.,os_compatibility_check,AI Lab,Windows 10,,
q00997,Which computers need Storage for VMware Workstation?,upgrade_planning,Block B,Windows 10,VMware Workstation,Storage
q00998,Can computers in AI Lab run Android Studio?,software_compatibility_check,AI Lab,,Android Studio,
q00999,Which operating system is most suitable for Lab 2?,os_recommendation,Lab 2,Windows 11,,
q01000,What upgrades are required in Programming Lab?,upgrade_planning,Programming Lab,Windows 11,VMware Workstation,CPU
q01001,Which PCs in Network Lab have 8 GB RAM?,hardware_query,Network Lab,,,
q01002,Show hardware details for Lab 2.,hardware_query,Lab 2,,,
q01003,Can computers in Network Lab run Oracle Database?,software_compatibility_check,Network Lab,,Oracle Database,
q01004,Which PCs in Lab 1 have 8 GB RAM?,hardware_query,Lab 1,,,
q01005,Is VS Code supported in Programming Lab?,software_compatibility_check,Programming Lab,,Visual Studio Code,
q01006,What upgrades are required in Programming Lab?,upgrade_planning,Programming Lab,Fedora 42,AutoCAD,GPU
q01007,Check VS Code compatibility for Block B.,software_compatibility_check,Block B,,Visual Studio Code,
q01008,Check Blender compatibility for AI Lab.,software_compatibility_check,AI Lab,,Blender,
q01009,List computers with SSD in Programming Lab.,hardware_query,Programming Lab,,,
q01010,What applications are compatible with Lab 2 computers?,reverse_software_lookup,Lab 2,,VMware Workstation,
q01011,Which operating system is most suitable for Programming Lab?,os_recommendation,Programming Lab,Windows 10,,
q01012,Which PCs in Lab 1 have 8 GB RAM?,hardware_query,Lab 1,,,
q01013,What upgrades are required in AI Lab?,upgrade_planning,AI Lab,Ubuntu 24.04,PyCharm,Storage
q01014,Which PCs in Library have 8 GB RAM?,hardware_query,Library,,,
q01015,Plan upgrades for Programming Lab to run Debian 13.,upgrade_planning,Programming Lab,Debian 13,Blender,TPM
q01016,Can systems in Network Lab support Windows 10?,os_compatibility_check,Network Lab,Windows 10,,
q01017,Which computers in Block C can run Windows 11?,os_compatibility_check,Block C,Windows 11,,
q01018,Suggest an OS for computers in Programming Lab.,os_recommendation,Programming Lab,Debian 13,,
q01019,Is AutoCAD 2026 supported in Block A?,software_compatibility_check,Block A,,AutoCAD,
q01020,Which PCs in Block A have 8 GB RAM?,hardware_query,Block A,,,
q01021,Plan upgrades for AI Lab to run Linux Mint 22.,upgrade_planning,AI Lab,Linux Mint 22,Blender,TPM
q01022,Which systems support Blender in Block A?,software_compatibility_check,Block A,,Blender,
q01023,Which software can run on computers in Block C?,reverse_software_lookup,Block C,,PyCharm,
q01024,Check Android Studio compatibility for Block C.,software_compatibility_check,Block C,,Android Studio,
q01025,Which systems support MATLAB in Lab 2?,software_compatibility_check,Lab 2,,MATLAB,
q01026,Which computers in Library can run Ubuntu 24.04?,os_compatibility_check,Library,Ubuntu 24.04,,
q01027,Which computers need RAM upgrade for Android Studio?,upgrade_planning,Library,Ubuntu 24.04,Android Studio,RAM upgrade
q01028,Is Blender supported in Lab 1?,software_compatibility_check,Lab 1,,Blender,
q01029,Recommend the best OS for Block B.,os_recommendation,Block B,Debian 13,,
q01030,Find systems needing RAM upgrade.,upgrade_planning,Network Lab,Windows 10,PyCharm,RAM upgrade
q01031,Plan upgrades for Lab 1 to run Fedora 42.,upgrade_planning,Lab 1,Fedora 42,MATLAB,GPU
q01032,Plan upgrades for Library to run Linux Mint 22.,upgrade_planning,Library,Linux Mint 22,Blender,RAM upgrade
q01033,Which software can run on computers in Block B?,reverse_software_lookup,Block B,,MATLAB,
q01034,Can computers in Network Lab run Blender?,software_compatibility_check,Network Lab,,Blender,
q01035,Show PCs in Programming Lab incompatible with Windows 10.,os_compatibility_check,Programming Lab,Windows 10,,
q01036,Find software that runs on Network Lab.,reverse_software_lookup,Network Lab,,Android Studio,
q01037,Suggest an OS for computers in Library.,os_recommendation,Library,Linux Mint 22,,
q01038,What applications are compatible with Programming Lab computers?,reverse_software_lookup,Programming Lab,,Blender,
q01039,Which operating system is most suitable for Block B?,os_recommendation,Block B,Ubuntu 24.04,,
q01040,Can systems in Network Lab support Fedora 42?,os_compatibility_check,Network Lab,Fedora 42,,
q01041,Which computers need Storage for PyCharm?,upgrade_planning,Programming Lab,Windows 10,PyCharm,Storage
q01042,List machines in AI Lab that meet Ubuntu 24.04 requirements.,os_compatibility_check,AI Lab,Ubuntu 24.04,,
q01043,Which systems support Oracle Database in Lab 1?,software_compatibility_check,Lab 1,,Oracle Database,
q01044,Can computers in Lab 2 run PyCharm?,software_compatibility_check,Lab 2,,PyCharm,
q01045,Recommend the best OS for Lab 2.,os_recommendation,Lab 2,Fedora 42,,
q01046,Show hardware details for Block B.,hardware_query,Block B,,,
q01047,Which PCs in Lab 2 have 8 GB RAM?,hardware_query,Lab 2,,,
q01048,Suggest an OS for computers in AI Lab.,os_recommendation,AI Lab,Windows 11,,
q01049,Find systems needing CPU.,upgrade_planning,Lab 1,Debian 13,Oracle Database,CPU
q01050,What upgrades are required in Network Lab?,upgrade_planning,Network Lab,Windows 10,Visual Studio Code,CPU
q01051,List machines in Block B that meet Linux Mint 22 requirements.,os_compatibility_check,Block B,Linux Mint 22,,
q01052,What upgrades are required in Block B?,upgrade_planning,Block B,Fedora 42,PyCharm,GPU
q01053,Which computers in Block B can run Linux Mint 22?,os_compatibility_check,Block B,Linux Mint 22,,
q01054,Best operating system for Library?,os_recommendation,Library,Windows 10,,
q01055,Show hardware details for Lab 2.,hardware_query,Lab 2,,,
q01056,Best operating system for Lab 1?,os_recommendation,Lab 1,Windows 10,,
q01057,Which operating system is most suitable for Block B?,os_recommendation,Block B,Linux Mint 22,,
q01058,Suggest an OS for computers in Network Lab.,os_recommendation,Network Lab,Ubuntu 24.04,,
q01059,What upgrades are required in Programming Lab?,upgrade_planning,Programming Lab,Ubuntu 24.04,Visual Studio Code,Storage
q01060,Which computers in Network Lab can run Fedora 42?,os_compatibility_check,Network Lab,Fedora 42,,
q01061,Which operating system is most suitable for Network Lab?,os_recommendation,Network Lab,Ubuntu 24.04,,
q01062,Which operating system is most suitable for Block C?,os_recommendation,Block C,Windows 11,,
q01063,Which computers in Lab 1 can run Debian 13?,os_compatibility_check,Lab 1,Debian 13,,
q01064,Which operating system is most suitable for Programming Lab?,os_recommendation,Programming Lab,Fedora 42,,
q01065,What upgrades are required in Network Lab?,upgrade_planning,Network Lab,Linux Mint 22,Blender,TPM
q01066,List computers with SSD in Block B.,hardware_query,Block B,,,
q01067,Show hardware details for Network Lab.,hardware_query,Network Lab,,,
q01068,List software supported by PCs in Programming Lab.,reverse_software_lookup,Programming Lab,,AutoCAD,
q01069,Is Blender supported in Programming Lab?,software_compatibility_check,Programming Lab,,Blender,
q01070,Show PCs in Programming Lab incompatible with Fedora 42.,os_compatibility_check,Programming Lab,Fedora 42,,
q01071,Best operating system for Block A?,os_recommendation,Block A,Windows 10,,
q01072,Display CPU details for Lab 1.,hardware_query,Lab 1,,,
q01073,List machines in AI Lab that meet Linux Mint 22 requirements.,os_compatibility_check,AI Lab,Linux Mint 22,,
q01074,What upgrades are required in Lab 1?,upgrade_planning,Lab 1,Ubuntu 24.04,Oracle Database,GPU
q01075,Which software can run on computers in Block C?,reverse_software_lookup,Block C,,Android Studio,
q01076,Show hardware details for Programming Lab.,hardware_query,Programming Lab,,,
q01077,Can computers in Network Lab run Android Studio?,software_compatibility_check,Network Lab,,Android Studio,
q01078,Which PCs in Block C have 8 GB RAM?,hardware_query,Block C,,,
q01079,Which operating system is most suitable for Library?,os_recommendation,Library,Ubuntu 24.04,,
q01080,Which software can run on computers in Programming Lab?,reverse_software_lookup,Programming Lab,,MATLAB,
q01081,List software supported by PCs in AI Lab.,reverse_software_lookup,AI Lab,,PyCharm,
q01082,Can computers in Block A run PyCharm?,software_compatibility_check,Block A,,PyCharm,
q01083,Which software can run on computers in Block A?,reverse_software_lookup,Block A,,Android Studio,
q01084,List machines in Library that meet Fedora 42 requirements.,os_compatibility_check,Library,Fedora 42,,
q01085,Find software that runs on Lab 1.,reverse_software_lookup,Lab 1,,Android Studio,
q01086,Show PCs in Lab 1 incompatible with Fedora 42.,os_compatibility_check,Lab 1,Fedora 42,,
q01087,Which operating system is most suitable for Lab 2?,os_recommendation,Lab 2,Windows 11,,
q01088,Plan upgrades for Block A to run Ubuntu 24.04.,upgrade_planning,Block A,Ubuntu 24.04,Android Studio,Secure Boot
q01089,Which operating system is most suitable for Block A?,os_recommendation,Block A,Ubuntu 24.04,,
q01090,Show hardware details for Programming Lab.,hardware_query,Programming Lab,,,
q01091,Check MATLAB compatibility for AI Lab.,software_compatibility_check,AI Lab,,MATLAB,
q01092,Can computers in Lab 1 run VS Code?,software_compatibility_check,Lab 1,,Visual Studio Code,
q01093,What upgrades are required in Programming Lab?,upgrade_planning,Programming Lab,Ubuntu 24.04,Oracle Database,Secure Boot
q01094,Recommend the best OS for Block A.,os_recommendation,Block A,Windows 10,,
q01095,Is Blender supported in Programming Lab?,software_compatibility_check,Programming Lab,,Blender,
q01096,Suggest an OS for computers in Lab 2.,os_recommendation,Lab 2,Windows 11,,
q01097,List software supported by PCs in Network Lab.,reverse_software_lookup,Network Lab,,Visual Studio Code,
q01098,Can computers in Network Lab run Blender?,software_compatibility_check,Network Lab,,Blender,
q01099,Which operating system is most suitable for Lab 1?,os_recommendation,Lab 1,Linux Mint 22,,
q01100,Suggest an OS for computers in Block C.,os_recommendation,Block C,Ubuntu 24.04,,
q01101,Which computers in AI Lab can run Linux Mint 22?,os_compatibility_check,AI Lab,Linux Mint 22,,
q01102,What applications are compatible with Block B computers?,reverse_software_lookup,Block B,,AutoCAD,
q01103,Suggest an OS for computers in Lab 1.,os_recommendation,Lab 1,Debian 13,,
q01104,Best operating system for Network Lab?,os_recommendation,Network Lab,Fedora 42,,
q01105,Check Oracle Database compatibility for AI Lab.,software_compatibility_check,AI Lab,,Oracle Database,
q01106,Find systems needing Storage.,upgrade_planning,Lab 2,Ubuntu 24.04,MATLAB,Storage
q01107,Is Android Studio supported in AI Lab?,software_compatibility_check,AI Lab,,Android Studio,
q01108,What applications are compatible with Block A computers?,reverse_software_lookup,Block A,,VMware Workstation,
q01109,Which computers need CPU for MATLAB?,upgrade_planning,Block C,Fedora 42,MATLAB,CPU
q01110,Show PCs in Block A incompatible with Ubuntu 24.04.,os_compatibility_check,Block A,Ubuntu 24.04,,
q01111,Which software can run on computers in Block C?,reverse_software_lookup,Block C,,AutoCAD,
q01112,Display CPU details for Block B.,hardware_query,Block B,,,
q01113,Which computers in Lab 1 can run Ubuntu 24.04?,os_compatibility_check,Lab 1,Ubuntu 24.04,,
q01114,Show hardware details for AI Lab.,hardware_query,AI Lab,,,
q01115,Show PCs in Block B incompatible with Fedora 42.,os_compatibility_check,Block B,Fedora 42,,
q01116,Show PCs in Lab 1 incompatible with Windows 11.,os_compatibility_check,Lab 1,Windows 11,,
q01117,Is Blender supported in Block B?,software_compatibility_check,Block B,,Blender,
q01118,Which PCs in Lab 2 have 8 GB RAM?,hardware_query,Lab 2,,,
q01119,Is VMware Workstation supported in Network Lab?,software_compatibility_check,Network Lab,,VMware Workstation,
q01120,Show PCs in Lab 1 incompatible with Windows 10.,os_compatibility_check,Lab 1,Windows 10,,
q01121,Which systems support MATLAB in Block A?,software_compatibility_check,Block A,,MATLAB,
q01122,Plan upgrades for Library to run Windows 10.,upgrade_planning,Library,Windows 10,PyCharm,CPU
q01123,Which software can run on computers in AI Lab?,reverse_software_lookup,AI Lab,,Oracle Database,
q01124,Which computers need Storage for Blender?,upgrade_planning,Block A,Linux Mint 22,Blender,Storage
q01125,Can systems in Block B support Fedora 42?,os_compatibility_check,Block B,Fedora 42,,
q01126,Which software can run on computers in Lab 2?,reverse_software_lookup,Lab 2,,Oracle Database,
q01127,Plan upgrades for AI Lab to run Windows 10.,upgrade_planning,AI Lab,Windows 10,Visual Studio Code,Storage
q01128,Plan upgrades for Block C to run Windows 11.,upgrade_planning,Block C,Windows 11,Android Studio,Secure Boot
q01129,Which computers need Secure Boot for Android Studio?,upgrade_planning,Block B,Windows 11,Android Studio,Secure Boot
q01130,List machines in Block A that meet Windows 11 requirements.,os_compatibility_check,Block A,Windows 11,,
q01131,Display CPU details for Programming Lab.,hardware_query,Programming Lab,,,
q01132,Display CPU details for Lab 2.,hardware_query,Lab 2,,,
q01133,Check MATLAB compatibility for Library.,software_compatibility_check,Library,,MATLAB,
q01134,List machines in Lab 2 that meet Windows 11 requirements.,os_compatibility_check,Lab 2,Windows 11,,
q01135,Find systems needing Secure Boot.,upgrade_planning,Lab 1,Debian 13,Android Studio,Secure Boot
q01136,List computers with SSD in Block C.,hardware_query,Block C,,,
q01137,Can computers in Block B run MATLAB?,software_compatibility_check,Block B,,MATLAB,
q01138,Which computers need TPM for PyCharm?,upgrade_planning,Network Lab,Windows 11,PyCharm,TPM
q01139,Show PCs in Block C incompatible with Windows 10.,os_compatibility_check,Block C,Windows 10,,
q01140,Which systems support Oracle Database in Block B?,software_compatibility_check,Block B,,Oracle Database,
q01141,Find systems needing TPM.,upgrade_planning,Network Lab,Fedora 42,MATLAB,TPM
q01142,Which PCs in Programming Lab have 8 GB RAM?,hardware_query,Programming Lab,,,
q01143,Check VS Code compatibility for Block B.,software_compatibility_check,Block B,,Visual Studio Code,
q01144,Which operating system is most suitable for Library?,os_recommendation,Library,Windows 10,,
q01145,Which systems support MATLAB in Block A?,software_compatibility_check,Block A,,MATLAB,
q01146,Show hardware details for Lab 2.,hardware_query,Lab 2,,,
q01147,Display CPU details for Block B.,hardware_query,Block B,,,
q01148,Plan upgrades for Block B to run Windows 11.,upgrade_planning,Block B,Windows 11,Oracle Database,RAM upgrade
q01149,Find systems needing RAM upgrade.,upgrade_planning,Library,Fedora 42,AutoCAD,RAM upgrade
q01150,Which PCs in Block A have 8 GB RAM?,hardware_query,Block A,,,
q01151,Find systems needing Storage.,upgrade_planning,Library,Debian 13,VMware Workstation,Storage
q01152,List computers with SSD in Block B.,hardware_query,Block B,,,
q01153,Which PCs in Lab 2 have 8 GB RAM?,hardware_query,Lab 2,,,
q01154,List computers with SSD in Library.,hardware_query,Library,,,
q01155,Recommend the best OS for Lab 2.,os_recommendation,Lab 2,Windows 10,,
q01156,List software supported by PCs in Block A.,reverse_software_lookup,Block A,,PyCharm,
q01157,Can computers in Block A run PyCharm?,software_compatibility_check,Block A,,PyCharm,
q01158,Can computers in Block B run Android Studio?,software_compatibility_check,Block B,,Android Studio,
q01159,Show hardware details for Network Lab.,hardware_query,Network Lab,,,
q01160,Which computers in Block A can run Debian 13?,os_compatibility_check,Block A,Debian 13,,
q01161,Plan upgrades for Block C to run Windows 11.,upgrade_planning,Block C,Windows 11,Android Studio,CPU
q01162,Which operating system is most suitable for Network Lab?,os_recommendation,Network Lab,Fedora 42,,
q01163,List software supported by PCs in Block B.,reverse_software_lookup,Block B,,Blender,
q01164,Which operating system is most suitable for Network Lab?,os_recommendation,Network Lab,Windows 10,,
q01165,Which PCs in Network Lab have 8 GB RAM?,hardware_query,Network Lab,,,
q01166,Which operating system is most suitable for Block A?,os_recommendation,Block A,Linux Mint 22,,
q01167,Best operating system for Lab 1?,os_recommendation,Lab 1,Fedora 42,,
q01168,What applications are compatible with Programming Lab computers?,reverse_software_lookup,Programming Lab,,Android Studio,
q01169,What applications are compatible with AI Lab computers?,reverse_software_lookup,AI Lab,,PyCharm,
q01170,Best operating system for Library?,os_recommendation,Library,Debian 13,,
q01171,Recommend the best OS for Block A.,os_recommendation,Block A,Windows 10,,
q01172,Recommend the best OS for AI Lab.,os_recommendation,AI Lab,Debian 13,,
q01173,Show PCs in Block C incompatible with Windows 10.,os_compatibility_check,Block C,Windows 10,,
q01174,Which systems support VMware Workstation in Library?,software_compatibility_check,Library,,VMware Workstation,
q01175,Show PCs in Network Lab incompatible with Debian 13.,os_compatibility_check,Network Lab,Debian 13,,
q01176,Plan upgrades for Block C to run Debian 13.,upgrade_planning,Block C,Debian 13,Oracle Database,TPM
q01177,Which PCs in Block B have 8 GB RAM?,hardware_query,Block B,,,
q01178,Recommend the best OS for AI Lab.,os_recommendation,AI Lab,Windows 10,,
q01179,What applications are compatible with Programming Lab computers?,reverse_software_lookup,Programming Lab,,AutoCAD,
q01180,Show PCs in AI Lab incompatible with Windows 10.,os_compatibility_check,AI Lab,Windows 10,,
q01181,Plan upgrades for Lab 1 to run Debian 13.,upgrade_planning,Lab 1,Debian 13,MATLAB,RAM upgrade
q01182,Find systems needing CPU.,upgrade_planning,Block A,Windows 10,MATLAB,CPU
q01183,Find software that runs on Library.,reverse_software_lookup,Library,,AutoCAD,
q01184,Which computers in Lab 2 can run Ubuntu 24.04?,os_compatibility_check,Lab 2,Ubuntu 24.04,,
q01185,Which software can run on computers in AI Lab?,reverse_software_lookup,AI Lab,,MATLAB,
q01186,What upgrades are required in Block C?,upgrade_planning,Block C,Ubuntu 24.04,Oracle Database,RAM upgrade
q01187,Show PCs in Block A incompatible with Debian 13.,os_compatibility_check,Block A,Debian 13,,
q01188,What applications are compatible with Programming Lab computers?,reverse_software_lookup,Programming Lab,,Visual Studio Code,
q01189,Show hardware details for Block B.,hardware_query,Block B,,,
q01190,List software supported by PCs in Block A.,reverse_software_lookup,Block A,,Oracle Database,
q01191,Recommend the best OS for Block C.,os_recommendation,Block C,Windows 11,,
q01192,Recommend the best OS for Programming Lab.,os_recommendation,Programming Lab,Linux Mint 22,,
q01193,List machines in AI Lab that meet Windows 10 requirements.,os_compatibility_check,AI Lab,Windows 10,,
q01194,Can systems in Network Lab support Ubuntu 24.04?,os_compatibility_check,Network Lab,Ubuntu 24.04,,
q01195,Show hardware details for AI Lab.,hardware_query,AI Lab,,,
q01196,Is VS Code supported in Network Lab?,software_compatibility_check,Network Lab,,Visual Studio Code,
q01197,Which systems support PyCharm in Block C?,software_compatibility_check,Block C,,PyCharm,
q01198,Recommend the best OS for Lab 2.,os_recommendation,Lab 2,Ubuntu 24.04,,
q01199,Display CPU details for Network Lab.,hardware_query,Network Lab,,,
q01200,Can systems in Block B support Linux Mint 22?,os_compatibility_check,Block B,Linux Mint 22,,
q01201,Which PCs in Block C have 8 GB RAM?,hardware_query,Block C,,,
q01202,Show hardware details for Block B.,hardware_query,Block B,,,
q01203,Which operating system is most suitable for Block A?,os_recommendation,Block A,Linux Mint 22,,
q01204,List computers with SSD in AI Lab.,hardware_query,AI Lab,,,
q01205,Show hardware details for AI Lab.,hardware_query,AI Lab,,,
q01206,Display CPU details for Programming Lab.,hardware_query,Programming Lab,,,
q01207,Can computers in Programming Lab run VMware Workstation?,software_compatibility_check,Programming Lab,,VMware Workstation,
q01208,Display CPU details for Network Lab.,hardware_query,Network Lab,,,
q01209,Find systems needing CPU.,upgrade_planning,Block A,Ubuntu 24.04,AutoCAD,CPU
q01210,Suggest an OS for computers in Lab 2.,os_recommendation,Lab 2,Windows 10,,
q01211,Is Oracle Database supported in Network Lab?,software_compatibility_check,Network Lab,,Oracle Database,
q01212,Suggest an OS for computers in Block A.,os_recommendation,Block A,Windows 10,,
q01213,List software supported by PCs in Programming Lab.,reverse_software_lookup,Programming Lab,,PyCharm,
q01214,Can computers in Block C run AutoCAD 2026?,software_compatibility_check,Block C,,AutoCAD,
q01215,Which computers need Secure Boot for MATLAB?,upgrade_planning,Block B,Windows 11,MATLAB,Secure Boot
q01216,Display CPU details for Lab 2.,hardware_query,Lab 2,,,
q01217,Which software can run on computers in Lab 1?,reverse_software_lookup,Lab 1,,VMware Workstation,
q01218,What applications are compatible with Library computers?,reverse_software_lookup,Library,,VMware Workstation,
q01219,Is Android Studio supported in Network Lab?,software_compatibility_check,Network Lab,,Android Studio,
q01220,Can computers in Programming Lab run MATLAB?,software_compatibility_check,Programming Lab,,MATLAB,
q01221,Check Blender compatibility for Library.,software_compatibility_check,Library,,Blender,
q01222,Best operating system for Block C?,os_recommendation,Block C,Debian 13,,
q01223,Find software that runs on AI Lab.,reverse_software_lookup,AI Lab,,AutoCAD,
q01224,Display CPU details for Block B.,hardware_query,Block B,,,
q01225,Suggest an OS for computers in Network Lab.,os_recommendation,Network Lab,Debian 13,,
q01226,Can systems in Lab 2 support Windows 11?,os_compatibility_check,Lab 2,Windows 11,,
q01227,List machines in Block A that meet Windows 11 requirements.,os_compatibility_check,Block A,Windows 11,,
q01228,Show PCs in Block B incompatible with Debian 13.,os_compatibility_check,Block B,Debian 13,,
q01229,Which software can run on computers in Lab 1?,reverse_software_lookup,Lab 1,,MATLAB,
q01230,Display CPU details for Block C.,hardware_query,Block C,,,
q01231,Show hardware details for Network Lab.,hardware_query,Network Lab,,,
q01232,What upgrades are required in Block C?,upgrade_planning,Block C,Windows 11,PyCharm,CPU
q01233,List software supported by PCs in Lab 2.,reverse_software_lookup,Lab 2,,Android Studio,
q01234,Which software can run on computers in Library?,reverse_software_lookup,Library,,Blender,
q01235,Find systems needing RAM upgrade.,upgrade_planning,AI Lab,Ubuntu 24.04,MATLAB,RAM upgrade
q01236,Can systems in Lab 1 support Linux Mint 22?,os_compatibility_check,Lab 1,Linux Mint 22,,
q01237,Plan upgrades for Library to run Debian 13.,upgrade_planning,Library,Debian 13,Visual Studio Code,TPM
q01238,Check VS Code compatibility for Block C.,software_compatibility_check,Block C,,Visual Studio Code,
q01239,Suggest an OS for computers in Block C.,os_recommendation,Block C,Linux Mint 22,,
q01240,Which computers in Network Lab can run Windows 10?,os_compatibility_check,Network Lab,Windows 10,,
q01241,Can computers in Block B run PyCharm?,software_compatibility_check,Block B,,PyCharm,
q01242,Find systems needing RAM upgrade.,upgrade_planning,Block A,Debian 13,MATLAB,RAM upgrade
q01243,Can systems in Lab 2 support Windows 10?,os_compatibility_check,Lab 2,Windows 10,,
q01244,Which PCs in AI Lab have 8 GB RAM?,hardware_query,AI Lab,,,
q01245,Find software that runs on Library.,reverse_software_lookup,Library,,MATLAB,
q01246,Recommend the best OS for Programming Lab.,os_recommendation,Programming Lab,Fedora 42,,
q01247,Which PCs in AI Lab have 8 GB RAM?,hardware_query,AI Lab,,,
q01248,Which systems support PyCharm in Block A?,software_compatibility_check,Block A,,PyCharm,
q01249,List computers with SSD in Library.,hardware_query,Library,,,
q01250,Can systems in Block B support Debian 13?,os_compatibility_check,Block B,Debian 13,,
q01251,Show PCs in Block C incompatible with Windows 10.,os_compatibility_check,Block C,Windows 10,,
q01252,What applications are compatible with Block A computers?,reverse_software_lookup,Block A,,VMware Workstation,
q01253,Which software can run on computers in AI Lab?,reverse_software_lookup,AI Lab,,AutoCAD,
q01254,Best operating system for Programming Lab?,os_recommendation,Programming Lab,Windows 10,,
q01255,Which PCs in Programming Lab have 8 GB RAM?,hardware_query,Programming Lab,,,
q01256,List computers with SSD in Lab 1.,hardware_query,Lab 1,,,
q01257,List computers with SSD in Block B.,hardware_query,Block B,,,
q01258,Can computers in Lab 1 run VMware Workstation?,software_compatibility_check,Lab 1,,VMware Workstation,
q01259,List software supported by PCs in Block A.,reverse_software_lookup,Block A,,VMware Workstation,
q01260,Show hardware details for Block A.,hardware_query,Block A,,,
q01261,Best operating system for Lab 1?,os_recommendation,Lab 1,Debian 13,,
q01262,List computers with SSD in Programming Lab.,hardware_query,Programming Lab,,,
q01263,Is AutoCAD 2026 supported in Block C?,software_compatibility_check,Block C,,AutoCAD,
q01264,Which systems support PyCharm in Lab 1?,software_compatibility_check,Lab 1,,PyCharm,
q01265,Find systems needing Secure Boot.,upgrade_planning,Network Lab,Linux Mint 22,AutoCAD,Secure Boot
q01266,Is MATLAB supported in Lab 1?,software_compatibility_check,Lab 1,,MATLAB,
q01267,Can systems in Network Lab support Windows 11?,os_compatibility_check,Network Lab,Windows 11,,
q01268,Best operating system for Lab 1?,os_recommendation,Lab 1,Windows 10,,
q01269,Best operating system for Block C?,os_recommendation,Block C,Debian 13,,
q01270,Is PyCharm supported in Block A?,software_compatibility_check,Block A,,PyCharm,
q01271,Suggest an OS for computers in Lab 2.,os_recommendation,Lab 2,Windows 11,,
q01272,List machines in Block B that meet Debian 13 requirements.,os_compatibility_check,Block B,Debian 13,,
q01273,Show PCs in Block C incompatible with Ubuntu 24.04.,os_compatibility_check,Block C,Ubuntu 24.04,,
q01274,Best operating system for AI Lab?,os_recommendation,AI Lab,Linux Mint 22,,
q01275,Is Android Studio supported in Lab 2?,software_compatibility_check,Lab 2,,Android Studio,
q01276,What applications are compatible with AI Lab computers?,reverse_software_lookup,AI Lab,,Visual Studio Code,
q01277,What applications are compatible with Library computers?,reverse_software_lookup,Library,,Visual Studio Code,
q01278,Recommend the best OS for Library.,os_recommendation,Library,Linux Mint 22,,
q01279,List machines in Block B that meet Linux Mint 22 requirements.,os_compatibility_check,Block B,Linux Mint 22,,
q01280,List computers with SSD in Block A.,hardware_query,Block A,,,
q01281,Check Android Studio compatibility for Lab 2.,software_compatibility_check,Lab 2,,Android Studio,
q01282,Show PCs in Block B incompatible with Linux Mint 22.,os_compatibility_check,Block B,Linux Mint 22,,
q01283,Plan upgrades for Block B to run Windows 10.,upgrade_planning,Block B,Windows 10,Visual Studio Code,Storage
q01284,Which computers in Lab 2 can run Windows 11?,os_compatibility_check,Lab 2,Windows 11,,
q01285,Which software can run on computers in Lab 2?,reverse_software_lookup,Lab 2,,MATLAB,
q01286,What applications are compatible with Library computers?,reverse_software_lookup,Library,,VMware Workstation,
q01287,Find systems needing Storage.,upgrade_planning,AI Lab,Windows 10,Visual Studio Code,Storage
q01288,Which software can run on computers in AI Lab?,reverse_software_lookup,AI Lab,,Visual Studio Code,
q01289,Which operating system is most suitable for Lab 2?,os_recommendation,Lab 2,Ubuntu 24.04,,
q01290,List software supported by PCs in Block C.,reverse_software_lookup,Block C,,Android Studio,
q01291,Best operating system for Library?,os_recommendation,Library,Fedora 42,,
q01292,What upgrades are required in Lab 1?,upgrade_planning,Lab 1,Ubuntu 24.04,MATLAB,TPM
q01293,Plan upgrades for Network Lab to run Ubuntu 24.04.,upgrade_planning,Network Lab,Ubuntu 24.04,Oracle Database,CPU
q01294,What applications are compatible with Block C computers?,reverse_software_lookup,Block C,,Oracle Database,
q01295,Show hardware details for Lab 2.,hardware_query,Lab 2,,,
q01296,What upgrades are required in AI Lab?,upgrade_planning,AI Lab,Windows 10,Visual Studio Code,Secure Boot
q01297,Find systems needing Secure Boot.,upgrade_planning,AI Lab,Debian 13,Blender,Secure Boot
q01298,Check VMware Workstation compatibility for Lab 1.,software_compatibility_check,Lab 1,,VMware Workstation,
q01299,Plan upgrades for AI Lab to run Fedora 42.,upgrade_planning,AI Lab,Fedora 42,Oracle Database,TPM
q01300,Find systems needing RAM upgrade.,upgrade_planning,Network Lab,Linux Mint 22,Android Studio,RAM upgrade
q01301,List computers with SSD in Block C.,hardware_query,Block C,,,
q01302,Find systems needing GPU.,upgrade_planning,AI Lab,Fedora 42,Blender,GPU
q01303,Can computers in Block A run Android Studio?,software_compatibility_check,Block A,,Android Studio,
q01304,Plan upgrades for Programming Lab to run Fedora 42.,upgrade_planning,Programming Lab,Fedora 42,Android Studio,Secure Boot
q01305,Which software can run on computers in Lab 1?,reverse_software_lookup,Lab 1,,VMware Workstation,
q01306,What applications are compatible with Lab 1 computers?,reverse_software_lookup,Lab 1,,VMware Workstation,
q01307,Recommend the best OS for Block A.,os_recommendation,Block A,Windows 10,,
q01308,Show PCs in Network Lab incompatible with Fedora 42.,os_compatibility_check,Network Lab,Fedora 42,,
q01309,What applications are compatible with Lab 2 computers?,reverse_software_lookup,Lab 2,,MATLAB,
q01310,Can computers in Block B run Blender?,software_compatibility_check,Block B,,Blender,
q01311,Can computers in Library run VMware Workstation?,software_compatibility_check,Library,,VMware Workstation,
q01312,Find systems needing RAM upgrade.,upgrade_planning,AI Lab,Linux Mint 22,PyCharm,RAM upgrade
q01313,Find systems needing Secure Boot.,upgrade_planning,Lab 1,Ubuntu 24.04,Oracle Database,Secure Boot
q01314,Show PCs in Lab 2 incompatible with Fedora 42.,os_compatibility_check,Lab 2,Fedora 42,,
q01315,What applications are compatible with Block A computers?,reverse_software_lookup,Block A,,Oracle Database,
q01316,Can systems in Block C support Debian 13?,os_compatibility_check,Block C,Debian 13,,
q01317,Which computers need Storage for Oracle Database?,upgrade_planning,AI Lab,Windows 11,Oracle Database,Storage
q01318,Which PCs in Block C have 8 GB RAM?,hardware_query,Block C,,,
q01319,Which software can run on computers in Block A?,reverse_software_lookup,Block A,,Oracle Database,
q01320,Display CPU details for Programming Lab.,hardware_query,Programming Lab,,,
q01321,List computers with SSD in Lab 2.,hardware_query,Lab 2,,,
q01322,List machines in Library that meet Debian 13 requirements.,os_compatibility_check,Library,Debian 13,,
q01323,Which operating system is most suitable for Block B?,os_recommendation,Block B,Ubuntu 24.04,,
q01324,Display CPU details for Lab 1.,hardware_query,Lab 1,,,
q01325,Show hardware details for Network Lab.,hardware_query,Network Lab,,,
q01326,Which computers in Block A can run Windows 11?,os_compatibility_check,Block A,Windows 11,,
q01327,List computers with SSD in Block C.,hardware_query,Block C,,,
q01328,List computers with SSD in Block B.,hardware_query,Block B,,,
q01329,Recommend the best OS for Programming Lab.,os_recommendation,Programming Lab,Debian 13,,
q01330,Which operating system is most suitable for AI Lab?,os_recommendation,AI Lab,Ubuntu 24.04,,
q01331,What applications are compatible with Programming Lab computers?,reverse_software_lookup,Programming Lab,,VMware Workstation,
q01332,Display CPU details for Lab 2.,hardware_query,Lab 2,,,
q01333,Show hardware details for Library.,hardware_query,Library,,,
q01334,List computers with SSD in Programming Lab.,hardware_query,Programming Lab,,,
q01335,Plan upgrades for AI Lab to run Windows 11.,upgrade_planning,AI Lab,Windows 11,Oracle Database,Storage
q01336,Which computers need CPU for Blender?,upgrade_planning,Network Lab,Debian 13,Blender,CPU
q01337,List software supported by PCs in Programming Lab.,reverse_software_lookup,Programming Lab,,PyCharm,
q01338,Check VMware Workstation compatibility for Block A.,software_compatibility_check,Block A,,VMware Workstation,
q01339,Suggest an OS for computers in Network Lab.,os_recommendation,Network Lab,Linux Mint 22,,
q01340,Which computers in Library can run Debian 13?,os_compatibility_check,Library,Debian 13,,
q01341,List software supported by PCs in Block A.,reverse_software_lookup,Block A,,Oracle Database,
q01342,List machines in Block C that meet Fedora 42 requirements.,os_compatibility_check,Block C,Fedora 42,,
q01343,Can computers in Programming Lab run Blender?,software_compatibility_check,Programming Lab,,Blender,
q01344,Display CPU details for Library.,hardware_query,Library,,,
q01345,What upgrades are required in Block C?,upgrade_planning,Block C,Linux Mint 22,AutoCAD,RAM upgrade
q01346,Show PCs in Lab 2 incompatible with Windows 10.,os_compatibility_check,Lab 2,Windows 10,,
q01347,Show PCs in Block B incompatible with Ubuntu 24.04.,os_compatibility_check,Block B,Ubuntu 24.04,,
q01348,Suggest an OS for computers in Lab 1.,os_recommendation,Lab 1,Windows 11,,
q01349,Which computers need CPU for Blender?,upgrade_planning,AI Lab,Ubuntu 24.04,Blender,CPU
q01350,Show hardware details for Network Lab.,hardware_query,Network Lab,,,
q01351,Which software can run on computers in AI Lab?,reverse_software_lookup,AI Lab,,Visual Studio Code,
q01352,Which software can run on computers in Library?,reverse_software_lookup,Library,,Blender,
q01353,Which computers need TPM for AutoCAD 2026?,upgrade_planning,Programming Lab,Linux Mint 22,AutoCAD,TPM
q01354,What applications are compatible with Block C computers?,reverse_software_lookup,Block C,,PyCharm,
q01355,Recommend the best OS for Programming Lab.,os_recommendation,Programming Lab,Windows 11,,
q01356,Which operating system is most suitable for Lab 2?,os_recommendation,Lab 2,Linux Mint 22,,
q01357,What upgrades are required in AI Lab?,upgrade_planning,AI Lab,Fedora 42,Visual Studio Code,CPU
q01358,List software supported by PCs in Network Lab.,reverse_software_lookup,Network Lab,,Android Studio,
q01359,List computers with SSD in Block A.,hardware_query,Block A,,,
q01360,Which operating system is most suitable for Block A?,os_recommendation,Block A,Windows 10,,
q01361,Suggest an OS for computers in Block B.,os_recommendation,Block B,Debian 13,,
q01362,Recommend the best OS for Block B.,os_recommendation,Block B,Fedora 42,,
q01363,Which computers need Storage for VMware Workstation?,upgrade_planning,Library,Ubuntu 24.04,VMware Workstation,Storage
q01364,Display CPU details for Library.,hardware_query,Library,,,
q01365,Can systems in Lab 2 support Fedora 42?,os_compatibility_check,Lab 2,Fedora 42,,
q01366,Which systems support VMware Workstation in Programming Lab?,software_compatibility_check,Programming Lab,,VMware Workstation,
q01367,Which computers need Secure Boot for AutoCAD 2026?,upgrade_planning,Block A,Fedora 42,AutoCAD,Secure Boot
q01368,Show hardware details for Library.,hardware_query,Library,,,
q01369,Recommend the best OS for Network Lab.,os_recommendation,Network Lab,Windows 10,,
q01370,Can computers in Network Lab run Blender?,software_compatibility_check,Network Lab,,Blender,
q01371,Suggest an OS for computers in Lab 1.,os_recommendation,Lab 1,Debian 13,,
q01372,Show PCs in Block B incompatible with Linux Mint 22.,os_compatibility_check,Block B,Linux Mint 22,,
q01373,Can systems in Block A support Fedora 42?,os_compatibility_check,Block A,Fedora 42,,
q01374,Is PyCharm supported in Block A?,software_compatibility_check,Block A,,PyCharm,
q01375,Best operating system for Network Lab?,os_recommendation,Network Lab,Windows 11,,
q01376,Recommend the best OS for Lab 1.,os_recommendation,Lab 1,Windows 10,,
q01377,Is PyCharm supported in Lab 1?,software_compatibility_check,Lab 1,,PyCharm,
q01378,Which PCs in Block B have 8 GB RAM?,hardware_query,Block B,,,
q01379,Plan upgrades for Block B to run Linux Mint 22.,upgrade_planning,Block B,Linux Mint 22,AutoCAD,Storage
q01380,Check Android Studio compatibility for Block A.,software_compatibility_check,Block A,,Android Studio,
q01381,Best operating system for Network Lab?,os_recommendation,Network Lab,Ubuntu 24.04,,
q01382,Show hardware details for Block B.,hardware_query,Block B,,,
q01383,Can systems in Lab 2 support Ubuntu 24.04?,os_compatibility_check,Lab 2,Ubuntu 24.04,,
q01384,Show hardware details for Network Lab.,hardware_query,Network Lab,,,
q01385,Can computers in Block B run Oracle Database?,software_compatibility_check,Block B,,Oracle Database,
q01386,Which PCs in Block A have 8 GB RAM?,hardware_query,Block A,,,
q01387,Suggest an OS for computers in Lab 2.,os_recommendation,Lab 2,Fedora 42,,
q01388,Best operating system for Programming Lab?,os_recommendation,Programming Lab,Debian 13,,
q01389,Best operating system for Network Lab?,os_recommendation,Network Lab,Debian 13,,
q01390,List software supported by PCs in Lab 2.,reverse_software_lookup,Lab 2,,PyCharm,
q01391,Can systems in Block C support Debian 13?,os_compatibility_check,Block C,Debian 13,,
q01392,List machines in Block B that meet Windows 11 requirements.,os_compatibility_check,Block B,Windows 11,,
q01393,Which computers need TPM for MATLAB?,upgrade_planning,Library,Fedora 42,MATLAB,TPM
q01394,Can computers in Library run MATLAB?,software_compatibility_check,Library,,MATLAB,
q01395,List software supported by PCs in Lab 1.,reverse_software_lookup,Lab 1,,Blender,
q01396,Can systems in Block A support Ubuntu 24.04?,os_compatibility_check,Block A,Ubuntu 24.04,,
q01397,Display CPU details for Programming Lab.,hardware_query,Programming Lab,,,
q01398,Can systems in Lab 1 support Fedora 42?,os_compatibility_check,Lab 1,Fedora 42,,
q01399,Which computers need Storage for MATLAB?,upgrade_planning,Block B,Ubuntu 24.04,MATLAB,Storage
q01400,Find software that runs on Lab 1.,reverse_software_lookup,Lab 1,,Oracle Database,
q01401,List machines in Library that meet Ubuntu 24.04 requirements.,os_compatibility_check,Library,Ubuntu 24.04,,
q01402,Show hardware details for Library.,hardware_query,Library,,,
q01403,Which software can run on computers in Lab 2?,reverse_software_lookup,Lab 2,,PyCharm,
q01404,What upgrades are required in Block C?,upgrade_planning,Block C,Windows 11,Oracle Database,CPU
q01405,Show hardware details for Network Lab.,hardware_query,Network Lab,,,
q01406,Can systems in Network Lab support Linux Mint 22?,os_compatibility_check,Network Lab,Linux Mint 22,,
q01407,Find software that runs on Library.,reverse_software_lookup,Library,,MATLAB,
q01408,List software supported by PCs in Block A.,reverse_software_lookup,Block A,,MATLAB,
q01409,Best operating system for Library?,os_recommendation,Library,Linux Mint 22,,
q01410,Show PCs in Library incompatible with Ubuntu 24.04.,os_compatibility_check,Library,Ubuntu 24.04,,
q01411,What applications are compatible with Block C computers?,reverse_software_lookup,Block C,,Blender,
q01412,Which computers need Secure Boot for AutoCAD 2026?,upgrade_planning,Library,Ubuntu 24.04,AutoCAD,Secure Boot
q01413,List software supported by PCs in Network Lab.,reverse_software_lookup,Network Lab,,VMware Workstation,
q01414,Show PCs in Lab 2 incompatible with Debian 13.,os_compatibility_check,Lab 2,Debian 13,,
q01415,Can systems in Lab 2 support Fedora 42?,os_compatibility_check,Lab 2,Fedora 42,,
q01416,Check AutoCAD 2026 compatibility for Lab 2.,software_compatibility_check,Lab 2,,AutoCAD,
q01417,List computers with SSD in Block B.,hardware_query,Block B,,,
q01418,Find software that runs on AI Lab.,reverse_software_lookup,AI Lab,,PyCharm,
q01419,Best operating system for Programming Lab?,os_recommendation,Programming Lab,Fedora 42,,
q01420,Find software that runs on Library.,reverse_software_lookup,Library,,Blender,
q01421,Show PCs in Programming Lab incompatible with Debian 13.,os_compatibility_check,Programming Lab,Debian 13,,
q01422,Display CPU details for Block A.,hardware_query,Block A,,,
q01423,Show hardware details for Block B.,hardware_query,Block B,,,
q01424,Display CPU details for Lab 1.,hardware_query,Lab 1,,,
q01425,Which software can run on computers in Library?,reverse_software_lookup,Library,,MATLAB,
q01426,Find software that runs on Programming Lab.,reverse_software_lookup,Programming Lab,,Blender,
q01427,List machines in Block C that meet Fedora 42 requirements.,os_compatibility_check,Block C,Fedora 42,,
q01428,Which PCs in Library have 8 GB RAM?,hardware_query,Library,,,
q01429,List computers with SSD in Library.,hardware_query,Library,,,
q01430,Display CPU details for Programming Lab.,hardware_query,Programming Lab,,,
q01431,List computers with SSD in AI Lab.,hardware_query,AI Lab,,,
q01432,List software supported by PCs in Library.,reverse_software_lookup,Library,,VMware Workstation,
q01433,Suggest an OS for computers in Library.,os_recommendation,Library,Fedora 42,,
q01434,Which software can run on computers in Block B?,reverse_software_lookup,Block B,,Blender,
q01435,Best operating system for Lab 2?,os_recommendation,Lab 2,Debian 13,,
q01436,Which computers need GPU for VMware Workstation?,upgrade_planning,Programming Lab,Linux Mint 22,VMware Workstation,GPU
q01437,Which software can run on computers in Library?,reverse_software_lookup,Library,,Visual Studio Code,
q01438,Which PCs in Block A have 8 GB RAM?,hardware_query,Block A,,,
q01439,List machines in Lab 2 that meet Debian 13 requirements.,os_compatibility_check,Lab 2,Debian 13,,
q01440,Which software can run on computers in Network Lab?,reverse_software_lookup,Network Lab,,Oracle Database,
q01441,List computers with SSD in Library.,hardware_query,Library,,,
q01442,Can computers in Network Lab run VMware Workstation?,software_compatibility_check,Network Lab,,VMware Workstation,
q01443,Show hardware details for Lab 2.,hardware_query,Lab 2,,,
q01444,Display CPU details for Block A.,hardware_query,Block A,,,
q01445,Can computers in AI Lab run PyCharm?,software_compatibility_check,AI Lab,,PyCharm,
q01446,Check Oracle Database compatibility for Programming Lab.,software_compatibility_check,Programming Lab,,Oracle Database,
q01447,Recommend the best OS for Lab 2.,os_recommendation,Lab 2,Windows 11,,
q01448,Which computers in Lab 2 can run Linux Mint 22?,os_compatibility_check,Lab 2,Linux Mint 22,,
q01449,Is MATLAB supported in Block C?,software_compatibility_check,Block C,,MATLAB,
q01450,Show hardware details for Library.,hardware_query,Library,,,
q01451,Display CPU details for Network Lab.,hardware_query,Network Lab,,,
q01452,Suggest an OS for computers in Block C.,os_recommendation,Block C,Windows 10,,
q01453,Which systems support AutoCAD 2026 in Programming Lab?,software_compatibility_check,Programming Lab,,AutoCAD,
q01454,What applications are compatible with Lab 2 computers?,reverse_software_lookup,Lab 2,,Android Studio,
q01455,What upgrades are required in Library?,upgrade_planning,Library,Windows 10,Android Studio,TPM
q01456,Which software can run on computers in Library?,reverse_software_lookup,Library,,Android Studio,
q01457,Plan upgrades for Block A to run Windows 11.,upgrade_planning,Block A,Windows 11,Visual Studio Code,Storage
q01458,Check Android Studio compatibility for Lab 1.,software_compatibility_check,Lab 1,,Android Studio,
q01459,Recommend the best OS for Lab 2.,os_recommendation,Lab 2,Windows 11,,
q01460,Is Oracle Database supported in AI Lab?,software_compatibility_check,AI Lab,,Oracle Database,
q01461,Which software can run on computers in Lab 2?,reverse_software_lookup,Lab 2,,Visual Studio Code,
q01462,Which computers in Lab 1 can run Ubuntu 24.04?,os_compatibility_check,Lab 1,Ubuntu 24.04,,
q01463,Recommend the best OS for Block A.,os_recommendation,Block A,Windows 11,,
q01464,List software supported by PCs in Block B.,reverse_software_lookup,Block B,,VMware Workstation,
q01465,What applications are compatible with Network Lab computers?,reverse_software_lookup,Network Lab,,MATLAB,
q01466,Suggest an OS for computers in Block B.,os_recommendation,Block B,Ubuntu 24.04,,
q01467,Which systems support VMware Workstation in Programming Lab?,software_compatibility_check,Programming Lab,,VMware Workstation,
q01468,Find systems needing Secure Boot.,upgrade_planning,Programming Lab,Fedora 42,Oracle Database,Secure Boot
q01469,Plan upgrades for Block A to run Linux Mint 22.,upgrade_planning,Block A,Linux Mint 22,AutoCAD,GPU
q01470,Is VS Code supported in Library?,software_compatibility_check,Library,,Visual Studio Code,
q01471,Suggest an OS for computers in Block B.,os_recommendation,Block B,Ubuntu 24.04,,
q01472,Which PCs in Programming Lab have 8 GB RAM?,hardware_query,Programming Lab,,,
q01473,Which computers in Programming Lab can run Windows 10?,os_compatibility_check,Programming Lab,Windows 10,,
q01474,List machines in Library that meet Linux Mint 22 requirements.,os_compatibility_check,Library,Linux Mint 22,,
q01475,List software supported by PCs in Network Lab.,reverse_software_lookup,Network Lab,,PyCharm,
q01476,Suggest an OS for computers in Lab 1.,os_recommendation,Lab 1,Ubuntu 24.04,,
q01477,Can systems in Block C support Windows 11?,os_compatibility_check,Block C,Windows 11,,
q01478,Find systems needing TPM.,upgrade_planning,Block B,Linux Mint 22,Android Studio,TPM
q01479,Which operating system is most suitable for Network Lab?,os_recommendation,Network Lab,Windows 10,,
q01480,List computers with SSD in Library.,hardware_query,Library,,,
q01481,Which computers need GPU for Blender?,upgrade_planning,AI Lab,Windows 11,Blender,GPU
q01482,Can computers in Programming Lab run VMware Workstation?,software_compatibility_check,Programming Lab,,VMware Workstation,
q01483,Which computers in Block A can run Linux Mint 22?,os_compatibility_check,Block A,Linux Mint 22,,
q01484,What applications are compatible with Block A computers?,reverse_software_lookup,Block A,,Android Studio,
q01485,Find systems needing Secure Boot.,upgrade_planning,Lab 2,Ubuntu 24.04,PyCharm,Secure Boot
q01486,Best operating system for Library?,os_recommendation,Library,Linux Mint 22,,
q01487,List software supported by PCs in Lab 1.,reverse_software_lookup,Lab 1,,Oracle Database,
q01488,Which computers need TPM for Blender?,upgrade_planning,AI Lab,Linux Mint 22,Blender,TPM
q01489,Show PCs in Block A incompatible with Windows 11.,os_compatibility_check,Block A,Windows 11,,
q01490,Can systems in Lab 1 support Ubuntu 24.04?,os_compatibility_check,Lab 1,Ubuntu 24.04,,
q01491,Find software that runs on Lab 1.,reverse_software_lookup,Lab 1,,Android Studio,
q01492,Can systems in Lab 2 support Windows 10?,os_compatibility_check,Lab 2,Windows 10,,
q01493,Check Android Studio compatibility for Network Lab.,software_compatibility_check,Network Lab,,Android Studio,
q01494,Plan upgrades for Library to run Debian 13.,upgrade_planning,Library,Debian 13,MATLAB,TPM
q01495,Best operating system for Lab 2?,os_recommendation,Lab 2,Ubuntu 24.04,,
q01496,What applications are compatible with Library computers?,reverse_software_lookup,Library,,MATLAB,
q01497,Suggest an OS for computers in Block A.,os_recommendation,Block A,Windows 11,,
q01498,Which computers in Network Lab can run Ubuntu 24.04?,os_compatibility_check,Network Lab,Ubuntu 24.04,,
q01499,What applications are compatible with Library computers?,reverse_software_lookup,Library,,Blender,
q01500,Display CPU details for Programming Lab.,hardware_query,Programming Lab,,,
q01501,Suggest an OS for computers in Lab 1.,os_recommendation,Lab 1,Ubuntu 24.04,,
q01502,List computers with SSD in Block B.,hardware_query,Block B,,,
q01503,Can systems in Lab 2 support Windows 10?,os_compatibility_check,Lab 2,Windows 10,,
q01504,Check MATLAB compatibility for Lab 1.,software_compatibility_check,Lab 1,,MATLAB,
q01505,What upgrades are required in Block C?,upgrade_planning,Block C,Windows 10,VMware Workstation,Storage
q01506,Plan upgrades for Block A to run Windows 11.,upgrade_planning,Block A,Windows 11,Android Studio,Storage
q01507,Show PCs in Block C incompatible with Fedora 42.,os_compatibility_check,Block C,Fedora 42,,
q01508,Can computers in AI Lab run Blender?,software_compatibility_check,AI Lab,,Blender,
q01509,Can computers in Library run AutoCAD 2026?,software_compatibility_check,Library,,AutoCAD,
q01510,Recommend the best OS for Block C.,os_recommendation,Block C,Fedora 42,,
q01511,Which systems support Android Studio in Lab 2?,software_compatibility_check,Lab 2,,Android Studio,
q01512,Recommend the best OS for AI Lab.,os_recommendation,AI Lab,Windows 11,,
q01513,Suggest an OS for computers in Library.,os_recommendation,Library,Debian 13,,
q01514,What upgrades are required in Block A?,upgrade_planning,Block A,Linux Mint 22,Blender,RAM upgrade
q01515,Can computers in Block B run AutoCAD 2026?,software_compatibility_check,Block B,,AutoCAD,
q01516,Display CPU details for Block C.,hardware_query,Block C,,,
q01517,What upgrades are required in Lab 1?,upgrade_planning,Lab 1,Fedora 42,Visual Studio Code,Storage
q01518,Which PCs in Block C have 8 GB RAM?,hardware_query,Block C,,,
q01519,Suggest an OS for computers in Block A.,os_recommendation,Block A,Linux Mint 22,,
q01520,Which computers need RAM upgrade for VS Code?,upgrade_planning,Block A,Windows 10,Visual Studio Code,RAM upgrade
q01521,Can computers in Block A run VMware Workstation?,software_compatibility_check,Block A,,VMware Workstation,
q01522,Is Blender supported in AI Lab?,software_compatibility_check,AI Lab,,Blender,
q01523,Which computers in Network Lab can run Fedora 42?,os_compatibility_check,Network Lab,Fedora 42,,
q01524,Suggest an OS for computers in Block B.,os_recommendation,Block B,Fedora 42,,
q01525,Show hardware details for Block B.,hardware_query,Block B,,,
q01526,Plan upgrades for Programming Lab to run Debian 13.,upgrade_planning,Programming Lab,Debian 13,Oracle Database,Storage
q01527,Is Android Studio supported in Block B?,software_compatibility_check,Block B,,Android Studio,
q01528,Best operating system for Network Lab?,os_recommendation,Network Lab,Ubuntu 24.04,,
q01529,List computers with SSD in Block C.,hardware_query,Block C,,,
q01530,What upgrades are required in Library?,upgrade_planning,Library,Windows 11,PyCharm,RAM upgrade
q01531,Is VMware Workstation supported in Block B?,software_compatibility_check,Block B,,VMware Workstation,
q01532,Show hardware details for Block C.,hardware_query,Block C,,,
q01533,Plan upgrades for Library to run Linux Mint 22.,upgrade_planning,Library,Linux Mint 22,AutoCAD,Secure Boot
q01534,Show hardware details for Programming Lab.,hardware_query,Programming Lab,,,
q01535,Which PCs in Library have 8 GB RAM?,hardware_query,Library,,,
q01536,Plan upgrades for Block B to run Debian 13.,upgrade_planning,Block B,Debian 13,VMware Workstation,TPM
q01537,List machines in Lab 2 that meet Linux Mint 22 requirements.,os_compatibility_check,Lab 2,Linux Mint 22,,
q01538,Show PCs in Lab 2 incompatible with Linux Mint 22.,os_compatibility_check,Lab 2,Linux Mint 22,,
q01539,Which systems support VMware Workstation in Block C?,software_compatibility_check,Block C,,VMware Workstation,
q01540,What applications are compatible with Lab 2 computers?,reverse_software_lookup,Lab 2,,AutoCAD,
q01541,Find systems needing Storage.,upgrade_planning,Lab 2,Windows 10,Android Studio,Storage
q01542,Which systems support AutoCAD 2026 in Network Lab?,software_compatibility_check,Network Lab,,AutoCAD,
q01543,Best operating system for Lab 1?,os_recommendation,Lab 1,Debian 13,,
q01544,Which software can run on computers in Network Lab?,reverse_software_lookup,Network Lab,,Oracle Database,
q01545,Which PCs in Network Lab have 8 GB RAM?,hardware_query,Network Lab,,,
q01546,Recommend the best OS for Lab 1.,os_recommendation,Lab 1,Linux Mint 22,,
q01547,What upgrades are required in Programming Lab?,upgrade_planning,Programming Lab,Windows 11,Blender,Storage
q01548,Which operating system is most suitable for Block A?,os_recommendation,Block A,Ubuntu 24.04,,
q01549,Show hardware details for Lab 2.,hardware_query,Lab 2,,,
q01550,List software supported by PCs in Network Lab.,reverse_software_lookup,Network Lab,,Oracle Database,
q01551,Can systems in Block A support Debian 13?,os_compatibility_check,Block A,Debian 13,,
q01552,Which systems support VS Code in Block B?,software_compatibility_check,Block B,,Visual Studio Code,
q01553,Is Android Studio supported in Network Lab?,software_compatibility_check,Network Lab,,Android Studio,
q01554,Check MATLAB compatibility for Block A.,software_compatibility_check,Block A,,MATLAB,
q01555,Find systems needing CPU.,upgrade_planning,Network Lab,Fedora 42,VMware Workstation,CPU
q01556,Which operating system is most suitable for Network Lab?,os_recommendation,Network Lab,Fedora 42,,
q01557,Display CPU details for Programming Lab.,hardware_query,Programming Lab,,,
q01558,Recommend the best OS for Network Lab.,os_recommendation,Network Lab,Fedora 42,,
q01559,Show hardware details for Block A.,hardware_query,Block A,,,
q01560,Which computers need Storage for PyCharm?,upgrade_planning,Lab 1,Fedora 42,PyCharm,Storage
q01561,Which systems support MATLAB in Lab 1?,software_compatibility_check,Lab 1,,MATLAB,
q01562,Find systems needing RAM upgrade.,upgrade_planning,Block C,Fedora 42,MATLAB,RAM upgrade
q01563,List machines in AI Lab that meet Debian 13 requirements.,os_compatibility_check,AI Lab,Debian 13,,
q01564,Plan upgrades for Network Lab to run Windows 10.,upgrade_planning,Network Lab,Windows 10,Blender,RAM upgrade
q01565,Find software that runs on Lab 2.,reverse_software_lookup,Lab 2,,Oracle Database,
q01566,Which computers in AI Lab can run Ubuntu 24.04?,os_compatibility_check,AI Lab,Ubuntu 24.04,,
q01567,Find software that runs on Library.,reverse_software_lookup,Library,,Oracle Database,
q01568,Which computers in Library can run Windows 10?,os_compatibility_check,Library,Windows 10,,
q01569,Which software can run on computers in Library?,reverse_software_lookup,Library,,Blender,
q01570,Check MATLAB compatibility for Block A.,software_compatibility_check,Block A,,MATLAB,
q01571,Show hardware details for Block C.,hardware_query,Block C,,,
q01572,Display CPU details for Lab 1.,hardware_query,Lab 1,,,
q01573,Find software that runs on Programming Lab.,reverse_software_lookup,Programming Lab,,Blender,
q01574,List machines in Library that meet Windows 10 requirements.,os_compatibility_check,Library,Windows 10,,
q01575,Which PCs in Programming Lab have 8 GB RAM?,hardware_query,Programming Lab,,,
q01576,Which software can run on computers in Block A?,reverse_software_lookup,Block A,,Android Studio,
q01577,Find systems needing Secure Boot.,upgrade_planning,AI Lab,Ubuntu 24.04,Android Studio,Secure Boot
q01578,What applications are compatible with Block B computers?,reverse_software_lookup,Block B,,Visual Studio Code,
q01579,Which computers in Lab 2 can run Windows 11?,os_compatibility_check,Lab 2,Windows 11,,
q01580,Suggest an OS for computers in Block C.,os_recommendation,Block C,Windows 10,,
q01581,Show hardware details for Block A.,hardware_query,Block A,,,
q01582,List machines in Block A that meet Debian 13 requirements.,os_compatibility_check,Block A,Debian 13,,
q01583,Find software that runs on Lab 1.,reverse_software_lookup,Lab 1,,Blender,
q01584,Which computers need Secure Boot for Oracle Database?,upgrade_planning,Block C,Fedora 42,Oracle Database,Secure Boot
q01585,Show hardware details for Lab 2.,hardware_query,Lab 2,,,
q01586,Which PCs in Programming Lab have 8 GB RAM?,hardware_query,Programming Lab,,,
q01587,Display CPU details for Lab 2.,hardware_query,Lab 2,,,
q01588,Can systems in Programming Lab support Windows 10?,os_compatibility_check,Programming Lab,Windows 10,,
q01589,Which software can run on computers in Programming Lab?,reverse_software_lookup,Programming Lab,,Oracle Database,
q01590,Recommend the best OS for Block B.,os_recommendation,Block B,Debian 13,,
q01591,Find systems needing Secure Boot.,upgrade_planning,Block A,Fedora 42,Blender,Secure Boot
q01592,Recommend the best OS for Library.,os_recommendation,Library,Debian 13,,
q01593,Find systems needing Secure Boot.,upgrade_planning,AI Lab,Fedora 42,Android Studio,Secure Boot
q01594,Which operating system is most suitable for AI Lab?,os_recommendation,AI Lab,Linux Mint 22,,
q01595,List software supported by PCs in Network Lab.,reverse_software_lookup,Network Lab,,AutoCAD,
q01596,Which computers in Programming Lab can run Fedora 42?,os_compatibility_check,Programming Lab,Fedora 42,,
q01597,Show hardware details for Block C.,hardware_query,Block C,,,
q01598,Display CPU details for Block B.,hardware_query,Block B,,,
q01599,Find software that runs on Network Lab.,reverse_software_lookup,Network Lab,,VMware Workstation,
q01600,Suggest an OS for computers in Lab 1.,os_recommendation,Lab 1,Windows 11,,
q01601,Show hardware details for Block C.,hardware_query,Block C,,,
q01602,Find systems needing TPM.,upgrade_planning,AI Lab,Ubuntu 24.04,Android Studio,TPM
q01603,Which software can run on computers in Library?,reverse_software_lookup,Library,,MATLAB,
q01604,List software supported by PCs in Block A.,reverse_software_lookup,Block A,,Visual Studio Code,
q01605,Which PCs in Network Lab have 8 GB RAM?,hardware_query,Network Lab,,,
q01606,Plan upgrades for Library to run Debian 13.,upgrade_planning,Library,Debian 13,Blender,Secure Boot
q01607,Recommend the best OS for Lab 1.,os_recommendation,Lab 1,Fedora 42,,
q01608,Display CPU details for Block C.,hardware_query,Block C,,,
q01609,Which systems support Blender in Lab 2?,software_compatibility_check,Lab 2,,Blender,
q01610,Recommend the best OS for Programming Lab.,os_recommendation,Programming Lab,Fedora 42,,
q01611,Is PyCharm supported in Block A?,software_compatibility_check,Block A,,PyCharm,
q01612,What applications are compatible with Lab 2 computers?,reverse_software_lookup,Lab 2,,Oracle Database,
q01613,List machines in Lab 1 that meet Ubuntu 24.04 requirements.,os_compatibility_check,Lab 1,Ubuntu 24.04,,
q01614,Recommend the best OS for AI Lab.,os_recommendation,AI Lab,Linux Mint 22,,
q01615,Find software that runs on Block B.,reverse_software_lookup,Block B,,Visual Studio Code,
q01616,Which computers need CPU for Oracle Database?,upgrade_planning,Library,Fedora 42,Oracle Database,CPU
q01617,Which PCs in AI Lab have 8 GB RAM?,hardware_query,AI Lab,,,
q01618,What upgrades are required in Lab 2?,upgrade_planning,Lab 2,Windows 11,Blender,Storage
q01619,Which computers need Storage for AutoCAD 2026?,upgrade_planning,Block B,Fedora 42,AutoCAD,Storage
q01620,Which PCs in Lab 1 have 8 GB RAM?,hardware_query,Lab 1,,,
q01621,Which computers in Library can run Windows 10?,os_compatibility_check,Library,Windows 10,,
q01622,Show hardware details for Library.,hardware_query,Library,,,
q01623,Check MATLAB compatibility for Network Lab.,software_compatibility_check,Network Lab,,MATLAB,
q01624,Recommend the best OS for Network Lab.,os_recommendation,Network Lab,Linux Mint 22,,
q01625,Which computers need CPU for VS Code?,upgrade_planning,Network Lab,Windows 11,Visual Studio Code,CPU
q01626,Show hardware details for Lab 2.,hardware_query,Lab 2,,,
q01627,Which systems support VMware Workstation in Block B?,software_compatibility_check,Block B,,VMware Workstation,
q01628,Can systems in Lab 2 support Windows 10?,os_compatibility_check,Lab 2,Windows 10,,
q01629,Plan upgrades for Network Lab to run Debian 13.,upgrade_planning,Network Lab,Debian 13,Oracle Database,GPU
q01630,Can systems in AI Lab support Fedora 42?,os_compatibility_check,AI Lab,Fedora 42,,
q01631,Plan upgrades for Block A to run Fedora 42.,upgrade_planning,Block A,Fedora 42,Android Studio,Storage
q01632,Show hardware details for Block B.,hardware_query,Block B,,,
q01633,Can computers in Lab 2 run Blender?,software_compatibility_check,Lab 2,,Blender,
q01634,List machines in Programming Lab that meet Linux Mint 22 requirements.,os_compatibility_check,Programming Lab,Linux Mint 22,,
q01635,Plan upgrades for Block C to run Ubuntu 24.04.,upgrade_planning,Block C,Ubuntu 24.04,VMware Workstation,Storage
q01636,Recommend the best OS for Block A.,os_recommendation,Block A,Windows 11,,
q01637,Find software that runs on Block A.,reverse_software_lookup,Block A,,VMware Workstation,
q01638,Is MATLAB supported in Block B?,software_compatibility_check,Block B,,MATLAB,
q01639,Plan upgrades for Lab 2 to run Debian 13.,upgrade_planning,Lab 2,Debian 13,PyCharm,Storage
q01640,Plan upgrades for Programming Lab to run Fedora 42.,upgrade_planning,Programming Lab,Fedora 42,Blender,CPU
q01641,Which PCs in Block A have 8 GB RAM?,hardware_query,Block A,,,
q01642,Plan upgrades for Lab 2 to run Fedora 42.,upgrade_planning,Lab 2,Fedora 42,AutoCAD,GPU
q01643,Which systems support Oracle Database in Library?,software_compatibility_check,Library,,Oracle Database,
q01644,Plan upgrades for Network Lab to run Windows 10.,upgrade_planning,Network Lab,Windows 10,PyCharm,GPU
q01645,Suggest an OS for computers in Block A.,os_recommendation,Block A,Debian 13,,
q01646,Which PCs in Library have 8 GB RAM?,hardware_query,Library,,,
q01647,Which systems support Oracle Database in Lab 1?,software_compatibility_check,Lab 1,,Oracle Database,
q01648,Find software that runs on Block C.,reverse_software_lookup,Block C,,VMware Workstation,
q01649,Plan upgrades for Block C to run Ubuntu 24.04.,upgrade_planning,Block C,Ubuntu 24.04,Oracle Database,Secure Boot
q01650,Plan upgrades for Block A to run Windows 10.,upgrade_planning,Block A,Windows 10,Blender,Storage
q01651,What applications are compatible with Network Lab computers?,reverse_software_lookup,Network Lab,,Android Studio,
q01652,Which systems support VMware Workstation in Programming Lab?,software_compatibility_check,Programming Lab,,VMware Workstation,
q01653,Recommend the best OS for Programming Lab.,os_recommendation,Programming Lab,Windows 11,,
q01654,Recommend the best OS for Block B.,os_recommendation,Block B,Windows 10,,
q01655,List software supported by PCs in Block B.,reverse_software_lookup,Block B,,AutoCAD,
q01656,List computers with SSD in AI Lab.,hardware_query,AI Lab,,,
q01657,What upgrades are required in Lab 2?,upgrade_planning,Lab 2,Debian 13,Visual Studio Code,Secure Boot
q01658,Can systems in Block C support Windows 11?,os_compatibility_check,Block C,Windows 11,,
q01659,Check MATLAB compatibility for Network Lab.,software_compatibility_check,Network Lab,,MATLAB,
q01660,What applications are compatible with Block C computers?,reverse_software_lookup,Block C,,Oracle Database,
q01661,Can systems in Block C support Linux Mint 22?,os_compatibility_check,Block C,Linux Mint 22,,
q01662,Can systems in AI Lab support Windows 10?,os_compatibility_check,AI Lab,Windows 10,,
q01663,List software supported by PCs in Library.,reverse_software_lookup,Library,,AutoCAD,
q01664,Find software that runs on Block A.,reverse_software_lookup,Block A,,AutoCAD,
q01665,Best operating system for Block A?,os_recommendation,Block A,Fedora 42,,
q01666,Best operating system for Block C?,os_recommendation,Block C,Windows 11,,
q01667,Which PCs in Programming Lab have 8 GB RAM?,hardware_query,Programming Lab,,,
q01668,What applications are compatible with Network Lab computers?,reverse_software_lookup,Network Lab,,VMware Workstation,
q01669,Recommend the best OS for Block B.,os_recommendation,Block B,Ubuntu 24.04,,
q01670,Which operating system is most suitable for Block B?,os_recommendation,Block B,Debian 13,,
q01671,Find systems needing Secure Boot.,upgrade_planning,Lab 2,Debian 13,VMware Workstation,Secure Boot
q01672,List software supported by PCs in Block B.,reverse_software_lookup,Block B,,MATLAB,
q01673,Best operating system for Programming Lab?,os_recommendation,Programming Lab,Debian 13,,
q01674,List machines in Library that meet Linux Mint 22 requirements.,os_compatibility_check,Library,Linux Mint 22,,
q01675,Show PCs in Programming Lab incompatible with Windows 11.,os_compatibility_check,Programming Lab,Windows 11,,
q01676,Recommend the best OS for AI Lab.,os_recommendation,AI Lab,Linux Mint 22,,
q01677,Best operating system for Block A?,os_recommendation,Block A,Ubuntu 24.04,,
q01678,Which operating system is most suitable for Network Lab?,os_recommendation,Network Lab,Debian 13,,
q01679,Can computers in Lab 1 run PyCharm?,software_compatibility_check,Lab 1,,PyCharm,
q01680,Which systems support Blender in Programming Lab?,software_compatibility_check,Programming Lab,,Blender,
q01681,Find systems needing RAM upgrade.,upgrade_planning,AI Lab,Windows 10,Visual Studio Code,RAM upgrade
q01682,Find systems needing Secure Boot.,upgrade_planning,Lab 2,Debian 13,AutoCAD,Secure Boot
q01683,Can computers in Programming Lab run VMware Workstation?,software_compatibility_check,Programming Lab,,VMware Workstation,
q01684,Which operating system is most suitable for Block C?,os_recommendation,Block C,Debian 13,,
q01685,Check MATLAB compatibility for AI Lab.,software_compatibility_check,AI Lab,,MATLAB,
q01686,Can systems in Block A support Fedora 42?,os_compatibility_check,Block A,Fedora 42,,
q01687,Which computers in Network Lab can run Ubuntu 24.04?,os_compatibility_check,Network Lab,Ubuntu 24.04,,
q01688,Recommend the best OS for Block C.,os_recommendation,Block C,Debian 13,,
q01689,Which software can run on computers in Library?,reverse_software_lookup,Library,,VMware Workstation,
q01690,What upgrades are required in Network Lab?,upgrade_planning,Network Lab,Debian 13,PyCharm,TPM
q01691,Best operating system for Block B?,os_recommendation,Block B,Windows 10,,
q01692,Is MATLAB supported in AI Lab?,software_compatibility_check,AI Lab,,MATLAB,
q01693,Can systems in Lab 2 support Ubuntu 24.04?,os_compatibility_check,Lab 2,Ubuntu 24.04,,
q01694,Find systems needing TPM.,upgrade_planning,Network Lab,Windows 10,Blender,TPM
q01695,What applications are compatible with Network Lab computers?,reverse_software_lookup,Network Lab,,Android Studio,
q01696,Show hardware details for Lab 2.,hardware_query,Lab 2,,,
q01697,What applications are compatible with Block A computers?,reverse_software_lookup,Block A,,VMware Workstation,
q01698,Which PCs in Network Lab have 8 GB RAM?,hardware_query,Network Lab,,,
q01699,Find systems needing Secure Boot.,upgrade_planning,Block B,Windows 11,VMware Workstation,Secure Boot
q01700,What upgrades are required in Library?,upgrade_planning,Library,Debian 13,MATLAB,RAM upgrade
q01701,What applications are compatible with AI Lab computers?,reverse_software_lookup,AI Lab,,Android Studio,
q01702,Recommend the best OS for Lab 1.,os_recommendation,Lab 1,Windows 10,,
q01703,Which systems support Blender in Lab 1?,software_compatibility_check,Lab 1,,Blender,
q01704,Find software that runs on Lab 1.,reverse_software_lookup,Lab 1,,Oracle Database,
q01705,Which PCs in Programming Lab have 8 GB RAM?,hardware_query,Programming Lab,,,
q01706,Which computers in Block B can run Linux Mint 22?,os_compatibility_check,Block B,Linux Mint 22,,
q01707,Which PCs in Lab 2 have 8 GB RAM?,hardware_query,Lab 2,,,
q01708,What upgrades are required in Lab 2?,upgrade_planning,Lab 2,Windows 10,VMware Workstation,CPU
q01709,Plan upgrades for Block A to run Fedora 42.,upgrade_planning,Block A,Fedora 42,Blender,GPU
q01710,What upgrades are required in Block A?,upgrade_planning,Block A,Windows 11,Visual Studio Code,Storage
q01711,What applications are compatible with AI Lab computers?,reverse_software_lookup,AI Lab,,Oracle Database,
q01712,List machines in Network Lab that meet Debian 13 requirements.,os_compatibility_check,Network Lab,Debian 13,,
q01713,Plan upgrades for Block A to run Fedora 42.,upgrade_planning,Block A,Fedora 42,Oracle Database,CPU
q01714,Can systems in AI Lab support Windows 11?,os_compatibility_check,AI Lab,Windows 11,,
q01715,Suggest an OS for computers in Block C.,os_recommendation,Block C,Windows 11,,
q01716,Which computers in Lab 2 can run Debian 13?,os_compatibility_check,Lab 2,Debian 13,,
q01717,Show hardware details for Lab 1.,hardware_query,Lab 1,,,
q01718,Show PCs in Block C incompatible with Debian 13.,os_compatibility_check,Block C,Debian 13,,
q01719,Which computers need TPM for Android Studio?,upgrade_planning,Block C,Debian 13,Android Studio,TPM
q01720,Which operating system is most suitable for Block A?,os_recommendation,Block A,Windows 11,,
q01721,Recommend the best OS for Block C.,os_recommendation,Block C,Debian 13,,
q01722,Which systems support VS Code in Network Lab?,software_compatibility_check,Network Lab,,Visual Studio Code,
q01723,What upgrades are required in Lab 2?,upgrade_planning,Lab 2,Fedora 42,Android Studio,Secure Boot
q01724,What upgrades are required in Network Lab?,upgrade_planning,Network Lab,Linux Mint 22,Visual Studio Code,TPM
q01725,Check Oracle Database compatibility for Programming Lab.,software_compatibility_check,Programming Lab,,Oracle Database,
q01726,Plan upgrades for Library to run Windows 11.,upgrade_planning,Library,Windows 11,Visual Studio Code,TPM
q01727,Which computers in Block A can run Fedora 42?,os_compatibility_check,Block A,Fedora 42,,
q01728,Can computers in Lab 2 run Blender?,software_compatibility_check,Lab 2,,Blender,
q01729,What upgrades are required in Network Lab?,upgrade_planning,Network Lab,Ubuntu 24.04,Oracle Database,CPU
q01730,Recommend the best OS for Network Lab.,os_recommendation,Network Lab,Fedora 42,,
q01731,Can systems in Block B support Linux Mint 22?,os_compatibility_check,Block B,Linux Mint 22,,
q01732,Show hardware details for Block B.,hardware_query,Block B,,,
q01733,Show hardware details for Block C.,hardware_query,Block C,,,
q01734,Which software can run on computers in AI Lab?,reverse_software_lookup,AI Lab,,PyCharm,
q01735,Find systems needing CPU.,upgrade_planning,Library,Linux Mint 22,Blender,CPU
q01736,Show hardware details for Network Lab.,hardware_query,Network Lab,,,
q01737,Which computers in Lab 1 can run Windows 10?,os_compatibility_check,Lab 1,Windows 10,,
q01738,Find systems needing RAM upgrade.,upgrade_planning,Block B,Ubuntu 24.04,Android Studio,RAM upgrade
q01739,Can computers in Block B run Android Studio?,software_compatibility_check,Block B,,Android Studio,
q01740,Suggest an OS for computers in Block B.,os_recommendation,Block B,Fedora 42,,
q01741,Which software can run on computers in Lab 1?,reverse_software_lookup,Lab 1,,MATLAB,
q01742,Show PCs in Lab 2 incompatible with Debian 13.,os_compatibility_check,Lab 2,Debian 13,,
q01743,What applications are compatible with Block C computers?,reverse_software_lookup,Block C,,VMware Workstation,
q01744,Which systems support Blender in Programming Lab?,software_compatibility_check,Programming Lab,,Blender,
q01745,Which software can run on computers in Lab 1?,reverse_software_lookup,Lab 1,,AutoCAD,
q01746,Find software that runs on Programming Lab.,reverse_software_lookup,Programming Lab,,VMware Workstation,
q01747,Can systems in AI Lab support Linux Mint 22?,os_compatibility_check,AI Lab,Linux Mint 22,,
q01748,List software supported by PCs in Network Lab.,reverse_software_lookup,Network Lab,,MATLAB,
q01749,List machines in Block B that meet Windows 11 requirements.,os_compatibility_check,Block B,Windows 11,,
q01750,Find software that runs on Lab 2.,reverse_software_lookup,Lab 2,,MATLAB,
q01751,Find systems needing TPM.,upgrade_planning,Lab 1,Ubuntu 24.04,MATLAB,TPM
q01752,List computers with SSD in Block C.,hardware_query,Block C,,,
q01753,Plan upgrades for Library to run Linux Mint 22.,upgrade_planning,Library,Linux Mint 22,Android Studio,TPM
q01754,Which systems support Android Studio in Lab 1?,software_compatibility_check,Lab 1,,Android Studio,
q01755,Display CPU details for Block C.,hardware_query,Block C,,,
q01756,Show hardware details for Network Lab.,hardware_query,Network Lab,,,
q01757,List software supported by PCs in Programming Lab.,reverse_software_lookup,Programming Lab,,MATLAB,
q01758,Which PCs in Lab 2 have 8 GB RAM?,hardware_query,Lab 2,,,
q01759,Show PCs in AI Lab incompatible with Windows 11.,os_compatibility_check,AI Lab,Windows 11,,
q01760,Check MATLAB compatibility for Block C.,software_compatibility_check,Block C,,MATLAB,
q01761,Find systems needing TPM.,upgrade_planning,Library,Fedora 42,Oracle Database,TPM
q01762,Plan upgrades for Lab 2 to run Ubuntu 24.04.,upgrade_planning,Lab 2,Ubuntu 24.04,Visual Studio Code,CPU
q01763,What upgrades are required in AI Lab?,upgrade_planning,AI Lab,Ubuntu 24.04,Android Studio,RAM upgrade
q01764,Check MATLAB compatibility for AI Lab.,software_compatibility_check,AI Lab,,MATLAB,
q01765,Suggest an OS for computers in Block B.,os_recommendation,Block B,Windows 10,,
q01766,Which operating system is most suitable for Block B?,os_recommendation,Block B,Ubuntu 24.04,,
q01767,Which systems support PyCharm in Lab 2?,software_compatibility_check,Lab 2,,PyCharm,
q01768,Can computers in Block A run PyCharm?,software_compatibility_check,Block A,,PyCharm,
q01769,Is Oracle Database supported in Library?,software_compatibility_check,Library,,Oracle Database,
q01770,Display CPU details for Lab 1.,hardware_query,Lab 1,,,
q01771,Suggest an OS for computers in Lab 1.,os_recommendation,Lab 1,Fedora 42,,
q01772,Check Android Studio compatibility for AI Lab.,software_compatibility_check,AI Lab,,Android Studio,
q01773,List machines in Library that meet Windows 11 requirements.,os_compatibility_check,Library,Windows 11,,
q01774,Which operating system is most suitable for Network Lab?,os_recommendation,Network Lab,Ubuntu 24.04,,
q01775,Best operating system for Lab 2?,os_recommendation,Lab 2,Linux Mint 22,,
q01776,Display CPU details for Network Lab.,hardware_query,Network Lab,,,
q01777,Is Blender supported in Lab 1?,software_compatibility_check,Lab 1,,Blender,
q01778,Which software can run on computers in Lab 1?,reverse_software_lookup,Lab 1,,VMware Workstation,
q01779,Find systems needing TPM.,upgrade_planning,Network Lab,Windows 10,MATLAB,TPM
q01780,Display CPU details for Lab 1.,hardware_query,Lab 1,,,
q01781,Can computers in Lab 1 run Blender?,software_compatibility_check,Lab 1,,Blender,
q01782,List computers with SSD in Programming Lab.,hardware_query,Programming Lab,,,
q01783,What applications are compatible with AI Lab computers?,reverse_software_lookup,AI Lab,,VMware Workstation,
q01784,Can computers in AI Lab run VS Code?,software_compatibility_check,AI Lab,,Visual Studio Code,
q01785,Which software can run on computers in Network Lab?,reverse_software_lookup,Network Lab,,AutoCAD,
q01786,Suggest an OS for computers in Block B.,os_recommendation,Block B,Windows 10,,
q01787,Which systems support Blender in Block C?,software_compatibility_check,Block C,,Blender,
q01788,Find software that runs on Network Lab.,reverse_software_lookup,Network Lab,,Blender,
q01789,List computers with SSD in AI Lab.,hardware_query,AI Lab,,,
q01790,Best operating system for Network Lab?,os_recommendation,Network Lab,Debian 13,,
q01791,Suggest an OS for computers in AI Lab.,os_recommendation,AI Lab,Ubuntu 24.04,,
q01792,Which software can run on computers in Programming Lab?,reverse_software_lookup,Programming Lab,,Oracle Database,
q01793,Can computers in Network Lab run AutoCAD 2026?,software_compatibility_check,Network Lab,,AutoCAD,
q01794,Best operating system for Lab 2?,os_recommendation,Lab 2,Fedora 42,,
q01795,Display CPU details for Network Lab.,hardware_query,Network Lab,,,
q01796,What applications are compatible with Programming Lab computers?,reverse_software_lookup,Programming Lab,,Android Studio,
q01797,Which software can run on computers in Block C?,reverse_software_lookup,Block C,,MATLAB,
q01798,Which systems support VS Code in Network Lab?,software_compatibility_check,Network Lab,,Visual Studio Code,
q01799,Which computers in Library can run Fedora 42?,os_compatibility_check,Library,Fedora 42,,
q01800,Find software that runs on Network Lab.,reverse_software_lookup,Network Lab,,MATLAB,
q01801,Find software that runs on Library.,reverse_software_lookup,Library,,VMware Workstation,
q01802,Find systems needing CPU.,upgrade_planning,Library,Linux Mint 22,Blender,CPU
q01803,What applications are compatible with Block A computers?,reverse_software_lookup,Block A,,VMware Workstation,
q01804,Suggest an OS for computers in Network Lab.,os_recommendation,Network Lab,Debian 13,,
q01805,Find software that runs on Block C.,reverse_software_lookup,Block C,,PyCharm,
q01806,List computers with SSD in Block A.,hardware_query,Block A,,,
q01807,Can computers in Block C run VS Code?,software_compatibility_check,Block C,,Visual Studio Code,
q01808,Which computers in Lab 1 can run Linux Mint 22?,os_compatibility_check,Lab 1,Linux Mint 22,,
q01809,Display CPU details for Lab 2.,hardware_query,Lab 2,,,
q01810,Display CPU details for Block A.,hardware_query,Block A,,,
q01811,Show PCs in Programming Lab incompatible with Ubuntu 24.04.,os_compatibility_check,Programming Lab,Ubuntu 24.04,,
q01812,Suggest an OS for computers in Block A.,os_recommendation,Block A,Windows 10,,
q01813,Display CPU details for Lab 2.,hardware_query,Lab 2,,,
q01814,List software supported by PCs in Lab 2.,reverse_software_lookup,Lab 2,,Android Studio,
q01815,Can computers in AI Lab run Oracle Database?,software_compatibility_check,AI Lab,,Oracle Database,
q01816,Is VMware Workstation supported in Lab 1?,software_compatibility_check,Lab 1,,VMware Workstation,
q01817,Suggest an OS for computers in Network Lab.,os_recommendation,Network Lab,Fedora 42,,
q01818,What applications are compatible with Library computers?,reverse_software_lookup,Library,,PyCharm,
q01819,Check Blender compatibility for Library.,software_compatibility_check,Library,,Blender,
q01820,Recommend the best OS for Programming Lab.,os_recommendation,Programming Lab,Linux Mint 22,,
q01821,Suggest an OS for computers in Block C.,os_recommendation,Block C,Windows 10,,
q01822,Show hardware details for Block C.,hardware_query,Block C,,,
q01823,Can computers in Block A run VMware Workstation?,software_compatibility_check,Block A,,VMware Workstation,
q01824,Which software can run on computers in Library?,reverse_software_lookup,Library,,AutoCAD,
q01825,List machines in AI Lab that meet Debian 13 requirements.,os_compatibility_check,AI Lab,Debian 13,,
q01826,Find systems needing TPM.,upgrade_planning,Block B,Windows 11,Android Studio,TPM
q01827,Check VMware Workstation compatibility for Programming Lab.,software_compatibility_check,Programming Lab,,VMware Workstation,
q01828,Find software that runs on Library.,reverse_software_lookup,Library,,Blender,
q01829,Can systems in Block C support Windows 10?,os_compatibility_check,Block C,Windows 10,,
q01830,List machines in Programming Lab that meet Fedora 42 requirements.,os_compatibility_check,Programming Lab,Fedora 42,,
q01831,What applications are compatible with Block C computers?,reverse_software_lookup,Block C,,PyCharm,
q01832,List machines in AI Lab that meet Windows 11 requirements.,os_compatibility_check,AI Lab,Windows 11,,
q01833,Find systems needing Secure Boot.,upgrade_planning,Block C,Debian 13,Android Studio,Secure Boot
q01834,List software supported by PCs in AI Lab.,reverse_software_lookup,AI Lab,,Visual Studio Code,
q01835,Can computers in Library run PyCharm?,software_compatibility_check,Library,,PyCharm,
q01836,List software supported by PCs in Block C.,reverse_software_lookup,Block C,,Android Studio,
q01837,Best operating system for AI Lab?,os_recommendation,AI Lab,Windows 10,,
q01838,Can systems in Programming Lab support Windows 10?,os_compatibility_check,Programming Lab,Windows 10,,
q01839,Recommend the best OS for Lab 1.,os_recommendation,Lab 1,Windows 10,,
q01840,Suggest an OS for computers in Block C.,os_recommendation,Block C,Ubuntu 24.04,,
q01841,Suggest an OS for computers in Library.,os_recommendation,Library,Debian 13,,
q01842,List software supported by PCs in Lab 1.,reverse_software_lookup,Lab 1,,MATLAB,
q01843,Can computers in Lab 2 run Oracle Database?,software_compatibility_check,Lab 2,,Oracle Database,
q01844,Show hardware details for Programming Lab.,hardware_query,Programming Lab,,,
q01845,Display CPU details for Programming Lab.,hardware_query,Programming Lab,,,
q01846,Show PCs in Lab 1 incompatible with Fedora 42.,os_compatibility_check,Lab 1,Fedora 42,,
q01847,Which computers in Block C can run Windows 11?,os_compatibility_check,Block C,Windows 11,,
q01848,What applications are compatible with Library computers?,reverse_software_lookup,Library,,Visual Studio Code,
q01849,Suggest an OS for computers in Programming Lab.,os_recommendation,Programming Lab,Ubuntu 24.04,,
q01850,Recommend the best OS for Lab 1.,os_recommendation,Lab 1,Ubuntu 24.04,,
q01851,Can systems in Block C support Linux Mint 22?,os_compatibility_check,Block C,Linux Mint 22,,
q01852,List software supported by PCs in Library.,reverse_software_lookup,Library,,Android Studio,
q01853,Show PCs in Block B incompatible with Windows 11.,os_compatibility_check,Block B,Windows 11,,
q01854,List machines in Block A that meet Debian 13 requirements.,os_compatibility_check,Block A,Debian 13,,
q01855,Best operating system for Lab 2?,os_recommendation,Lab 2,Fedora 42,,
q01856,Check Android Studio compatibility for Block C.,software_compatibility_check,Block C,,Android Studio,
q01857,Display CPU details for Lab 2.,hardware_query,Lab 2,,,
q01858,Which PCs in Block C have 8 GB RAM?,hardware_query,Block C,,,
q01859,What applications are compatible with AI Lab computers?,reverse_software_lookup,AI Lab,,Visual Studio Code,
q01860,What upgrades are required in Programming Lab?,upgrade_planning,Programming Lab,Linux Mint 22,Android Studio,CPU
q01861,Best operating system for Network Lab?,os_recommendation,Network Lab,Ubuntu 24.04,,
q01862,Can systems in Block B support Windows 11?,os_compatibility_check,Block B,Windows 11,,
q01863,List machines in Lab 1 that meet Windows 11 requirements.,os_compatibility_check,Lab 1,Windows 11,,
q01864,Which computers in Programming Lab can run Windows 10?,os_compatibility_check,Programming Lab,Windows 10,,
q01865,Is VS Code supported in Block C?,software_compatibility_check,Block C,,Visual Studio Code,
q01866,Plan upgrades for Lab 1 to run Windows 11.,upgrade_planning,Lab 1,Windows 11,MATLAB,TPM
q01867,What upgrades are required in Block A?,upgrade_planning,Block A,Windows 11,Visual Studio Code,Secure Boot
q01868,Check Blender compatibility for AI Lab.,software_compatibility_check,AI Lab,,Blender,
q01869,Which computers need CPU for AutoCAD 2026?,upgrade_planning,AI Lab,Windows 10,AutoCAD,CPU
q01870,List software supported by PCs in Block A.,reverse_software_lookup,Block A,,AutoCAD,
q01871,List machines in Network Lab that meet Linux Mint 22 requirements.,os_compatibility_check,Network Lab,Linux Mint 22,,
q01872,Show PCs in Lab 1 incompatible with Ubuntu 24.04.,os_compatibility_check,Lab 1,Ubuntu 24.04,,
q01873,List software supported by PCs in Block B.,reverse_software_lookup,Block B,,PyCharm,
q01874,Plan upgrades for Lab 1 to run Fedora 42.,upgrade_planning,Lab 1,Fedora 42,MATLAB,RAM upgrade
q01875,Display CPU details for Network Lab.,hardware_query,Network Lab,,,
q01876,Show PCs in Block B incompatible with Fedora 42.,os_compatibility_check,Block B,Fedora 42,,
q01877,List machines in Block B that meet Fedora 42 requirements.,os_compatibility_check,Block B,Fedora 42,,
q01878,Recommend the best OS for Block C.,os_recommendation,Block C,Ubuntu 24.04,,
q01879,Best operating system for AI Lab?,os_recommendation,AI Lab,Windows 11,,
q01880,Recommend the best OS for Block A.,os_recommendation,Block A,Debian 13,,
q01881,Recommend the best OS for Lab 1.,os_recommendation,Lab 1,Windows 11,,
q01882,Check PyCharm compatibility for Programming Lab.,software_compatibility_check,Programming Lab,,PyCharm,
q01883,Show PCs in Library incompatible with Windows 10.,os_compatibility_check,Library,Windows 10,,
q01884,Show hardware details for Lab 2.,hardware_query,Lab 2,,,
q01885,Best operating system for Block B?,os_recommendation,Block B,Windows 11,,
q01886,Suggest an OS for computers in Block C.,os_recommendation,Block C,Debian 13,,
q01887,Check PyCharm compatibility for Block B.,software_compatibility_check,Block B,,PyCharm,
q01888,Show PCs in Programming Lab incompatible with Fedora 42.,os_compatibility_check,Programming Lab,Fedora 42,,
q01889,Which computers in Block A can run Ubuntu 24.04?,os_compatibility_check,Block A,Ubuntu 24.04,,
q01890,Which software can run on computers in AI Lab?,reverse_software_lookup,AI Lab,,Blender,
q01891,Plan upgrades for AI Lab to run Ubuntu 24.04.,upgrade_planning,AI Lab,Ubuntu 24.04,Visual Studio Code,CPU
q01892,Which software can run on computers in Network Lab?,reverse_software_lookup,Network Lab,,MATLAB,
q01893,Which PCs in Programming Lab have 8 GB RAM?,hardware_query,Programming Lab,,,
q01894,Plan upgrades for Network Lab to run Linux Mint 22.,upgrade_planning,Network Lab,Linux Mint 22,VMware Workstation,CPU
q01895,Check Oracle Database compatibility for Library.,software_compatibility_check,Library,,Oracle Database,
q01896,Check Blender compatibility for AI Lab.,software_compatibility_check,AI Lab,,Blender,
q01897,List computers with SSD in Lab 2.,hardware_query,Lab 2,,,
q01898,Recommend the best OS for Library.,os_recommendation,Library,Fedora 42,,
q01899,List computers with SSD in Programming Lab.,hardware_query,Programming Lab,,,
q01900,Which software can run on computers in Programming Lab?,reverse_software_lookup,Programming Lab,,PyCharm,
q01901,Display CPU details for AI Lab.,hardware_query,AI Lab,,,
q01902,Best operating system for Network Lab?,os_recommendation,Network Lab,Ubuntu 24.04,,
q01903,Which software can run on computers in AI Lab?,reverse_software_lookup,AI Lab,,Visual Studio Code,
q01904,List software supported by PCs in Network Lab.,reverse_software_lookup,Network Lab,,VMware Workstation,
q01905,Find systems needing RAM upgrade.,upgrade_planning,Library,Debian 13,Oracle Database,RAM upgrade
q01906,Find software that runs on Network Lab.,reverse_software_lookup,Network Lab,,VMware Workstation,
q01907,Which PCs in Programming Lab have 8 GB RAM?,hardware_query,Programming Lab,,,
q01908,Show PCs in Programming Lab incompatible with Linux Mint 22.,os_compatibility_check,Programming Lab,Linux Mint 22,,
q01909,Which computers need GPU for Oracle Database?,upgrade_planning,Network Lab,Debian 13,Oracle Database,GPU
q01910,Check VMware Workstation compatibility for Block A.,software_compatibility_check,Block A,,VMware Workstation,
q01911,Show PCs in Block B incompatible with Windows 11.,os_compatibility_check,Block B,Windows 11,,
q01912,Plan upgrades for Lab 1 to run Ubuntu 24.04.,upgrade_planning,Lab 1,Ubuntu 24.04,Blender,GPU
q01913,Which PCs in Lab 1 have 8 GB RAM?,hardware_query,Lab 1,,,
q01914,List computers with SSD in Block A.,hardware_query,Block A,,,
q01915,Display CPU details for Network Lab.,hardware_query,Network Lab,,,
q01916,Recommend the best OS for Library.,os_recommendation,Library,Linux Mint 22,,
q01917,Check MATLAB compatibility for Network Lab.,software_compatibility_check,Network Lab,,MATLAB,
q01918,Recommend the best OS for Block C.,os_recommendation,Block C,Windows 10,,
q01919,List software supported by PCs in Lab 1.,reverse_software_lookup,Lab 1,,Visual Studio Code,
q01920,Display CPU details for Block A.,hardware_query,Block A,,,
q01921,Which systems support PyCharm in Block C?,software_compatibility_check,Block C,,PyCharm,
q01922,Show PCs in Lab 1 incompatible with Debian 13.,os_compatibility_check,Lab 1,Debian 13,,
q01923,Is VS Code supported in Lab 1?,software_compatibility_check,Lab 1,,Visual Studio Code,
q01924,List computers with SSD in AI Lab.,hardware_query,AI Lab,,,
q01925,What upgrades are required in Network Lab?,upgrade_planning,Network Lab,Debian 13,Visual Studio Code,TPM
q01926,List computers with SSD in Library.,hardware_query,Library,,,
q01927,Can computers in Lab 2 run VS Code?,software_compatibility_check,Lab 2,,Visual Studio Code,
q01928,Check PyCharm compatibility for AI Lab.,software_compatibility_check,AI Lab,,PyCharm,
q01929,Can computers in Block A run VS Code?,software_compatibility_check,Block A,,Visual Studio Code,
q01930,Show PCs in AI Lab incompatible with Debian 13.,os_compatibility_check,AI Lab,Debian 13,,
q01931,Can computers in Block B run VMware Workstation?,software_compatibility_check,Block B,,VMware Workstation,
q01932,Can computers in Lab 1 run Android Studio?,software_compatibility_check,Lab 1,,Android Studio,
q01933,Can systems in Network Lab support Windows 10?,os_compatibility_check,Network Lab,Windows 10,,
q01934,Is Blender supported in Library?,software_compatibility_check,Library,,Blender,
q01935,Which PCs in Lab 2 have 8 GB RAM?,hardware_query,Lab 2,,,
q01936,List machines in Lab 1 that meet Fedora 42 requirements.,os_compatibility_check,Lab 1,Fedora 42,,
q01937,List machines in AI Lab that meet Windows 10 requirements.,os_compatibility_check,AI Lab,Windows 10,,
q01938,Recommend the best OS for Library.,os_recommendation,Library,Linux Mint 22,,
q01939,Display CPU details for Lab 1.,hardware_query,Lab 1,,,
q01940,What applications are compatible with Lab 1 computers?,reverse_software_lookup,Lab 1,,Android Studio,
q01941,Best operating system for Block A?,os_recommendation,Block A,Ubuntu 24.04,,
q01942,Check PyCharm compatibility for Block C.,software_compatibility_check,Block C,,PyCharm,
q01943,Find systems needing CPU.,upgrade_planning,Block B,Debian 13,Visual Studio Code,CPU
q01944,Check Oracle Database compatibility for Block C.,software_compatibility_check,Block C,,Oracle Database,
q01945,Best operating system for Programming Lab?,os_recommendation,Programming Lab,Fedora 42,,
q01946,Plan upgrades for Programming Lab to run Windows 10.,upgrade_planning,Programming Lab,Windows 10,Blender,CPU
q01947,Can computers in Network Lab run PyCharm?,software_compatibility_check,Network Lab,,PyCharm,
q01948,Can systems in Network Lab support Windows 10?,os_compatibility_check,Network Lab,Windows 10,,
q01949,Recommend the best OS for Block B.,os_recommendation,Block B,Debian 13,,
q01950,Which systems support Blender in Block B?,software_compatibility_check,Block B,,Blender,
q01951,Can systems in Block C support Windows 10?,os_compatibility_check,Block C,Windows 10,,
q01952,Which computers need CPU for VS Code?,upgrade_planning,Lab 2,Debian 13,Visual Studio Code,CPU
q01953,Find systems needing Secure Boot.,upgrade_planning,Library,Ubuntu 24.04,Visual Studio Code,Secure Boot
q01954,Which PCs in Block C have 8 GB RAM?,hardware_query,Block C,,,
q01955,List computers with SSD in Block C.,hardware_query,Block C,,,
q01956,Find systems needing RAM upgrade.,upgrade_planning,Lab 2,Fedora 42,AutoCAD,RAM upgrade
q01957,Which systems support AutoCAD 2026 in Library?,software_compatibility_check,Library,,AutoCAD,
q01958,Which PCs in Library have 8 GB RAM?,hardware_query,Library,,,
q01959,Can computers in AI Lab run Oracle Database?,software_compatibility_check,AI Lab,,Oracle Database,
q01960,Show PCs in Lab 1 incompatible with Windows 10.,os_compatibility_check,Lab 1,Windows 10,,
q01961,Find systems needing RAM upgrade.,upgrade_planning,Block C,Windows 10,Android Studio,RAM upgrade
q01962,Which PCs in Network Lab have 8 GB RAM?,hardware_query,Network Lab,,,
q01963,Check Blender compatibility for Library.,software_compatibility_check,Library,,Blender,
q01964,Check AutoCAD 2026 compatibility for Network Lab.,software_compatibility_check,Network Lab,,AutoCAD,
q01965,Which PCs in Block A have 8 GB RAM?,hardware_query,Block A,,,
q01966,Display CPU details for Programming Lab.,hardware_query,Programming Lab,,,
q01967,Which computers need Secure Boot for Blender?,upgrade_planning,AI Lab,Fedora 42,Blender,Secure Boot
q01968,What applications are compatible with Library computers?,reverse_software_lookup,Library,,VMware Workstation,
q01969,Which computers need CPU for AutoCAD 2026?,upgrade_planning,Programming Lab,Windows 10,AutoCAD,CPU
q01970,Find software that runs on Block A.,reverse_software_lookup,Block A,,AutoCAD,
q01971,Show PCs in Block B incompatible with Ubuntu 24.04.,os_compatibility_check,Block B,Ubuntu 24.04,,
q01972,Can computers in Network Lab run Android Studio?,software_compatibility_check,Network Lab,,Android Studio,
q01973,Which software can run on computers in Block A?,reverse_software_lookup,Block A,,PyCharm,
q01974,Which systems support AutoCAD 2026 in Library?,software_compatibility_check,Library,,AutoCAD,
q01975,List computers with SSD in Programming Lab.,hardware_query,Programming Lab,,,
q01976,Which PCs in AI Lab have 8 GB RAM?,hardware_query,AI Lab,,,
q01977,Suggest an OS for computers in Lab 2.,os_recommendation,Lab 2,Fedora 42,,
q01978,What applications are compatible with Block C computers?,reverse_software_lookup,Block C,,Blender,
q01979,Recommend the best OS for Lab 2.,os_recommendation,Lab 2,Fedora 42,,
q01980,Display CPU details for Lab 2.,hardware_query,Lab 2,,,
q01981,Best operating system for Library?,os_recommendation,Library,Windows 11,,
q01982,What applications are compatible with Block B computers?,reverse_software_lookup,Block B,,Visual Studio Code,
q01983,What applications are compatible with Block B computers?,reverse_software_lookup,Block B,,AutoCAD,
q01984,List machines in Library that meet Fedora 42 requirements.,os_compatibility_check,Library,Fedora 42,,
q01985,Show hardware details for Lab 1.,hardware_query,Lab 1,,,
q01986,Which computers need RAM upgrade for MATLAB?,upgrade_planning,Library,Ubuntu 24.04,MATLAB,RAM upgrade
q01987,Display CPU details for Programming Lab.,hardware_query,Programming Lab,,,
q01988,Which operating system is most suitable for Block C?,os_recommendation,Block C,Windows 11,,
q01989,Display CPU details for Library.,hardware_query,Library,,,
q01990,Which systems support VS Code in AI Lab?,software_compatibility_check,AI Lab,,Visual Studio Code,
q01991,Which computers need RAM upgrade for VS Code?,upgrade_planning,Programming Lab,Linux Mint 22,Visual Studio Code,RAM upgrade
q01992,List machines in AI Lab that meet Debian 13 requirements.,os_compatibility_check,AI Lab,Debian 13,,
q01993,Best operating system for Block C?,os_recommendation,Block C,Ubuntu 24.04,,
q01994,Which PCs in Lab 2 have 8 GB RAM?,hardware_query,Lab 2,,,
q01995,List computers with SSD in Programming Lab.,hardware_query,Programming Lab,,,
q01996,List computers with SSD in Programming Lab.,hardware_query,Programming Lab,,,
q01997,Plan upgrades for Block A to run Ubuntu 24.04.,upgrade_planning,Block A,Ubuntu 24.04,VMware Workstation,Storage
q01998,Suggest an OS for computers in Block C.,os_recommendation,Block C,Linux Mint 22,,
q01999,What upgrades are required in Block C?,upgrade_planning,Block C,Windows 10,VMware Workstation,GPU
q02000,Can computers in Lab 1 run PyCharm?,software_compatibility_check,Lab 1,,PyCharm,
q02001,Best operating system for Network Lab?,os_recommendation,Network Lab,Windows 10,,
q02002,What upgrades are required in AI Lab?,upgrade_planning,AI Lab,Fedora 42,AutoCAD,TPM
q02003,List computers with SSD in Library.,hardware_query,Library,,,
q02004,Check VMware Workstation compatibility for Block A.,software_compatibility_check,Block A,,VMware Workstation,
q02005,What applications are compatible with Block A computers?,reverse_software_lookup,Block A,,MATLAB,
q02006,Display CPU details for Block C.,hardware_query,Block C,,,
q02007,Which PCs in Library have 8 GB RAM?,hardware_query,Library,,,
q02008,Recommend the best OS for Block C.,os_recommendation,Block C,Windows 10,,
q02009,Best operating system for Network Lab?,os_recommendation,Network Lab,Linux Mint 22,,
q02010,Find software that runs on Block C.,reverse_software_lookup,Block C,,MATLAB,
q02011,Check Blender compatibility for Lab 2.,software_compatibility_check,Lab 2,,Blender,
q02012,Is VS Code supported in Lab 1?,software_compatibility_check,Lab 1,,Visual Studio Code,
q02013,Can computers in Lab 2 run AutoCAD 2026?,software_compatibility_check,Lab 2,,AutoCAD,
q02014,List computers with SSD in Library.,hardware_query,Library,,,
q02015,Display CPU details for Library.,hardware_query,Library,,,
q02016,Display CPU details for Lab 1.,hardware_query,Lab 1,,,
q02017,Best operating system for Library?,os_recommendation,Library,Windows 11,,
q02018,Find software that runs on Block A.,reverse_software_lookup,Block A,,Visual Studio Code,
q02019,What applications are compatible with Network Lab computers?,reverse_software_lookup,Network Lab,,Oracle Database,
q02020,List machines in Lab 1 that meet Fedora 42 requirements.,os_compatibility_check,Lab 1,Fedora 42,,
q02021,What applications are compatible with Block A computers?,reverse_software_lookup,Block A,,Visual Studio Code,
q02022,Show PCs in Lab 2 incompatible with Windows 10.,os_compatibility_check,Lab 2,Windows 10,,
q02023,List machines in Lab 1 that meet Fedora 42 requirements.,os_compatibility_check,Lab 1,Fedora 42,,
q02024,What upgrades are required in Library?,upgrade_planning,Library,Windows 11,VMware Workstation,Secure Boot
q02025,What upgrades are required in Block C?,upgrade_planning,Block C,Ubuntu 24.04,Oracle Database,TPM
q02026,Find software that runs on Lab 1.,reverse_software_lookup,Lab 1,,Blender,
q02027,Which computers in Programming Lab can run Linux Mint 22?,os_compatibility_check,Programming Lab,Linux Mint 22,,
q02028,Best operating system for Network Lab?,os_recommendation,Network Lab,Fedora 42,,
q02029,List software supported by PCs in Block C.,reverse_software_lookup,Block C,,Android Studio,
q02030,Which operating system is most suitable for Lab 1?,os_recommendation,Lab 1,Debian 13,,
q02031,Which software can run on computers in Lab 1?,reverse_software_lookup,Lab 1,,Visual Studio Code,
q02032,List machines in Block A that meet Windows 10 requirements.,os_compatibility_check,Block A,Windows 10,,
q02033,Plan upgrades for Block C to run Debian 13.,upgrade_planning,Block C,Debian 13,Android Studio,GPU
q02034,Check MATLAB compatibility for Programming Lab.,software_compatibility_check,Programming Lab,,MATLAB,
q02035,Show PCs in Lab 2 incompatible with Debian 13.,os_compatibility_check,Lab 2,Debian 13,,
q02036,Plan upgrades for Block B to run Debian 13.,upgrade_planning,Block B,Debian 13,PyCharm,TPM
q02037,What upgrades are required in Programming Lab?,upgrade_planning,Programming Lab,Windows 11,Blender,Secure Boot
q02038,Best operating system for AI Lab?,os_recommendation,AI Lab,Ubuntu 24.04,,
q02039,Best operating system for Block C?,os_recommendation,Block C,Windows 10,,
q02040,Show hardware details for Network Lab.,hardware_query,Network Lab,,,
q02041,What applications are compatible with Lab 2 computers?,reverse_software_lookup,Lab 2,,Android Studio,
q02042,Show PCs in Lab 1 incompatible with Debian 13.,os_compatibility_check,Lab 1,Debian 13,,
q02043,List computers with SSD in Lab 2.,hardware_query,Lab 2,,,
q02044,Which software can run on computers in Lab 1?,reverse_software_lookup,Lab 1,,Visual Studio Code,
q02045,Can systems in Library support Ubuntu 24.04?,os_compatibility_check,Library,Ubuntu 24.04,,
q02046,Which systems support PyCharm in Library?,software_compatibility_check,Library,,PyCharm,
q02047,What applications are compatible with Network Lab computers?,reverse_software_lookup,Network Lab,,MATLAB,
q02048,Find software that runs on Lab 1.,reverse_software_lookup,Lab 1,,Blender,
q02049,Which software can run on computers in Block A?,reverse_software_lookup,Block A,,VMware Workstation,
q02050,Check VMware Workstation compatibility for Programming Lab.,software_compatibility_check,Programming Lab,,VMware Workstation,
q02051,List machines in Network Lab that meet Ubuntu 24.04 requirements.,os_compatibility_check,Network Lab,Ubuntu 24.04,,
q02052,Is VMware Workstation supported in Lab 1?,software_compatibility_check,Lab 1,,VMware Workstation,
q02053,List computers with SSD in Network Lab.,hardware_query,Network Lab,,,
q02054,Which systems support Blender in Network Lab?,software_compatibility_check,Network Lab,,Blender,
q02055,Show hardware details for Block B.,hardware_query,Block B,,,
q02056,List software supported by PCs in Block A.,reverse_software_lookup,Block A,,Android Studio,
q02057,Suggest an OS for computers in AI Lab.,os_recommendation,AI Lab,Ubuntu 24.04,,
q02058,What upgrades are required in AI Lab?,upgrade_planning,AI Lab,Linux Mint 22,PyCharm,Secure Boot
q02059,Find software that runs on Network Lab.,reverse_software_lookup,Network Lab,,VMware Workstation,
q02060,Which operating system is most suitable for Network Lab?,os_recommendation,Network Lab,Fedora 42,,
q02061,Which PCs in Network Lab have 8 GB RAM?,hardware_query,Network Lab,,,
q02062,Which systems support VMware Workstation in Block C?,software_compatibility_check,Block C,,VMware Workstation,
q02063,What applications are compatible with AI Lab computers?,reverse_software_lookup,AI Lab,,Blender,
q02064,Which operating system is most suitable for Lab 1?,os_recommendation,Lab 1,Ubuntu 24.04,,
q02065,Find systems needing Storage.,upgrade_planning,Lab 2,Linux Mint 22,Android Studio,Storage
q02066,Which PCs in Programming Lab have 8 GB RAM?,hardware_query,Programming Lab,,,
q02067,Can systems in Block C support Windows 10?,os_compatibility_check,Block C,Windows 10,,
q02068,Which operating system is most suitable for Library?,os_recommendation,Library,Windows 11,,
q02069,Best operating system for Block C?,os_recommendation,Block C,Linux Mint 22,,
q02070,Which operating system is most suitable for Lab 2?,os_recommendation,Lab 2,Windows 11,,
q02071,List machines in Block C that meet Ubuntu 24.04 requirements.,os_compatibility_check,Block C,Ubuntu 24.04,,
q02072,Can systems in AI Lab support Linux Mint 22?,os_compatibility_check,AI Lab,Linux Mint 22,,
q02073,Best operating system for Lab 2?,os_recommendation,Lab 2,Ubuntu 24.04,,
q02074,Which computers in Programming Lab can run Ubuntu 24.04?,os_compatibility_check,Programming Lab,Ubuntu 24.04,,
q02075,Which systems support VS Code in Network Lab?,software_compatibility_check,Network Lab,,Visual Studio Code,
q02076,Plan upgrades for Programming Lab to run Ubuntu 24.04.,upgrade_planning,Programming Lab,Ubuntu 24.04,AutoCAD,RAM upgrade
q02077,List software supported by PCs in Block C.,reverse_software_lookup,Block C,,Visual Studio Code,
q02078,Recommend the best OS for AI Lab.,os_recommendation,AI Lab,Windows 11,,
q02079,Which PCs in Block B have 8 GB RAM?,hardware_query,Block B,,,
q02080,Which systems support VS Code in Block A?,software_compatibility_check,Block A,,Visual Studio Code,
q02081,Is Blender supported in Library?,software_compatibility_check,Library,,Blender,
q02082,Which operating system is most suitable for Block A?,os_recommendation,Block A,Linux Mint 22,,
q02083,Which computers in Lab 1 can run Windows 11?,os_compatibility_check,Lab 1,Windows 11,,
q02084,Which software can run on computers in Lab 2?,reverse_software_lookup,Lab 2,,Android Studio,
q02085,Suggest an OS for computers in Network Lab.,os_recommendation,Network Lab,Linux Mint 22,,
q02086,Which operating system is most suitable for AI Lab?,os_recommendation,AI Lab,Ubuntu 24.04,,
q02087,Recommend the best OS for Network Lab.,os_recommendation,Network Lab,Ubuntu 24.04,,
q02088,Display CPU details for Lab 2.,hardware_query,Lab 2,,,
q02089,List software supported by PCs in Block A.,reverse_software_lookup,Block A,,Android Studio,
q02090,Is Blender supported in Lab 2?,software_compatibility_check,Lab 2,,Blender,
q02091,Recommend the best OS for Library.,os_recommendation,Library,Ubuntu 24.04,,
q02092,Show hardware details for Library.,hardware_query,Library,,,
q02093,Display CPU details for Programming Lab.,hardware_query,Programming Lab,,,
q02094,Is AutoCAD 2026 supported in Lab 1?,software_compatibility_check,Lab 1,,AutoCAD,
q02095,Can computers in Block B run Oracle Database?,software_compatibility_check,Block B,,Oracle Database,
q02096,Which software can run on computers in AI Lab?,reverse_software_lookup,AI Lab,,MATLAB,
q02097,What upgrades are required in Block B?,upgrade_planning,Block B,Ubuntu 24.04,PyCharm,Storage
q02098,What upgrades are required in Programming Lab?,upgrade_planning,Programming Lab,Fedora 42,Oracle Database,CPU
q02099,Can systems in Lab 1 support Fedora 42?,os_compatibility_check,Lab 1,Fedora 42,,
q02100,Which systems support VMware Workstation in Lab 2?,software_compatibility_check,Lab 2,,VMware Workstation,
q02101,Which computers in Programming Lab can run Windows 10?,os_compatibility_check,Programming Lab,Windows 10,,
q02102,Which software can run on computers in Block B?,reverse_software_lookup,Block B,,PyCharm,
q02103,Which operating system is most suitable for Lab 1?,os_recommendation,Lab 1,Debian 13,,
q02104,Plan upgrades for Lab 1 to run Linux Mint 22.,upgrade_planning,Lab 1,Linux Mint 22,PyCharm,RAM upgrade
q02105,Which software can run on computers in Block C?,reverse_software_lookup,Block C,,VMware Workstation,
q02106,Which computers need RAM upgrade for VMware Workstation?,upgrade_planning,Block A,Fedora 42,VMware Workstation,RAM upgrade
q02107,Show PCs in AI Lab incompatible with Windows 10.,os_compatibility_check,AI Lab,Windows 10,,
q02108,Display CPU details for Block B.,hardware_query,Block B,,,
q02109,Suggest an OS for computers in Lab 1.,os_recommendation,Lab 1,Fedora 42,,
q02110,Show hardware details for Network Lab.,hardware_query,Network Lab,,,
q02111,List computers with SSD in Lab 2.,hardware_query,Lab 2,,,
q02112,Display CPU details for Library.,hardware_query,Library,,,
q02113,Plan upgrades for Programming Lab to run Windows 11.,upgrade_planning,Programming Lab,Windows 11,Android Studio,CPU
q02114,List machines in AI Lab that meet Windows 10 requirements.,os_compatibility_check,AI Lab,Windows 10,,
q02115,Which PCs in Block A have 8 GB RAM?,hardware_query,Block A,,,
q02116,Can computers in Block A run VMware Workstation?,software_compatibility_check,Block A,,VMware Workstation,
q02117,Which computers in Block C can run Ubuntu 24.04?,os_compatibility_check,Block C,Ubuntu 24.04,,
q02118,What applications are compatible with Programming Lab computers?,reverse_software_lookup,Programming Lab,,Visual Studio Code,
q02119,List software supported by PCs in Block C.,reverse_software_lookup,Block C,,MATLAB,
q02120,Find software that runs on Block C.,reverse_software_lookup,Block C,,Android Studio,
q02121,Which systems support VMware Workstation in Lab 2?,software_compatibility_check,Lab 2,,VMware Workstation,
q02122,Find software that runs on Block A.,reverse_software_lookup,Block A,,Blender,
q02123,Find software that runs on Network Lab.,reverse_software_lookup,Network Lab,,Blender,
q02124,Find systems needing CPU.,upgrade_planning,Programming Lab,Linux Mint 22,Blender,CPU
q02125,What upgrades are required in Network Lab?,upgrade_planning,Network Lab,Windows 10,Android Studio,Storage
q02126,Check Android Studio compatibility for Network Lab.,software_compatibility_check,Network Lab,,Android Studio,
q02127,Recommend the best OS for Programming Lab.,os_recommendation,Programming Lab,Ubuntu 24.04,,
q02128,Check VMware Workstation compatibility for Library.,software_compatibility_check,Library,,VMware Workstation,
q02129,Suggest an OS for computers in Block B.,os_recommendation,Block B,Windows 10,,
q02130,What upgrades are required in AI Lab?,upgrade_planning,AI Lab,Debian 13,MATLAB,Secure Boot
q02131,Which systems support VS Code in Library?,software_compatibility_check,Library,,Visual Studio Code,
q02132,List machines in Block C that meet Fedora 42 requirements.,os_compatibility_check,Block C,Fedora 42,,
q02133,Can systems in Programming Lab support Debian 13?,os_compatibility_check,Programming Lab,Debian 13,,
q02134,Which systems support Blender in AI Lab?,software_compatibility_check,AI Lab,,Blender,
q02135,Which PCs in Block B have 8 GB RAM?,hardware_query,Block B,,,
q02136,Recommend the best OS for Lab 2.,os_recommendation,Lab 2,Debian 13,,
q02137,Find systems needing TPM.,upgrade_planning,Network Lab,Fedora 42,Blender,TPM
q02138,Show hardware details for Network Lab.,hardware_query,Network Lab,,,
q02139,List machines in Block A that meet Ubuntu 24.04 requirements.,os_compatibility_check,Block A,Ubuntu 24.04,,
q02140,Find systems needing Storage.,upgrade_planning,Block B,Fedora 42,PyCharm,Storage
q02141,Can computers in Lab 1 run AutoCAD 2026?,software_compatibility_check,Lab 1,,AutoCAD,
q02142,Can systems in AI Lab support Windows 10?,os_compatibility_check,AI Lab,Windows 10,,
q02143,Which computers need GPU for PyCharm?,upgrade_planning,Network Lab,Fedora 42,PyCharm,GPU
q02144,Can systems in Network Lab support Windows 11?,os_compatibility_check,Network Lab,Windows 11,,
q02145,List computers with SSD in Lab 1.,hardware_query,Lab 1,,,
q02146,Display CPU details for AI Lab.,hardware_query,AI Lab,,,
q02147,Check MATLAB compatibility for Library.,software_compatibility_check,Library,,MATLAB,
q02148,Display CPU details for Lab 2.,hardware_query,Lab 2,,,
q02149,Which computers need Secure Boot for AutoCAD 2026?,upgrade_planning,Library,Windows 10,AutoCAD,Secure Boot
q02150,Can computers in Library run VS Code?,software_compatibility_check,Library,,Visual Studio Code,
q02151,Is Android Studio supported in Lab 1?,software_compatibility_check,Lab 1,,Android Studio,
q02152,List software supported by PCs in Block B.,reverse_software_lookup,Block B,,Android Studio,
q02153,Which computers need TPM for PyCharm?,upgrade_planning,Lab 1,Windows 10,PyCharm,TPM
q02154,What applications are compatible with Block A computers?,reverse_software_lookup,Block A,,Blender,
q02155,Which software can run on computers in Network Lab?,reverse_software_lookup,Network Lab,,PyCharm,
q02156,Plan upgrades for Block A to run Debian 13.,upgrade_planning,Block A,Debian 13,MATLAB,TPM
q02157,Display CPU details for Library.,hardware_query,Library,,,
q02158,Display CPU details for Block B.,hardware_query,Block B,,,
q02159,Can computers in Lab 2 run PyCharm?,software_compatibility_check,Lab 2,,PyCharm,
q02160,Which computers need TPM for MATLAB?,upgrade_planning,Programming Lab,Windows 10,MATLAB,TPM
q02161,What applications are compatible with Block C computers?,reverse_software_lookup,Block C,,VMware Workstation,
q02162,Check Oracle Database compatibility for Programming Lab.,software_compatibility_check,Programming Lab,,Oracle Database,
q02163,What applications are compatible with Block A computers?,reverse_software_lookup,Block A,,AutoCAD,
q02164,Which systems support Blender in Lab 2?,software_compatibility_check,Lab 2,,Blender,
q02165,Show hardware details for Block A.,hardware_query,Block A,,,
q02166,What upgrades are required in Block C?,upgrade_planning,Block C,Windows 10,Oracle Database,TPM
q02167,Show hardware details for Library.,hardware_query,Library,,,
q02168,Find software that runs on Lab 1.,reverse_software_lookup,Lab 1,,PyCharm,
q02169,Suggest an OS for computers in Block B.,os_recommendation,Block B,Ubuntu 24.04,,
q02170,Find systems needing CPU.,upgrade_planning,Library,Windows 11,Visual Studio Code,CPU
q02171,Which computers in Lab 1 can run Linux Mint 22?,os_compatibility_check,Lab 1,Linux Mint 22,,
q02172,Which software can run on computers in Network Lab?,reverse_software_lookup,Network Lab,,VMware Workstation,
q02173,Show PCs in Block B incompatible with Ubuntu 24.04.,os_compatibility_check,Block B,Ubuntu 24.04,,
q02174,List software supported by PCs in Network Lab.,reverse_software_lookup,Network Lab,,AutoCAD,
q02175,What upgrades are required in Network Lab?,upgrade_planning,Network Lab,Windows 10,MATLAB,Secure Boot
q02176,Suggest an OS for computers in Lab 2.,os_recommendation,Lab 2,Ubuntu 24.04,,
q02177,Check Blender compatibility for Lab 2.,software_compatibility_check,Lab 2,,Blender,
q02178,Is VMware Workstation supported in Block A?,software_compatibility_check,Block A,,VMware Workstation,
q02179,What applications are compatible with Block A computers?,reverse_software_lookup,Block A,,VMware Workstation,
q02180,Find software that runs on Programming Lab.,reverse_software_lookup,Programming Lab,,PyCharm,
q02181,Which PCs in Lab 2 have 8 GB RAM?,hardware_query,Lab 2,,,
q02182,Can systems in Block C support Linux Mint 22?,os_compatibility_check,Block C,Linux Mint 22,,
q02183,Which operating system is most suitable for Programming Lab?,os_recommendation,Programming Lab,Windows 10,,
q02184,Find software that runs on AI Lab.,reverse_software_lookup,AI Lab,,Blender,
q02185,Find systems needing Secure Boot.,upgrade_planning,Block C,Windows 10,Android Studio,Secure Boot
q02186,Show hardware details for Library.,hardware_query,Library,,,
q02187,What upgrades are required in Block B?,upgrade_planning,Block B,Fedora 42,AutoCAD,GPU
q02188,List machines in Block A that meet Debian 13 requirements.,os_compatibility_check,Block A,Debian 13,,
q02189,Which PCs in Lab 2 have 8 GB RAM?,hardware_query,Lab 2,,,
q02190,Show hardware details for Block C.,hardware_query,Block C,,,
q02191,Which computers in Programming Lab can run Debian 13?,os_compatibility_check,Programming Lab,Debian 13,,
q02192,Plan upgrades for Library to run Ubuntu 24.04.,upgrade_planning,Library,Ubuntu 24.04,AutoCAD,CPU
q02193,Can computers in Block A run MATLAB?,software_compatibility_check,Block A,,MATLAB,
q02194,Which computers in Block C can run Debian 13?,os_compatibility_check,Block C,Debian 13,,
q02195,Suggest an OS for computers in Block A.,os_recommendation,Block A,Linux Mint 22,,
q02196,Find software that runs on Library.,reverse_software_lookup,Library,,Oracle Database,
q02197,Which computers need GPU for Android Studio?,upgrade_planning,Block B,Windows 10,Android Studio,GPU
q02198,Which PCs in Block B have 8 GB RAM?,hardware_query,Block B,,,
q02199,List software supported by PCs in AI Lab.,reverse_software_lookup,AI Lab,,MATLAB,
q02200,Display CPU details for Programming Lab.,hardware_query,Programming Lab,,,
q02201,Which operating system is most suitable for Library?,os_recommendation,Library,Fedora 42,,
q02202,Show hardware details for Lab 1.,hardware_query,Lab 1,,,
q02203,Which PCs in Library have 8 GB RAM?,hardware_query,Library,,,
q02204,List machines in Network Lab that meet Windows 11 requirements.,os_compatibility_check,Network Lab,Windows 11,,
q02205,Which PCs in Library have 8 GB RAM?,hardware_query,Library,,,
q02206,Can computers in Lab 2 run AutoCAD 2026?,software_compatibility_check,Lab 2,,AutoCAD,
q02207,Plan upgrades for Library to run Windows 10.,upgrade_planning,Library,Windows 10,Visual Studio Code,RAM upgrade
q02208,Show hardware details for Network Lab.,hardware_query,Network Lab,,,
q02209,Which systems support Blender in AI Lab?,software_compatibility_check,AI Lab,,Blender,
q02210,Display CPU details for AI Lab.,hardware_query,AI Lab,,,
q02211,Can computers in Network Lab run Android Studio?,software_compatibility_check,Network Lab,,Android Studio,
q02212,Find systems needing CPU.,upgrade_planning,Lab 1,Fedora 42,Visual Studio Code,CPU
q02213,Find software that runs on AI Lab.,reverse_software_lookup,AI Lab,,MATLAB,
q02214,Which software can run on computers in AI Lab?,reverse_software_lookup,AI Lab,,VMware Workstation,
q02215,Plan upgrades for Library to run Linux Mint 22.,upgrade_planning,Library,Linux Mint 22,Blender,Storage
q02216,Which PCs in Library have 8 GB RAM?,hardware_query,Library,,,
q02217,Plan upgrades for Network Lab to run Fedora 42.,upgrade_planning,Network Lab,Fedora 42,VMware Workstation,TPM
q02218,Which computers need RAM upgrade for Oracle Database?,upgrade_planning,AI Lab,Ubuntu 24.04,Oracle Database,RAM upgrade
q02219,Can computers in Block C run Android Studio?,software_compatibility_check,Block C,,Android Studio,
q02220,Suggest an OS for computers in Network Lab.,os_recommendation,Network Lab,Debian 13,,
q02221,Find software that runs on Programming Lab.,reverse_software_lookup,Programming Lab,,VMware Workstation,
q02222,Display CPU details for Lab 2.,hardware_query,Lab 2,,,
q02223,Which PCs in AI Lab have 8 GB RAM?,hardware_query,AI Lab,,,
q02224,Plan upgrades for Library to run Windows 11.,upgrade_planning,Library,Windows 11,Blender,Storage
q02225,What upgrades are required in Block B?,upgrade_planning,Block B,Linux Mint 22,AutoCAD,Secure Boot
q02226,List software supported by PCs in Lab 2.,reverse_software_lookup,Lab 2,,Android Studio,
q02227,Check PyCharm compatibility for Block B.,software_compatibility_check,Block B,,PyCharm,
q02228,Suggest an OS for computers in Library.,os_recommendation,Library,Windows 11,,
q02229,List machines in Programming Lab that meet Linux Mint 22 requirements.,os_compatibility_check,Programming Lab,Linux Mint 22,,
q02230,Find software that runs on Network Lab.,reverse_software_lookup,Network Lab,,AutoCAD,
q02231,Which systems support Blender in Block A?,software_compatibility_check,Block A,,Blender,
q02232,Suggest an OS for computers in Lab 1.,os_recommendation,Lab 1,Ubuntu 24.04,,
q02233,What applications are compatible with Block C computers?,reverse_software_lookup,Block C,,Oracle Database,
q02234,List machines in Block B that meet Linux Mint 22 requirements.,os_compatibility_check,Block B,Linux Mint 22,,
q02235,List machines in AI Lab that meet Fedora 42 requirements.,os_compatibility_check,AI Lab,Fedora 42,,
q02236,Can computers in Network Lab run Android Studio?,software_compatibility_check,Network Lab,,Android Studio,
q02237,Suggest an OS for computers in Lab 1.,os_recommendation,Lab 1,Ubuntu 24.04,,
q02238,Which PCs in Library have 8 GB RAM?,hardware_query,Library,,,
q02239,What upgrades are required in Block B?,upgrade_planning,Block B,Debian 13,MATLAB,RAM upgrade
q02240,Which computers in Programming Lab can run Linux Mint 22?,os_compatibility_check,Programming Lab,Linux Mint 22,,
q02241,List computers with SSD in Lab 1.,hardware_query,Lab 1,,,
q02242,Can systems in Network Lab support Linux Mint 22?,os_compatibility_check,Network Lab,Linux Mint 22,,
q02243,Find software that runs on AI Lab.,reverse_software_lookup,AI Lab,,Oracle Database,
q02244,Check Blender compatibility for Block C.,software_compatibility_check,Block C,,Blender,
q02245,Which PCs in Block A have 8 GB RAM?,hardware_query,Block A,,,
q02246,Which operating system is most suitable for Network Lab?,os_recommendation,Network Lab,Ubuntu 24.04,,
q02247,Suggest an OS for computers in Library.,os_recommendation,Library,Windows 11,,
q02248,Show PCs in Lab 1 incompatible with Ubuntu 24.04.,os_compatibility_check,Lab 1,Ubuntu 24.04,,
q02249,Which PCs in Block C have 8 GB RAM?,hardware_query,Block C,,,
q02250,List computers with SSD in Block C.,hardware_query,Block C,,,
q02251,Plan upgrades for Library to run Windows 11.,upgrade_planning,Library,Windows 11,AutoCAD,GPU
q02252,Which computers need GPU for VS Code?,upgrade_planning,Block B,Debian 13,Visual Studio Code,GPU
q02253,Check Oracle Database compatibility for Block C.,software_compatibility_check,Block C,,Oracle Database,
q02254,Can systems in AI Lab support Linux Mint 22?,os_compatibility_check,AI Lab,Linux Mint 22,,
q02255,List computers with SSD in Programming Lab.,hardware_query,Programming Lab,,,
q02256,Display CPU details for Block C.,hardware_query,Block C,,,
q02257,Which computers in Lab 1 can run Windows 11?,os_compatibility_check,Lab 1,Windows 11,,
q02258,Which operating system is most suitable for Block B?,os_recommendation,Block B,Debian 13,,
q02259,Which computers need Secure Boot for PyCharm?,upgrade_planning,Block B,Ubuntu 24.04,PyCharm,Secure Boot
q02260,List machines in Lab 2 that meet Ubuntu 24.04 requirements.,os_compatibility_check,Lab 2,Ubuntu 24.04,,
q02261,Which PCs in Lab 2 have 8 GB RAM?,hardware_query,Lab 2,,,
q02262,Can systems in Lab 2 support Debian 13?,os_compatibility_check,Lab 2,Debian 13,,
q02263,List software supported by PCs in Block B.,reverse_software_lookup,Block B,,Oracle Database,
q02264,Recommend the best OS for Lab 2.,os_recommendation,Lab 2,Fedora 42,,
q02265,List software supported by PCs in Lab 1.,reverse_software_lookup,Lab 1,,Blender,
q02266,What upgrades are required in Lab 2?,upgrade_planning,Lab 2,Ubuntu 24.04,VMware Workstation,Secure Boot
q02267,Is Oracle Database supported in Library?,software_compatibility_check,Library,,Oracle Database,
q02268,Can systems in Block A support Windows 10?,os_compatibility_check,Block A,Windows 10,,
q02269,Which operating system is most suitable for Library?,os_recommendation,Library,Linux Mint 22,,
q02270,Recommend the best OS for Library.,os_recommendation,Library,Fedora 42,,
q02271,Plan upgrades for Block C to run Windows 11.,upgrade_planning,Block C,Windows 11,VMware Workstation,Secure Boot
q02272,Is Blender supported in Block A?,software_compatibility_check,Block A,,Blender,
q02273,Which computers in AI Lab can run Linux Mint 22?,os_compatibility_check,AI Lab,Linux Mint 22,,
q02274,Recommend the best OS for Block C.,os_recommendation,Block C,Debian 13,,
q02275,What applications are compatible with AI Lab computers?,reverse_software_lookup,AI Lab,,Oracle Database,
q02276,Recommend the best OS for Library.,os_recommendation,Library,Windows 10,,
q02277,Can systems in Block A support Debian 13?,os_compatibility_check,Block A,Debian 13,,
q02278,List machines in Network Lab that meet Windows 10 requirements.,os_compatibility_check,Network Lab,Windows 10,,
q02279,List software supported by PCs in Library.,reverse_software_lookup,Library,,Oracle Database,
q02280,Which computers need TPM for PyCharm?,upgrade_planning,Lab 1,Windows 10,PyCharm,TPM
q02281,List computers with SSD in Network Lab.,hardware_query,Network Lab,,,
q02282,List software supported by PCs in Programming Lab.,reverse_software_lookup,Programming Lab,,PyCharm,
q02283,List machines in Lab 1 that meet Linux Mint 22 requirements.,os_compatibility_check,Lab 1,Linux Mint 22,,
q02284,Which computers need CPU for VS Code?,upgrade_planning,Programming Lab,Windows 11,Visual Studio Code,CPU
q02285,Which operating system is most suitable for AI Lab?,os_recommendation,AI Lab,Linux Mint 22,,
q02286,Can systems in Block B support Windows 11?,os_compatibility_check,Block B,Windows 11,,
q02287,Check Oracle Database compatibility for Library.,software_compatibility_check,Library,,Oracle Database,
q02288,Which operating system is most suitable for Block A?,os_recommendation,Block A,Windows 10,,
q02289,What applications are compatible with Lab 1 computers?,reverse_software_lookup,Lab 1,,MATLAB,
q02290,Check Android Studio compatibility for Block A.,software_compatibility_check,Block A,,Android Studio,
q02291,Find systems needing GPU.,upgrade_planning,Block A,Windows 10,AutoCAD,GPU
q02292,Which computers need RAM upgrade for PyCharm?,upgrade_planning,Lab 1,Windows 11,PyCharm,RAM upgrade
q02293,Suggest an OS for computers in Block A.,os_recommendation,Block A,Debian 13,,
q02294,Which systems support VMware Workstation in Block C?,software_compatibility_check,Block C,,VMware Workstation,
q02295,What applications are compatible with Library computers?,reverse_software_lookup,Library,,PyCharm,
q02296,Show hardware details for Network Lab.,hardware_query,Network Lab,,,
q02297,Which computers in Library can run Linux Mint 22?,os_compatibility_check,Library,Linux Mint 22,,
q02298,Which computers need TPM for Oracle Database?,upgrade_planning,Lab 1,Windows 11,Oracle Database,TPM
q02299,Which PCs in Lab 1 have 8 GB RAM?,hardware_query,Lab 1,,,
q02300,Best operating system for Library?,os_recommendation,Library,Ubuntu 24.04,,
q02301,Can computers in Block B run Blender?,software_compatibility_check,Block B,,Blender,
q02302,Best operating system for Network Lab?,os_recommendation,Network Lab,Ubuntu 24.04,,
q02303,Which systems support Oracle Database in Block B?,software_compatibility_check,Block B,,Oracle Database,
q02304,Suggest an OS for computers in AI Lab.,os_recommendation,AI Lab,Fedora 42,,
q02305,Find systems needing Secure Boot.,upgrade_planning,AI Lab,Windows 10,Visual Studio Code,Secure Boot
q02306,List software supported by PCs in Block C.,reverse_software_lookup,Block C,,VMware Workstation,
q02307,Check Blender compatibility for Lab 2.,software_compatibility_check,Lab 2,,Blender,
q02308,Which PCs in Library have 8 GB RAM?,hardware_query,Library,,,
q02309,Suggest an OS for computers in Library.,os_recommendation,Library,Ubuntu 24.04,,
q02310,Find software that runs on Library.,reverse_software_lookup,Library,,Blender,
q02311,Display CPU details for Lab 2.,hardware_query,Lab 2,,,
q02312,List software supported by PCs in Network Lab.,reverse_software_lookup,Network Lab,,PyCharm,
q02313,Suggest an OS for computers in Network Lab.,os_recommendation,Network Lab,Ubuntu 24.04,,
q02314,What upgrades are required in Block C?,upgrade_planning,Block C,Debian 13,AutoCAD,Storage
q02315,Plan upgrades for Block C to run Windows 10.,upgrade_planning,Block C,Windows 10,VMware Workstation,Secure Boot
q02316,Which operating system is most suitable for Lab 2?,os_recommendation,Lab 2,Fedora 42,,
q02317,Which computers in Library can run Windows 11?,os_compatibility_check,Library,Windows 11,,
q02318,Which PCs in Block C have 8 GB RAM?,hardware_query,Block C,,,
q02319,Which computers in Block A can run Debian 13?,os_compatibility_check,Block A,Debian 13,,
q02320,Can systems in Lab 2 support Fedora 42?,os_compatibility_check,Lab 2,Fedora 42,,
q02321,Best operating system for Programming Lab?,os_recommendation,Programming Lab,Windows 10,,
q02322,Show PCs in Network Lab incompatible with Fedora 42.,os_compatibility_check,Network Lab,Fedora 42,,
q02323,Recommend the best OS for Library.,os_recommendation,Library,Fedora 42,,
q02324,Check VS Code compatibility for Block C.,software_compatibility_check,Block C,,Visual Studio Code,
q02325,Recommend the best OS for Block B.,os_recommendation,Block B,Fedora 42,,
q02326,What upgrades are required in Network Lab?,upgrade_planning,Network Lab,Windows 10,PyCharm,GPU
q02327,Which operating system is most suitable for Block C?,os_recommendation,Block C,Fedora 42,,
q02328,Display CPU details for Lab 2.,hardware_query,Lab 2,,,
q02329,List computers with SSD in Network Lab.,hardware_query,Network Lab,,,
q02330,Which PCs in Block A have 8 GB RAM?,hardware_query,Block A,,,
q02331,Which PCs in Block C have 8 GB RAM?,hardware_query,Block C,,,
q02332,What upgrades are required in Block A?,upgrade_planning,Block A,Windows 11,Android Studio,RAM upgrade
q02333,List computers with SSD in Lab 1.,hardware_query,Lab 1,,,
q02334,Which systems support VMware Workstation in Lab 1?,software_compatibility_check,Lab 1,,VMware Workstation,
q02335,Check Oracle Database compatibility for Library.,software_compatibility_check,Library,,Oracle Database,
q02336,Display CPU details for Block A.,hardware_query,Block A,,,
q02337,Plan upgrades for Block A to run Windows 10.,upgrade_planning,Block A,Windows 10,VMware Workstation,GPU
q02338,List machines in Block B that meet Debian 13 requirements.,os_compatibility_check,Block B,Debian 13,,
q02339,List computers with SSD in Network Lab.,hardware_query,Network Lab,,,
q02340,Which systems support VMware Workstation in Programming Lab?,software_compatibility_check,Programming Lab,,VMware Workstation,
q02341,Plan upgrades for Library to run Debian 13.,upgrade_planning,Library,Debian 13,AutoCAD,RAM upgrade
q02342,List software supported by PCs in Lab 2.,reverse_software_lookup,Lab 2,,Android Studio,
q02343,Display CPU details for Programming Lab.,hardware_query,Programming Lab,,,
q02344,Plan upgrades for Lab 1 to run Debian 13.,upgrade_planning,Lab 1,Debian 13,Android Studio,RAM upgrade
q02345,Is Blender supported in Block A?,software_compatibility_check,Block A,,Blender,
q02346,Check Android Studio compatibility for Network Lab.,software_compatibility_check,Network Lab,,Android Studio,
q02347,Display CPU details for Programming Lab.,hardware_query,Programming Lab,,,
q02348,List machines in Block A that meet Linux Mint 22 requirements.,os_compatibility_check,Block A,Linux Mint 22,,
q02349,List computers with SSD in Lab 1.,hardware_query,Lab 1,,,
q02350,List computers with SSD in Block A.,hardware_query,Block A,,,
q02351,Which software can run on computers in Block B?,reverse_software_lookup,Block B,,AutoCAD,
q02352,Which PCs in Programming Lab have 8 GB RAM?,hardware_query,Programming Lab,,,
q02353,Which computers need Storage for VMware Workstation?,upgrade_planning,AI Lab,Windows 11,VMware Workstation,Storage
q02354,Which software can run on computers in Block B?,reverse_software_lookup,Block B,,Blender,
q02355,Find software that runs on Lab 2.,reverse_software_lookup,Lab 2,,Blender,
q02356,What upgrades are required in Network Lab?,upgrade_planning,Network Lab,Fedora 42,Blender,Secure Boot
q02357,List software supported by PCs in Lab 1.,reverse_software_lookup,Lab 1,,VMware Workstation,
q02358,Which computers need RAM upgrade for Blender?,upgrade_planning,Block C,Debian 13,Blender,RAM upgrade
q02359,Suggest an OS for computers in Network Lab.,os_recommendation,Network Lab,Windows 11,,
q02360,Can computers in Block B run Blender?,software_compatibility_check,Block B,,Blender,
q02361,Which PCs in Block A have 8 GB RAM?,hardware_query,Block A,,,
q02362,What applications are compatible with AI Lab computers?,reverse_software_lookup,AI Lab,,AutoCAD,
q02363,Which operating system is most suitable for AI Lab?,os_recommendation,AI Lab,Linux Mint 22,,
q02364,What applications are compatible with Lab 1 computers?,reverse_software_lookup,Lab 1,,MATLAB,
q02365,List software supported by PCs in Library.,reverse_software_lookup,Library,,VMware Workstation,
q02366,Which operating system is most suitable for Block C?,os_recommendation,Block C,Windows 11,,
q02367,Find systems needing RAM upgrade.,upgrade_planning,Block B,Fedora 42,Blender,RAM upgrade
q02368,List computers with SSD in AI Lab.,hardware_query,AI Lab,,,
q02369,Is Blender supported in Network Lab?,software_compatibility_check,Network Lab,,Blender,
q02370,Which systems support Oracle Database in Block A?,software_compatibility_check,Block A,,Oracle Database,
q02371,Which computers in Lab 2 can run Linux Mint 22?,os_compatibility_check,Lab 2,Linux Mint 22,,
q02372,Can systems in Network Lab support Windows 10?,os_compatibility_check,Network Lab,Windows 10,,
q02373,What applications are compatible with Block C computers?,reverse_software_lookup,Block C,,PyCharm,
q02374,Show PCs in Block B incompatible with Linux Mint 22.,os_compatibility_check,Block B,Linux Mint 22,,
q02375,Which systems support Android Studio in Programming Lab?,software_compatibility_check,Programming Lab,,Android Studio,
q02376,Show PCs in Library incompatible with Windows 10.,os_compatibility_check,Library,Windows 10,,
q02377,Show PCs in Library incompatible with Windows 10.,os_compatibility_check,Library,Windows 10,,
q02378,Is MATLAB supported in Lab 1?,software_compatibility_check,Lab 1,,MATLAB,
q02379,Which PCs in Lab 2 have 8 GB RAM?,hardware_query,Lab 2,,,
q02380,Show PCs in Block A incompatible with Fedora 42.,os_compatibility_check,Block A,Fedora 42,,
q02381,Which systems support MATLAB in Programming Lab?,software_compatibility_check,Programming Lab,,MATLAB,
q02382,Check AutoCAD 2026 compatibility for Lab 1.,software_compatibility_check,Lab 1,,AutoCAD,
q02383,Which software can run on computers in Programming Lab?,reverse_software_lookup,Programming Lab,,Android Studio,
q02384,What upgrades are required in Library?,upgrade_planning,Library,Fedora 42,MATLAB,TPM
q02385,Show hardware details for Lab 2.,hardware_query,Lab 2,,,
q02386,Is PyCharm supported in Block A?,software_compatibility_check,Block A,,PyCharm,
q02387,Which software can run on computers in Lab 2?,reverse_software_lookup,Lab 2,,Oracle Database,
q02388,Find systems needing RAM upgrade.,upgrade_planning,AI Lab,Windows 10,PyCharm,RAM upgrade
q02389,Which computers need TPM for Android Studio?,upgrade_planning,Lab 2,Ubuntu 24.04,Android Studio,TPM
q02390,Which computers in Block A can run Windows 11?,os_compatibility_check,Block A,Windows 11,,
q02391,Best operating system for Network Lab?,os_recommendation,Network Lab,Debian 13,,
q02392,Show PCs in Lab 1 incompatible with Fedora 42.,os_compatibility_check,Lab 1,Fedora 42,,
q02393,Show hardware details for AI Lab.,hardware_query,AI Lab,,,
q02394,Display CPU details for AI Lab.,hardware_query,AI Lab,,,
q02395,What applications are compatible with AI Lab computers?,reverse_software_lookup,AI Lab,,PyCharm,
q02396,List machines in Programming Lab that meet Windows 11 requirements.,os_compatibility_check,Programming Lab,Windows 11,,
q02397,Can computers in AI Lab run MATLAB?,software_compatibility_check,AI Lab,,MATLAB,
q02398,List software supported by PCs in Block A.,reverse_software_lookup,Block A,,VMware Workstation,
q02399,Can computers in Block A run PyCharm?,software_compatibility_check,Block A,,PyCharm,
q02400,Can systems in Block A support Windows 11?,os_compatibility_check,Block A,Windows 11,,
q02401,Suggest an OS for computers in Network Lab.,os_recommendation,Network Lab,Fedora 42,,
q02402,Which computers need CPU for PyCharm?,upgrade_planning,Lab 1,Ubuntu 24.04,PyCharm,CPU
q02403,Show hardware details for Block C.,hardware_query,Block C,,,
q02404,List machines in Block C that meet Ubuntu 24.04 requirements.,os_compatibility_check,Block C,Ubuntu 24.04,,
q02405,Which systems support VS Code in Library?,software_compatibility_check,Library,,Visual Studio Code,
q02406,Which computers need GPU for PyCharm?,upgrade_planning,Block C,Linux Mint 22,PyCharm,GPU
q02407,Check VS Code compatibility for Block B.,software_compatibility_check,Block B,,Visual Studio Code,
q02408,What applications are compatible with Block A computers?,reverse_software_lookup,Block A,,PyCharm,
q02409,Which operating system is most suitable for Block A?,os_recommendation,Block A,Linux Mint 22,,
q02410,Which computers need RAM upgrade for AutoCAD 2026?,upgrade_planning,Block C,Ubuntu 24.04,AutoCAD,RAM upgrade
q02411,Which PCs in Lab 1 have 8 GB RAM?,hardware_query,Lab 1,,,
q02412,Find systems needing Secure Boot.,upgrade_planning,Block A,Windows 11,PyCharm,Secure Boot
q02413,Find software that runs on Lab 2.,reverse_software_lookup,Lab 2,,Oracle Database,
q02414,List computers with SSD in Block A.,hardware_query,Block A,,,
q02415,Which PCs in AI Lab have 8 GB RAM?,hardware_query,AI Lab,,,
q02416,Display CPU details for Lab 1.,hardware_query,Lab 1,,,
q02417,Which computers in Block C can run Fedora 42?,os_compatibility_check,Block C,Fedora 42,,
q02418,Which operating system is most suitable for Library?,os_recommendation,Library,Debian 13,,
q02419,Display CPU details for AI Lab.,hardware_query,AI Lab,,,
q02420,Which software can run on computers in Block A?,reverse_software_lookup,Block A,,Oracle Database,
q02421,Plan upgrades for Block A to run Windows 10.,upgrade_planning,Block A,Windows 10,Visual Studio Code,Secure Boot
q02422,Show hardware details for Block A.,hardware_query,Block A,,,
q02423,Which operating system is most suitable for Block C?,os_recommendation,Block C,Ubuntu 24.04,,
q02424,What upgrades are required in Block B?,upgrade_planning,Block B,Fedora 42,AutoCAD,RAM upgrade
q02425,Which operating system is most suitable for Block A?,os_recommendation,Block A,Windows 10,,
q02426,Can systems in Block A support Windows 10?,os_compatibility_check,Block A,Windows 10,,
q02427,Find software that runs on Network Lab.,reverse_software_lookup,Network Lab,,PyCharm,
q02428,Display CPU details for Lab 1.,hardware_query,Lab 1,,,
q02429,Which software can run on computers in Lab 1?,reverse_software_lookup,Lab 1,,Android Studio,
q02430,List machines in Programming Lab that meet Linux Mint 22 requirements.,os_compatibility_check,Programming Lab,Linux Mint 22,,
q02431,Which systems support Blender in Block C?,software_compatibility_check,Block C,,Blender,
q02432,Which PCs in Programming Lab have 8 GB RAM?,hardware_query,Programming Lab,,,
q02433,Check MATLAB compatibility for Block A.,software_compatibility_check,Block A,,MATLAB,
q02434,Can systems in Lab 1 support Fedora 42?,os_compatibility_check,Lab 1,Fedora 42,,
q02435,Which computers in Block C can run Linux Mint 22?,os_compatibility_check,Block C,Linux Mint 22,,
q02436,Check VMware Workstation compatibility for Lab 1.,software_compatibility_check,Lab 1,,VMware Workstation,
q02437,Show PCs in Library incompatible with Ubuntu 24.04.,os_compatibility_check,Library,Ubuntu 24.04,,
q02438,Can systems in Block B support Fedora 42?,os_compatibility_check,Block B,Fedora 42,,
q02439,List computers with SSD in Lab 1.,hardware_query,Lab 1,,,
q02440,Which software can run on computers in Network Lab?,reverse_software_lookup,Network Lab,,Visual Studio Code,
q02441,Show PCs in Block A incompatible with Ubuntu 24.04.,os_compatibility_check,Block A,Ubuntu 24.04,,
q02442,Is Oracle Database supported in AI Lab?,software_compatibility_check,AI Lab,,Oracle Database,
q02443,Display CPU details for Lab 1.,hardware_query,Lab 1,,,
q02444,Best operating system for Block B?,os_recommendation,Block B,Windows 10,,
q02445,Which systems support AutoCAD 2026 in Block C?,software_compatibility_check,Block C,,AutoCAD,
q02446,List machines in Block C that meet Debian 13 requirements.,os_compatibility_check,Block C,Debian 13,,
q02447,Which computers in AI Lab can run Windows 11?,os_compatibility_check,AI Lab,Windows 11,,
q02448,Check Oracle Database compatibility for Block C.,software_compatibility_check,Block C,,Oracle Database,
q02449,Find systems needing Secure Boot.,upgrade_planning,Block B,Windows 11,MATLAB,Secure Boot
q02450,Which operating system is most suitable for AI Lab?,os_recommendation,AI Lab,Linux Mint 22,,
q02451,Which software can run on computers in Library?,reverse_software_lookup,Library,,Visual Studio Code,
q02452,Check PyCharm compatibility for AI Lab.,software_compatibility_check,AI Lab,,PyCharm,
q02453,Recommend the best OS for Block C.,os_recommendation,Block C,Linux Mint 22,,
q02454,Show hardware details for Library.,hardware_query,Library,,,
q02455,Which computers in Library can run Windows 10?,os_compatibility_check,Library,Windows 10,,
q02456,List machines in Block C that meet Windows 11 requirements.,os_compatibility_check,Block C,Windows 11,,
q02457,Find systems needing CPU.,upgrade_planning,Block B,Windows 11,Blender,CPU
q02458,What upgrades are required in Library?,upgrade_planning,Library,Linux Mint 22,MATLAB,CPU
q02459,Which software can run on computers in AI Lab?,reverse_software_lookup,AI Lab,,Android Studio,
q02460,Which operating system is most suitable for Block C?,os_recommendation,Block C,Fedora 42,,
q02461,Check PyCharm compatibility for Block C.,software_compatibility_check,Block C,,PyCharm,
q02462,What upgrades are required in Lab 1?,upgrade_planning,Lab 1,Linux Mint 22,VMware Workstation,TPM
q02463,Which operating system is most suitable for Library?,os_recommendation,Library,Windows 10,,
q02464,Which operating system is most suitable for Library?,os_recommendation,Library,Debian 13,,
q02465,Which software can run on computers in Block B?,reverse_software_lookup,Block B,,MATLAB,
q02466,Which software can run on computers in Block B?,reverse_software_lookup,Block B,,Android Studio,
q02467,Which systems support MATLAB in Network Lab?,software_compatibility_check,Network Lab,,MATLAB,
q02468,Suggest an OS for computers in Block A.,os_recommendation,Block A,Debian 13,,
q02469,Which operating system is most suitable for AI Lab?,os_recommendation,AI Lab,Ubuntu 24.04,,
q02470,Which computers need Storage for PyCharm?,upgrade_planning,AI Lab,Linux Mint 22,PyCharm,Storage
q02471,Is Blender supported in Block B?,software_compatibility_check,Block B,,Blender,
q02472,Suggest an OS for computers in Block A.,os_recommendation,Block A,Windows 11,,
q02473,What upgrades are required in Block A?,upgrade_planning,Block A,Windows 10,Blender,CPU
q02474,Plan upgrades for Programming Lab to run Linux Mint 22.,upgrade_planning,Programming Lab,Linux Mint 22,PyCharm,Secure Boot
q02475,List software supported by PCs in Lab 1.,reverse_software_lookup,Lab 1,,Android Studio,
q02476,Which systems support VMware Workstation in Programming Lab?,software_compatibility_check,Programming Lab,,VMware Workstation,
q02477,Find systems needing Storage.,upgrade_planning,Block B,Windows 11,Android Studio,Storage
q02478,Which systems support Android Studio in Block A?,software_compatibility_check,Block A,,Android Studio,
q02479,Show PCs in Block B incompatible with Windows 11.,os_compatibility_check,Block B,Windows 11,,
q02480,Can systems in Block A support Ubuntu 24.04?,os_compatibility_check,Block A,Ubuntu 24.04,,
q02481,Show hardware details for Block C.,hardware_query,Block C,,,
q02482,Which systems support Oracle Database in Network Lab?,software_compatibility_check,Network Lab,,Oracle Database,
q02483,Find software that runs on Library.,reverse_software_lookup,Library,,Android Studio,
q02484,Which systems support Oracle Database in Lab 2?,software_compatibility_check,Lab 2,,Oracle Database,
q02485,Can systems in AI Lab support Debian 13?,os_compatibility_check,AI Lab,Debian 13,,
q02486,Which operating system is most suitable for Library?,os_recommendation,Library,Ubuntu 24.04,,
q02487,List machines in Block C that meet Debian 13 requirements.,os_compatibility_check,Block C,Debian 13,,
q02488,List software supported by PCs in AI Lab.,reverse_software_lookup,AI Lab,,Oracle Database,
q02489,Which systems support AutoCAD 2026 in Library?,software_compatibility_check,Library,,AutoCAD,
q02490,Check PyCharm compatibility for Library.,software_compatibility_check,Library,,PyCharm,
q02491,Which systems support MATLAB in Library?,software_compatibility_check,Library,,MATLAB,
q02492,Suggest an OS for computers in AI Lab.,os_recommendation,AI Lab,Windows 10,,
q02493,Can computers in Lab 1 run MATLAB?,software_compatibility_check,Lab 1,,MATLAB,
q02494,Which operating system is most suitable for Programming Lab?,os_recommendation,Programming Lab,Linux Mint 22,,
q02495,What applications are compatible with Lab 2 computers?,reverse_software_lookup,Lab 2,,VMware Workstation,
q02496,What upgrades are required in Block A?,upgrade_planning,Block A,Windows 11,Oracle Database,Storage
q02497,Suggest an OS for computers in AI Lab.,os_recommendation,AI Lab,Ubuntu 24.04,,
q02498,What upgrades are required in Block C?,upgrade_planning,Block C,Linux Mint 22,VMware Workstation,Secure Boot
q02499,Which computers in AI Lab can run Debian 13?,os_compatibility_check,AI Lab,Debian 13,,
q02500,Find software that runs on Programming Lab.,reverse_software_lookup,Programming Lab,,PyCharm,
q02501,Suggest an OS for computers in Network Lab.,os_recommendation,Network Lab,Ubuntu 24.04,,
q02502,Is PyCharm supported in Block B?,software_compatibility_check,Block B,,PyCharm,
q02503,Plan upgrades for Lab 1 to run Windows 10.,upgrade_planning,Lab 1,Windows 10,AutoCAD,Secure Boot
q02504,Suggest an OS for computers in Library.,os_recommendation,Library,Debian 13,,
q02505,Find systems needing Secure Boot.,upgrade_planning,Lab 1,Debian 13,PyCharm,Secure Boot
q02506,What upgrades are required in Library?,upgrade_planning,Library,Linux Mint 22,MATLAB,Storage
q02507,Which PCs in Lab 2 have 8 GB RAM?,hardware_query,Lab 2,,,
q02508,Check Blender compatibility for Programming Lab.,software_compatibility_check,Programming Lab,,Blender,
q02509,Which PCs in Network Lab have 8 GB RAM?,hardware_query,Network Lab,,,
q02510,List computers with SSD in Programming Lab.,hardware_query,Programming Lab,,,
q02511,Find systems needing GPU.,upgrade_planning,Programming Lab,Fedora 42,Android Studio,GPU
q02512,Plan upgrades for Lab 1 to run Fedora 42.,upgrade_planning,Lab 1,Fedora 42,MATLAB,Storage
q02513,Which computers need Storage for PyCharm?,upgrade_planning,Network Lab,Fedora 42,PyCharm,Storage
q02514,What upgrades are required in Lab 1?,upgrade_planning,Lab 1,Ubuntu 24.04,Oracle Database,Secure Boot
q02515,What upgrades are required in AI Lab?,upgrade_planning,AI Lab,Windows 11,VMware Workstation,TPM
q02516,Which computers in Lab 1 can run Ubuntu 24.04?,os_compatibility_check,Lab 1,Ubuntu 24.04,,
q02517,Show hardware details for Lab 2.,hardware_query,Lab 2,,,
q02518,Find software that runs on Library.,reverse_software_lookup,Library,,Android Studio,
q02519,Which operating system is most suitable for Programming Lab?,os_recommendation,Programming Lab,Ubuntu 24.04,,
q02520,Best operating system for Programming Lab?,os_recommendation,Programming Lab,Ubuntu 24.04,,
q02521,Which PCs in Lab 1 have 8 GB RAM?,hardware_query,Lab 1,,,
q02522,List computers with SSD in Block B.,hardware_query,Block B,,,
q02523,Check PyCharm compatibility for Lab 1.,software_compatibility_check,Lab 1,,PyCharm,
q02524,Plan upgrades for Network Lab to run Debian 13.,upgrade_planning,Network Lab,Debian 13,VMware Workstation,CPU
q02525,Find software that runs on Programming Lab.,reverse_software_lookup,Programming Lab,,Visual Studio Code,
q02526,Which software can run on computers in Lab 1?,reverse_software_lookup,Lab 1,,AutoCAD,
q02527,Can systems in Network Lab support Fedora 42?,os_compatibility_check,Network Lab,Fedora 42,,
q02528,Suggest an OS for computers in Block A.,os_recommendation,Block A,Ubuntu 24.04,,
q02529,Can systems in Block A support Windows 10?,os_compatibility_check,Block A,Windows 10,,
q02530,List machines in Network Lab that meet Fedora 42 requirements.,os_compatibility_check,Network Lab,Fedora 42,,
q02531,Recommend the best OS for Lab 2.,os_recommendation,Lab 2,Linux Mint 22,,
q02532,Which operating system is most suitable for Network Lab?,os_recommendation,Network Lab,Ubuntu 24.04,,
q02533,Which computers need CPU for VS Code?,upgrade_planning,Lab 1,Ubuntu 24.04,Visual Studio Code,CPU
q02534,List computers with SSD in Library.,hardware_query,Library,,,
q02535,What applications are compatible with Network Lab computers?,reverse_software_lookup,Network Lab,,MATLAB,
q02536,Best operating system for Lab 2?,os_recommendation,Lab 2,Windows 10,,
q02537,List software supported by PCs in Network Lab.,reverse_software_lookup,Network Lab,,AutoCAD,
q02538,Plan upgrades for Lab 1 to run Debian 13.,upgrade_planning,Lab 1,Debian 13,VMware Workstation,TPM
q02539,Suggest an OS for computers in Network Lab.,os_recommendation,Network Lab,Fedora 42,,
q02540,Suggest an OS for computers in Lab 2.,os_recommendation,Lab 2,Windows 11,,
q02541,Plan upgrades for Block B to run Debian 13.,upgrade_planning,Block B,Debian 13,Oracle Database,Secure Boot
q02542,Find systems needing TPM.,upgrade_planning,Block B,Linux Mint 22,Oracle Database,TPM
q02543,Can computers in Programming Lab run VMware Workstation?,software_compatibility_check,Programming Lab,,VMware Workstation,
q02544,What applications are compatible with Block C computers?,reverse_software_lookup,Block C,,Blender,
q02545,Which PCs in Lab 1 have 8 GB RAM?,hardware_query,Lab 1,,,
q02546,List software supported by PCs in Block A.,reverse_software_lookup,Block A,,Oracle Database,
q02547,Which computers need Storage for Blender?,upgrade_planning,Network Lab,Windows 10,Blender,Storage
q02548,What applications are compatible with AI Lab computers?,reverse_software_lookup,AI Lab,,Blender,
q02549,Which systems support Android Studio in Library?,software_compatibility_check,Library,,Android Studio,
q02550,Can computers in Block C run PyCharm?,software_compatibility_check,Block C,,PyCharm,
q02551,What upgrades are required in Block B?,upgrade_planning,Block B,Ubuntu 24.04,Blender,GPU
q02552,What applications are compatible with Block B computers?,reverse_software_lookup,Block B,,Android Studio,
q02553,Show PCs in Lab 1 incompatible with Linux Mint 22.,os_compatibility_check,Lab 1,Linux Mint 22,,
q02554,Show PCs in Lab 1 incompatible with Fedora 42.,os_compatibility_check,Lab 1,Fedora 42,,
q02555,Which computers need Storage for MATLAB?,upgrade_planning,Programming Lab,Ubuntu 24.04,MATLAB,Storage
q02556,Which computers need Storage for AutoCAD 2026?,upgrade_planning,Library,Windows 10,AutoCAD,Storage
q02557,Suggest an OS for computers in Lab 2.,os_recommendation,Lab 2,Windows 10,,
q02558,Which software can run on computers in AI Lab?,reverse_software_lookup,AI Lab,,AutoCAD,
q02559,Which PCs in Block C have 8 GB RAM?,hardware_query,Block C,,,
q02560,Can systems in Library support Fedora 42?,os_compatibility_check,Library,Fedora 42,,
q02561,Can systems in Library support Windows 10?,os_compatibility_check,Library,Windows 10,,
q02562,Check Blender compatibility for Lab 2.,software_compatibility_check,Lab 2,,Blender,
q02563,Can systems in Library support Windows 10?,os_compatibility_check,Library,Windows 10,,
q02564,Suggest an OS for computers in Lab 1.,os_recommendation,Lab 1,Debian 13,,
q02565,Find systems needing Storage.,upgrade_planning,Block C,Fedora 42,VMware Workstation,Storage
q02566,Can computers in Network Lab run AutoCAD 2026?,software_compatibility_check,Network Lab,,AutoCAD,
q02567,Which computers need TPM for Android Studio?,upgrade_planning,Library,Ubuntu 24.04,Android Studio,TPM
q02568,List software supported by PCs in AI Lab.,reverse_software_lookup,AI Lab,,Visual Studio Code,
q02569,Which computers in Block A can run Debian 13?,os_compatibility_check,Block A,Debian 13,,
q02570,Which software can run on computers in Lab 2?,reverse_software_lookup,Lab 2,,PyCharm,
q02571,Which software can run on computers in Block C?,reverse_software_lookup,Block C,,Visual Studio Code,
q02572,Show hardware details for Lab 2.,hardware_query,Lab 2,,,
q02573,Check Oracle Database compatibility for Library.,software_compatibility_check,Library,,Oracle Database,
q02574,Best operating system for Programming Lab?,os_recommendation,Programming Lab,Fedora 42,,
q02575,Find software that runs on Lab 2.,reverse_software_lookup,Lab 2,,MATLAB,
q02576,What applications are compatible with Block A computers?,reverse_software_lookup,Block A,,PyCharm,
q02577,Plan upgrades for Programming Lab to run Windows 11.,upgrade_planning,Programming Lab,Windows 11,Oracle Database,TPM
q02578,Which operating system is most suitable for AI Lab?,os_recommendation,AI Lab,Debian 13,,
q02579,Plan upgrades for Block A to run Windows 11.,upgrade_planning,Block A,Windows 11,Oracle Database,Secure Boot
q02580,What upgrades are required in Network Lab?,upgrade_planning,Network Lab,Ubuntu 24.04,PyCharm,RAM upgrade
q02581,Which computers need Storage for Oracle Database?,upgrade_planning,AI Lab,Fedora 42,Oracle Database,Storage
q02582,Plan upgrades for Lab 2 to run Windows 10.,upgrade_planning,Lab 2,Windows 10,MATLAB,Secure Boot
q02583,List machines in Block C that meet Ubuntu 24.04 requirements.,os_compatibility_check,Block C,Ubuntu 24.04,,
q02584,What upgrades are required in AI Lab?,upgrade_planning,AI Lab,Debian 13,Visual Studio Code,CPU
q02585,Show PCs in Block A incompatible with Debian 13.,os_compatibility_check,Block A,Debian 13,,
q02586,Which computers need TPM for PyCharm?,upgrade_planning,Lab 2,Windows 11,PyCharm,TPM
q02587,Check MATLAB compatibility for Block B.,software_compatibility_check,Block B,,MATLAB,
q02588,Can computers in Lab 1 run PyCharm?,software_compatibility_check,Lab 1,,PyCharm,
q02589,List software supported by PCs in Library.,reverse_software_lookup,Library,,Visual Studio Code,
q02590,List computers with SSD in Lab 2.,hardware_query,Lab 2,,,
q02591,Which computers need TPM for Oracle Database?,upgrade_planning,AI Lab,Linux Mint 22,Oracle Database,TPM
q02592,Which PCs in Network Lab have 8 GB RAM?,hardware_query,Network Lab,,,
q02593,Suggest an OS for computers in Library.,os_recommendation,Library,Fedora 42,,
q02594,What upgrades are required in Lab 1?,upgrade_planning,Lab 1,Debian 13,Blender,Secure Boot
q02595,Which computers in Block B can run Windows 10?,os_compatibility_check,Block B,Windows 10,,
q02596,Which computers in AI Lab can run Debian 13?,os_compatibility_check,AI Lab,Debian 13,,
q02597,Find software that runs on Lab 1.,reverse_software_lookup,Lab 1,,Android Studio,
q02598,Show PCs in Lab 1 incompatible with Windows 11.,os_compatibility_check,Lab 1,Windows 11,,
q02599,Recommend the best OS for Network Lab.,os_recommendation,Network Lab,Ubuntu 24.04,,
q02600,Is Android Studio supported in Programming Lab?,software_compatibility_check,Programming Lab,,Android Studio,
q02601,Display CPU details for Block C.,hardware_query,Block C,,,
q02602,Show PCs in Lab 2 incompatible with Debian 13.,os_compatibility_check,Lab 2,Debian 13,,
q02603,Show hardware details for Lab 1.,hardware_query,Lab 1,,,
q02604,Show PCs in AI Lab incompatible with Fedora 42.,os_compatibility_check,AI Lab,Fedora 42,,
q02605,Which operating system is most suitable for AI Lab?,os_recommendation,AI Lab,Windows 11,,
q02606,Which PCs in AI Lab have 8 GB RAM?,hardware_query,AI Lab,,,
q02607,Display CPU details for Lab 1.,hardware_query,Lab 1,,,
q02608,List machines in Lab 1 that meet Windows 11 requirements.,os_compatibility_check,Lab 1,Windows 11,,
q02609,Suggest an OS for computers in Block B.,os_recommendation,Block B,Windows 11,,
q02610,Which operating system is most suitable for AI Lab?,os_recommendation,AI Lab,Fedora 42,,
q02611,List software supported by PCs in Block A.,reverse_software_lookup,Block A,,Oracle Database,
q02612,What upgrades are required in Block C?,upgrade_planning,Block C,Windows 11,AutoCAD,TPM
q02613,Is AutoCAD 2026 supported in Programming Lab?,software_compatibility_check,Programming Lab,,AutoCAD,
q02614,Suggest an OS for computers in Network Lab.,os_recommendation,Network Lab,Debian 13,,
q02615,List software supported by PCs in Block B.,reverse_software_lookup,Block B,,Blender,
q02616,Which software can run on computers in Block B?,reverse_software_lookup,Block B,,Oracle Database,
q02617,Is Android Studio supported in Block A?,software_compatibility_check,Block A,,Android Studio,
q02618,Which systems support PyCharm in Network Lab?,software_compatibility_check,Network Lab,,PyCharm,
q02619,Which systems support PyCharm in AI Lab?,software_compatibility_check,AI Lab,,PyCharm,
q02620,What upgrades are required in Block B?,upgrade_planning,Block B,Ubuntu 24.04,Visual Studio Code,Storage
q02621,List software supported by PCs in Lab 1.,reverse_software_lookup,Lab 1,,Visual Studio Code,
q02622,Can computers in Block C run PyCharm?,software_compatibility_check,Block C,,PyCharm,
q02623,Can systems in AI Lab support Linux Mint 22?,os_compatibility_check,AI Lab,Linux Mint 22,,
q02624,Plan upgrades for Programming Lab to run Windows 11.,upgrade_planning,Programming Lab,Windows 11,Visual Studio Code,Storage
q02625,Which software can run on computers in AI Lab?,reverse_software_lookup,AI Lab,,Visual Studio Code,
q02626,Display CPU details for Block A.,hardware_query,Block A,,,
q02627,Suggest an OS for computers in Lab 2.,os_recommendation,Lab 2,Windows 11,,
q02628,Can systems in Programming Lab support Linux Mint 22?,os_compatibility_check,Programming Lab,Linux Mint 22,,
q02629,Find systems needing Secure Boot.,upgrade_planning,AI Lab,Ubuntu 24.04,VMware Workstation,Secure Boot
q02630,Recommend the best OS for AI Lab.,os_recommendation,AI Lab,Debian 13,,
q02631,Show PCs in Block B incompatible with Linux Mint 22.,os_compatibility_check,Block B,Linux Mint 22,,
q02632,Display CPU details for Library.,hardware_query,Library,,,
q02633,Which software can run on computers in Lab 2?,reverse_software_lookup,Lab 2,,PyCharm,
q02634,Can systems in Lab 1 support Fedora 42?,os_compatibility_check,Lab 1,Fedora 42,,
q02635,Best operating system for AI Lab?,os_recommendation,AI Lab,Fedora 42,,
q02636,Is Android Studio supported in Programming Lab?,software_compatibility_check,Programming Lab,,Android Studio,
q02637,Can systems in Block B support Windows 11?,os_compatibility_check,Block B,Windows 11,,
q02638,Which software can run on computers in Lab 1?,reverse_software_lookup,Lab 1,,VMware Workstation,
q02639,Find software that runs on Network Lab.,reverse_software_lookup,Network Lab,,Oracle Database,
q02640,Best operating system for Lab 2?,os_recommendation,Lab 2,Windows 10,,
q02641,Which operating system is most suitable for Network Lab?,os_recommendation,Network Lab,Linux Mint 22,,
q02642,List machines in Network Lab that meet Linux Mint 22 requirements.,os_compatibility_check,Network Lab,Linux Mint 22,,
q02643,What upgrades are required in Network Lab?,upgrade_planning,Network Lab,Linux Mint 22,Blender,GPU
q02644,List machines in Network Lab that meet Ubuntu 24.04 requirements.,os_compatibility_check,Network Lab,Ubuntu 24.04,,
q02645,Best operating system for Programming Lab?,os_recommendation,Programming Lab,Windows 10,,
q02646,Which systems support Android Studio in Programming Lab?,software_compatibility_check,Programming Lab,,Android Studio,
q02647,Which operating system is most suitable for Programming Lab?,os_recommendation,Programming Lab,Linux Mint 22,,
q02648,Which PCs in AI Lab have 8 GB RAM?,hardware_query,AI Lab,,,
q02649,Plan upgrades for Library to run Windows 11.,upgrade_planning,Library,Windows 11,Oracle Database,RAM upgrade
q02650,Which computers in Lab 1 can run Windows 10?,os_compatibility_check,Lab 1,Windows 10,,
q02651,Is PyCharm supported in Lab 2?,software_compatibility_check,Lab 2,,PyCharm,
q02652,Recommend the best OS for Programming Lab.,os_recommendation,Programming Lab,Ubuntu 24.04,,
q02653,Can systems in Block B support Debian 13?,os_compatibility_check,Block B,Debian 13,,
q02654,List computers with SSD in Lab 2.,hardware_query,Lab 2,,,
q02655,List software supported by PCs in Lab 1.,reverse_software_lookup,Lab 1,,Blender,
q02656,Find systems needing Secure Boot.,upgrade_planning,Programming Lab,Windows 11,Android Studio,Secure Boot
q02657,Recommend the best OS for Block B.,os_recommendation,Block B,Fedora 42,,
q02658,Find software that runs on Lab 1.,reverse_software_lookup,Lab 1,,MATLAB,
q02659,Display CPU details for Programming Lab.,hardware_query,Programming Lab,,,
q02660,Which software can run on computers in Lab 1?,reverse_software_lookup,Lab 1,,PyCharm,
q02661,Check AutoCAD 2026 compatibility for Programming Lab.,software_compatibility_check,Programming Lab,,AutoCAD,
q02662,Which computers in Lab 2 can run Linux Mint 22?,os_compatibility_check,Lab 2,Linux Mint 22,,
q02663,Which computers in Programming Lab can run Windows 10?,os_compatibility_check,Programming Lab,Windows 10,,
q02664,What applications are compatible with Network Lab computers?,reverse_software_lookup,Network Lab,,PyCharm,
q02665,Find systems needing TPM.,upgrade_planning,Block A,Ubuntu 24.04,PyCharm,TPM
q02666,Which computers in Programming Lab can run Debian 13?,os_compatibility_check,Programming Lab,Debian 13,,
q02667,Check Blender compatibility for Block B.,software_compatibility_check,Block B,,Blender,
q02668,Show PCs in Network Lab incompatible with Linux Mint 22.,os_compatibility_check,Network Lab,Linux Mint 22,,
q02669,Which software can run on computers in Lab 1?,reverse_software_lookup,Lab 1,,PyCharm,
q02670,Which computers need RAM upgrade for AutoCAD 2026?,upgrade_planning,Block A,Windows 11,AutoCAD,RAM upgrade
q02671,Plan upgrades for Programming Lab to run Debian 13.,upgrade_planning,Programming Lab,Debian 13,PyCharm,GPU
q02672,Show PCs in Lab 2 incompatible with Fedora 42.,os_compatibility_check,Lab 2,Fedora 42,,
q02673,Is VS Code supported in Programming Lab?,software_compatibility_check,Programming Lab,,Visual Studio Code,
q02674,List computers with SSD in Lab 1.,hardware_query,Lab 1,,,
q02675,Which PCs in Lab 2 have 8 GB RAM?,hardware_query,Lab 2,,,
q02676,Recommend the best OS for Library.,os_recommendation,Library,Fedora 42,,
q02677,Show hardware details for Block B.,hardware_query,Block B,,,
q02678,Can computers in Block A run PyCharm?,software_compatibility_check,Block A,,PyCharm,
q02679,Can computers in Block C run VMware Workstation?,software_compatibility_check,Block C,,VMware Workstation,
q02680,Show hardware details for AI Lab.,hardware_query,AI Lab,,,
q02681,Display CPU details for Network Lab.,hardware_query,Network Lab,,,
q02682,Which operating system is most suitable for Block A?,os_recommendation,Block A,Fedora 42,,
q02683,Check AutoCAD 2026 compatibility for Library.,software_compatibility_check,Library,,AutoCAD,
q02684,Which PCs in AI Lab have 8 GB RAM?,hardware_query,AI Lab,,,
q02685,List software supported by PCs in AI Lab.,reverse_software_lookup,AI Lab,,Oracle Database,
q02686,Show PCs in Library incompatible with Debian 13.,os_compatibility_check,Library,Debian 13,,
q02687,Which PCs in Block A have 8 GB RAM?,hardware_query,Block A,,,
q02688,Display CPU details for Block C.,hardware_query,Block C,,,
q02689,Find software that runs on Block A.,reverse_software_lookup,Block A,,VMware Workstation,
q02690,List computers with SSD in Programming Lab.,hardware_query,Programming Lab,,,
q02691,Find systems needing RAM upgrade.,upgrade_planning,Block A,Windows 10,VMware Workstation,RAM upgrade
q02692,Best operating system for Block B?,os_recommendation,Block B,Ubuntu 24.04,,
q02693,Which operating system is most suitable for Block C?,os_recommendation,Block C,Linux Mint 22,,
q02694,Find systems needing Secure Boot.,upgrade_planning,Lab 2,Linux Mint 22,Blender,Secure Boot
q02695,What applications are compatible with Library computers?,reverse_software_lookup,Library,,Visual Studio Code,
q02696,Find systems needing CPU.,upgrade_planning,Block A,Debian 13,Oracle Database,CPU
q02697,What upgrades are required in Library?,upgrade_planning,Library,Fedora 42,Oracle Database,GPU
q02698,Which operating system is most suitable for Library?,os_recommendation,Library,Ubuntu 24.04,,
q02699,List machines in Network Lab that meet Ubuntu 24.04 requirements.,os_compatibility_check,Network Lab,Ubuntu 24.04,,
q02700,Which software can run on computers in Lab 2?,reverse_software_lookup,Lab 2,,MATLAB,
q02701,Which computers need Storage for AutoCAD 2026?,upgrade_planning,Block A,Linux Mint 22,AutoCAD,Storage
q02702,Can computers in Programming Lab run VMware Workstation?,software_compatibility_check,Programming Lab,,VMware Workstation,
q02703,Which operating system is most suitable for Block C?,os_recommendation,Block C,Windows 10,,
q02704,Which systems support Oracle Database in Lab 1?,software_compatibility_check,Lab 1,,Oracle Database,
q02705,List software supported by PCs in Network Lab.,reverse_software_lookup,Network Lab,,AutoCAD,
q02706,Plan upgrades for Programming Lab to run Fedora 42.,upgrade_planning,Programming Lab,Fedora 42,Blender,Storage
q02707,Which computers need Secure Boot for Blender?,upgrade_planning,Lab 2,Ubuntu 24.04,Blender,Secure Boot
q02708,Best operating system for Block C?,os_recommendation,Block C,Debian 13,,
q02709,Which systems support AutoCAD 2026 in Lab 2?,software_compatibility_check,Lab 2,,AutoCAD,
q02710,List computers with SSD in Block C.,hardware_query,Block C,,,
q02711,Which PCs in AI Lab have 8 GB RAM?,hardware_query,AI Lab,,,
q02712,Show hardware details for AI Lab.,hardware_query,AI Lab,,,
q02713,Display CPU details for AI Lab.,hardware_query,AI Lab,,,
q02714,Best operating system for Network Lab?,os_recommendation,Network Lab,Linux Mint 22,,
q02715,List software supported by PCs in Lab 2.,reverse_software_lookup,Lab 2,,PyCharm,
q02716,Which software can run on computers in Programming Lab?,reverse_software_lookup,Programming Lab,,Blender,
q02717,Find systems needing Storage.,upgrade_planning,Lab 2,Ubuntu 24.04,Android Studio,Storage
q02718,Can computers in Lab 1 run AutoCAD 2026?,software_compatibility_check,Lab 1,,AutoCAD,
q02719,List machines in Block A that meet Linux Mint 22 requirements.,os_compatibility_check,Block A,Linux Mint 22,,
q02720,Which software can run on computers in Programming Lab?,reverse_software_lookup,Programming Lab,,Oracle Database,
q02721,Check Oracle Database compatibility for Network Lab.,software_compatibility_check,Network Lab,,Oracle Database,
q02722,List computers with SSD in Library.,hardware_query,Library,,,
q02723,Which operating system is most suitable for AI Lab?,os_recommendation,AI Lab,Ubuntu 24.04,,
q02724,Display CPU details for Library.,hardware_query,Library,,,
q02725,Show hardware details for Block C.,hardware_query,Block C,,,
q02726,List machines in Block C that meet Ubuntu 24.04 requirements.,os_compatibility_check,Block C,Ubuntu 24.04,,
q02727,Display CPU details for Block B.,hardware_query,Block B,,,
q02728,Find software that runs on Block B.,reverse_software_lookup,Block B,,Oracle Database,
q02729,Which computers in Lab 2 can run Windows 10?,os_compatibility_check,Lab 2,Windows 10,,
q02730,Which operating system is most suitable for Lab 1?,os_recommendation,Lab 1,Windows 10,,
q02731,Recommend the best OS for Block C.,os_recommendation,Block C,Debian 13,,
q02732,Can computers in Block C run Blender?,software_compatibility_check,Block C,,Blender,
q02733,Check VS Code compatibility for Library.,software_compatibility_check,Library,,Visual Studio Code,
q02734,List software supported by PCs in AI Lab.,reverse_software_lookup,AI Lab,,Blender,
q02735,Which software can run on computers in Lab 1?,reverse_software_lookup,Lab 1,,Android Studio,
q02736,Which PCs in Block A have 8 GB RAM?,hardware_query,Block A,,,
q02737,Which systems support Android Studio in Network Lab?,software_compatibility_check,Network Lab,,Android Studio,
q02738,Find software that runs on Lab 2.,reverse_software_lookup,Lab 2,,Visual Studio Code,
q02739,Can systems in Lab 1 support Debian 13?,os_compatibility_check,Lab 1,Debian 13,,
q02740,Recommend the best OS for Programming Lab.,os_recommendation,Programming Lab,Ubuntu 24.04,,
q02741,What applications are compatible with Network Lab computers?,reverse_software_lookup,Network Lab,,Android Studio,
q02742,Can computers in Block B run VMware Workstation?,software_compatibility_check,Block B,,VMware Workstation,
q02743,Which operating system is most suitable for Programming Lab?,os_recommendation,Programming Lab,Windows 11,,
q02744,Plan upgrades for Programming Lab to run Linux Mint 22.,upgrade_planning,Programming Lab,Linux Mint 22,Visual Studio Code,Storage
q02745,Find systems needing Storage.,upgrade_planning,Programming Lab,Linux Mint 22,Oracle Database,Storage
q02746,Which systems support MATLAB in Programming Lab?,software_compatibility_check,Programming Lab,,MATLAB,
q02747,Show PCs in Library incompatible with Windows 10.,os_compatibility_check,Library,Windows 10,,
q02748,Display CPU details for Lab 1.,hardware_query,Lab 1,,,
q02749,Which systems support Blender in Block C?,software_compatibility_check,Block C,,Blender,
q02750,Which operating system is most suitable for Lab 2?,os_recommendation,Lab 2,Fedora 42,,
q02751,Which computers in Block C can run Windows 10?,os_compatibility_check,Block C,Windows 10,,
q02752,Find systems needing CPU.,upgrade_planning,Lab 2,Windows 11,Oracle Database,CPU
q02753,Find systems needing Secure Boot.,upgrade_planning,Programming Lab,Linux Mint 22,Blender,Secure Boot
q02754,Find systems needing GPU.,upgrade_planning,Lab 2,Fedora 42,Visual Studio Code,GPU
q02755,Display CPU details for Lab 1.,hardware_query,Lab 1,,,
q02756,Find software that runs on Lab 2.,reverse_software_lookup,Lab 2,,VMware Workstation,
q02757,What upgrades are required in Block B?,upgrade_planning,Block B,Ubuntu 24.04,Oracle Database,TPM
q02758,Which computers need Storage for MATLAB?,upgrade_planning,Block B,Windows 11,MATLAB,Storage
q02759,Find software that runs on Block C.,reverse_software_lookup,Block C,,Visual Studio Code,
q02760,Check VS Code compatibility for Lab 1.,software_compatibility_check,Lab 1,,Visual Studio Code,
q02761,Suggest an OS for computers in AI Lab.,os_recommendation,AI Lab,Ubuntu 24.04,,
q02762,Which computers need Secure Boot for Oracle Database?,upgrade_planning,Programming Lab,Debian 13,Oracle Database,Secure Boot
q02763,Which computers need Storage for MATLAB?,upgrade_planning,Lab 2,Ubuntu 24.04,MATLAB,Storage
q02764,List computers with SSD in AI Lab.,hardware_query,AI Lab,,,
q02765,Which operating system is most suitable for Library?,os_recommendation,Library,Fedora 42,,
q02766,What applications are compatible with AI Lab computers?,reverse_software_lookup,AI Lab,,Visual Studio Code,
q02767,Which computers in Library can run Linux Mint 22?,os_compatibility_check,Library,Linux Mint 22,,
q02768,Can computers in Lab 2 run VS Code?,software_compatibility_check,Lab 2,,Visual Studio Code,
q02769,Find software that runs on Lab 1.,reverse_software_lookup,Lab 1,,VMware Workstation,
q02770,Recommend the best OS for AI Lab.,os_recommendation,AI Lab,Ubuntu 24.04,,
q02771,Best operating system for Block A?,os_recommendation,Block A,Linux Mint 22,,
q02772,Which systems support Android Studio in Block C?,software_compatibility_check,Block C,,Android Studio,
q02773,Suggest an OS for computers in Lab 2.,os_recommendation,Lab 2,Linux Mint 22,,
q02774,Can computers in Network Lab run MATLAB?,software_compatibility_check,Network Lab,,MATLAB,
q02775,Best operating system for Programming Lab?,os_recommendation,Programming Lab,Windows 11,,
q02776,Recommend the best OS for Lab 2.,os_recommendation,Lab 2,Linux Mint 22,,
q02777,Which software can run on computers in Block C?,reverse_software_lookup,Block C,,MATLAB,
q02778,Suggest an OS for computers in Block C.,os_recommendation,Block C,Debian 13,,
q02779,Show PCs in Programming Lab incompatible with Windows 11.,os_compatibility_check,Programming Lab,Windows 11,,
q02780,Find systems needing GPU.,upgrade_planning,Lab 1,Windows 11,Oracle Database,GPU
q02781,Show hardware details for Network Lab.,hardware_query,Network Lab,,,
q02782,Find systems needing TPM.,upgrade_planning,AI Lab,Windows 10,VMware Workstation,TPM
q02783,Plan upgrades for AI Lab to run Ubuntu 24.04.,upgrade_planning,AI Lab,Ubuntu 24.04,VMware Workstation,CPU
q02784,Check VS Code compatibility for Lab 2.,software_compatibility_check,Lab 2,,Visual Studio Code,
q02785,Show hardware details for AI Lab.,hardware_query,AI Lab,,,
q02786,Display CPU details for Block B.,hardware_query,Block B,,,
q02787,Which operating system is most suitable for Block B?,os_recommendation,Block B,Debian 13,,
q02788,Which computers in Block A can run Windows 11?,os_compatibility_check,Block A,Windows 11,,
q02789,Which computers in Lab 1 can run Fedora 42?,os_compatibility_check,Lab 1,Fedora 42,,
q02790,Display CPU details for AI Lab.,hardware_query,AI Lab,,,
q02791,Find software that runs on Lab 1.,reverse_software_lookup,Lab 1,,Blender,
q02792,Which computers need CPU for AutoCAD 2026?,upgrade_planning,Block C,Linux Mint 22,AutoCAD,CPU
q02793,List machines in Block B that meet Debian 13 requirements.,os_compatibility_check,Block B,Debian 13,,
q02794,List machines in Lab 2 that meet Fedora 42 requirements.,os_compatibility_check,Lab 2,Fedora 42,,
q02795,Which operating system is most suitable for Network Lab?,os_recommendation,Network Lab,Debian 13,,
q02796,List computers with SSD in Programming Lab.,hardware_query,Programming Lab,,,
q02797,Suggest an OS for computers in Block A.,os_recommendation,Block A,Windows 10,,
q02798,Check PyCharm compatibility for AI Lab.,software_compatibility_check,AI Lab,,PyCharm,
q02799,Which operating system is most suitable for Block A?,os_recommendation,Block A,Linux Mint 22,,
q02800,Can systems in AI Lab support Linux Mint 22?,os_compatibility_check,AI Lab,Linux Mint 22,,
q02801,Display CPU details for Block C.,hardware_query,Block C,,,
q02802,Which computers need TPM for MATLAB?,upgrade_planning,Block C,Debian 13,MATLAB,TPM
q02803,What upgrades are required in Lab 1?,upgrade_planning,Lab 1,Ubuntu 24.04,Blender,Secure Boot
q02804,What applications are compatible with AI Lab computers?,reverse_software_lookup,AI Lab,,Visual Studio Code,
q02805,Can systems in Lab 2 support Ubuntu 24.04?,os_compatibility_check,Lab 2,Ubuntu 24.04,,
q02806,Can computers in Programming Lab run AutoCAD 2026?,software_compatibility_check,Programming Lab,,AutoCAD,
q02807,Display CPU details for Block C.,hardware_query,Block C,,,
q02808,Find software that runs on AI Lab.,reverse_software_lookup,AI Lab,,AutoCAD,
q02809,Can systems in Block A support Windows 10?,os_compatibility_check,Block A,Windows 10,,
q02810,Which software can run on computers in Lab 1?,reverse_software_lookup,Lab 1,,AutoCAD,
q02811,Which software can run on computers in Lab 2?,reverse_software_lookup,Lab 2,,Visual Studio Code,
q02812,Which systems support Android Studio in Block A?,software_compatibility_check,Block A,,Android Studio,
q02813,Is VS Code supported in Block A?,software_compatibility_check,Block A,,Visual Studio Code,
q02814,Which computers need TPM for Oracle Database?,upgrade_planning,Programming Lab,Windows 10,Oracle Database,TPM
q02815,List machines in Lab 1 that meet Ubuntu 24.04 requirements.,os_compatibility_check,Lab 1,Ubuntu 24.04,,
q02816,Find systems needing TPM.,upgrade_planning,AI Lab,Windows 10,Visual Studio Code,TPM
q02817,What upgrades are required in Network Lab?,upgrade_planning,Network Lab,Ubuntu 24.04,MATLAB,Storage
q02818,Which PCs in Lab 2 have 8 GB RAM?,hardware_query,Lab 2,,,
q02819,Recommend the best OS for Library.,os_recommendation,Library,Windows 10,,
q02820,Recommend the best OS for Lab 2.,os_recommendation,Lab 2,Windows 11,,
q02821,List computers with SSD in Lab 1.,hardware_query,Lab 1,,,
q02822,Which computers in Block C can run Linux Mint 22?,os_compatibility_check,Block C,Linux Mint 22,,
q02823,Which computers in Block B can run Fedora 42?,os_compatibility_check,Block B,Fedora 42,,
q02824,Show PCs in Block A incompatible with Windows 10.,os_compatibility_check,Block A,Windows 10,,
q02825,What applications are compatible with Block A computers?,reverse_software_lookup,Block A,,Blender,
q02826,Find software that runs on AI Lab.,reverse_software_lookup,AI Lab,,PyCharm,
q02827,Which systems support Android Studio in Block B?,software_compatibility_check,Block B,,Android Studio,
q02828,What upgrades are required in Programming Lab?,upgrade_planning,Programming Lab,Windows 10,AutoCAD,Storage
q02829,List computers with SSD in Lab 1.,hardware_query,Lab 1,,,
q02830,Show hardware details for AI Lab.,hardware_query,AI Lab,,,
q02831,Which operating system is most suitable for Programming Lab?,os_recommendation,Programming Lab,Windows 10,,
q02832,List machines in Library that meet Fedora 42 requirements.,os_compatibility_check,Library,Fedora 42,,
q02833,Which computers in Block A can run Windows 10?,os_compatibility_check,Block A,Windows 10,,
q02834,Check PyCharm compatibility for AI Lab.,software_compatibility_check,AI Lab,,PyCharm,
q02835,Display CPU details for Block C.,hardware_query,Block C,,,
q02836,List machines in Lab 2 that meet Windows 10 requirements.,os_compatibility_check,Lab 2,Windows 10,,
q02837,Which computers need Storage for PyCharm?,upgrade_planning,Library,Linux Mint 22,PyCharm,Storage
q02838,Can systems in AI Lab support Linux Mint 22?,os_compatibility_check,AI Lab,Linux Mint 22,,
q02839,Which computers in Lab 1 can run Debian 13?,os_compatibility_check,Lab 1,Debian 13,,
q02840,List computers with SSD in Lab 2.,hardware_query,Lab 2,,,
q02841,What applications are compatible with Block B computers?,reverse_software_lookup,Block B,,VMware Workstation,
q02842,Show hardware details for Block C.,hardware_query,Block C,,,
q02843,List machines in Lab 2 that meet Windows 10 requirements.,os_compatibility_check,Lab 2,Windows 10,,
q02844,Can systems in Programming Lab support Linux Mint 22?,os_compatibility_check,Programming Lab,Linux Mint 22,,
q02845,List computers with SSD in Programming Lab.,hardware_query,Programming Lab,,,
q02846,Display CPU details for Lab 2.,hardware_query,Lab 2,,,
q02847,Which operating system is most suitable for Network Lab?,os_recommendation,Network Lab,Ubuntu 24.04,,
q02848,Which operating system is most suitable for Block B?,os_recommendation,Block B,Fedora 42,,
q02849,Display CPU details for Network Lab.,hardware_query,Network Lab,,,
q02850,Which systems support Blender in Programming Lab?,software_compatibility_check,Programming Lab,,Blender,
q02851,What upgrades are required in Block A?,upgrade_planning,Block A,Windows 11,Blender,GPU
q02852,Plan upgrades for Library to run Debian 13.,upgrade_planning,Library,Debian 13,VMware Workstation,RAM upgrade
q02853,Show hardware details for Programming Lab.,hardware_query,Programming Lab,,,
q02854,List machines in Network Lab that meet Windows 11 requirements.,os_compatibility_check,Network Lab,Windows 11,,
q02855,Find systems needing Secure Boot.,upgrade_planning,Network Lab,Ubuntu 24.04,PyCharm,Secure Boot
q02856,Check VMware Workstation compatibility for Lab 2.,software_compatibility_check,Lab 2,,VMware Workstation,
q02857,Find software that runs on Library.,reverse_software_lookup,Library,,Oracle Database,
q02858,Show PCs in Lab 2 incompatible with Fedora 42.,os_compatibility_check,Lab 2,Fedora 42,,
q02859,Suggest an OS for computers in Lab 1.,os_recommendation,Lab 1,Fedora 42,,
q02860,Best operating system for Lab 1?,os_recommendation,Lab 1,Debian 13,,
q02861,Can computers in AI Lab run Blender?,software_compatibility_check,AI Lab,,Blender,
q02862,Which computers need Storage for AutoCAD 2026?,upgrade_planning,Network Lab,Debian 13,AutoCAD,Storage
q02863,Which computers need Storage for Oracle Database?,upgrade_planning,Block B,Debian 13,Oracle Database,Storage
q02864,Show PCs in Block B incompatible with Windows 10.,os_compatibility_check,Block B,Windows 10,,
q02865,Which computers in Block A can run Ubuntu 24.04?,os_compatibility_check,Block A,Ubuntu 24.04,,
q02866,Find systems needing TPM.,upgrade_planning,Block A,Ubuntu 24.04,MATLAB,TPM
q02867,Check VS Code compatibility for AI Lab.,software_compatibility_check,AI Lab,,Visual Studio Code,
q02868,Show hardware details for Network Lab.,hardware_query,Network Lab,,,
q02869,Show hardware details for Block C.,hardware_query,Block C,,,
q02870,Find software that runs on Block B.,reverse_software_lookup,Block B,,PyCharm,
q02871,Which computers need Secure Boot for VS Code?,upgrade_planning,Library,Fedora 42,Visual Studio Code,Secure Boot
q02872,Suggest an OS for computers in Library.,os_recommendation,Library,Linux Mint 22,,
q02873,Check VMware Workstation compatibility for Lab 2.,software_compatibility_check,Lab 2,,VMware Workstation,
q02874,List software supported by PCs in Lab 1.,reverse_software_lookup,Lab 1,,AutoCAD,
q02875,List computers with SSD in Library.,hardware_query,Library,,,
q02876,Can systems in Lab 2 support Windows 10?,os_compatibility_check,Lab 2,Windows 10,,
q02877,Check VMware Workstation compatibility for Block B.,software_compatibility_check,Block B,,VMware Workstation,
q02878,Show hardware details for Block B.,hardware_query,Block B,,,
q02879,What upgrades are required in Block C?,upgrade_planning,Block C,Linux Mint 22,Visual Studio Code,Secure Boot
q02880,List software supported by PCs in Block C.,reverse_software_lookup,Block C,,MATLAB,
q02881,Which systems support Android Studio in Library?,software_compatibility_check,Library,,Android Studio,
q02882,List software supported by PCs in Programming Lab.,reverse_software_lookup,Programming Lab,,MATLAB,
q02883,Check VMware Workstation compatibility for Programming Lab.,software_compatibility_check,Programming Lab,,VMware Workstation,
q02884,Show PCs in AI Lab incompatible with Ubuntu 24.04.,os_compatibility_check,AI Lab,Ubuntu 24.04,,
q02885,What applications are compatible with Library computers?,reverse_software_lookup,Library,,Android Studio,
q02886,List software supported by PCs in Lab 1.,reverse_software_lookup,Lab 1,,MATLAB,
q02887,Which systems support Android Studio in Lab 2?,software_compatibility_check,Lab 2,,Android Studio,
q02888,Which computers in Library can run Windows 11?,os_compatibility_check,Library,Windows 11,,
q02889,Which software can run on computers in Block C?,reverse_software_lookup,Block C,,PyCharm,
q02890,List machines in Library that meet Linux Mint 22 requirements.,os_compatibility_check,Library,Linux Mint 22,,
q02891,What upgrades are required in Block C?,upgrade_planning,Block C,Windows 10,AutoCAD,Storage
q02892,Display CPU details for Programming Lab.,hardware_query,Programming Lab,,,
q02893,Plan upgrades for Network Lab to run Windows 11.,upgrade_planning,Network Lab,Windows 11,AutoCAD,CPU
q02894,Plan upgrades for Block C to run Linux Mint 22.,upgrade_planning,Block C,Linux Mint 22,VMware Workstation,Secure Boot
q02895,Check MATLAB compatibility for Block A.,software_compatibility_check,Block A,,MATLAB,
q02896,Is Android Studio supported in Block B?,software_compatibility_check,Block B,,Android Studio,
q02897,Show hardware details for Library.,hardware_query,Library,,,
q02898,List software supported by PCs in Lab 2.,reverse_software_lookup,Lab 2,,Oracle Database,
q02899,Suggest an OS for computers in Library.,os_recommendation,Library,Windows 10,,
q02900,Which PCs in Lab 2 have 8 GB RAM?,hardware_query,Lab 2,,,
q02901,Show hardware details for Library.,hardware_query,Library,,,
q02902,Find software that runs on Library.,reverse_software_lookup,Library,,Blender,
q02903,Find software that runs on Library.,reverse_software_lookup,Library,,VMware Workstation,
q02904,Recommend the best OS for Library.,os_recommendation,Library,Ubuntu 24.04,,
q02905,Display CPU details for Lab 2.,hardware_query,Lab 2,,,
q02906,Check VS Code compatibility for Lab 1.,software_compatibility_check,Lab 1,,Visual Studio Code,
q02907,What applications are compatible with Lab 1 computers?,reverse_software_lookup,Lab 1,,Oracle Database,
q02908,Can computers in Lab 1 run PyCharm?,software_compatibility_check,Lab 1,,PyCharm,
q02909,Suggest an OS for computers in AI Lab.,os_recommendation,AI Lab,Fedora 42,,
q02910,Recommend the best OS for Library.,os_recommendation,Library,Ubuntu 24.04,,
q02911,Which PCs in AI Lab have 8 GB RAM?,hardware_query,AI Lab,,,
q02912,Can systems in Block B support Ubuntu 24.04?,os_compatibility_check,Block B,Ubuntu 24.04,,
q02913,Which computers need Secure Boot for Android Studio?,upgrade_planning,Lab 2,Linux Mint 22,Android Studio,Secure Boot
q02914,Display CPU details for Block B.,hardware_query,Block B,,,
q02915,Show PCs in Programming Lab incompatible with Windows 11.,os_compatibility_check,Programming Lab,Windows 11,,
q02916,Plan upgrades for Network Lab to run Fedora 42.,upgrade_planning,Network Lab,Fedora 42,AutoCAD,Secure Boot
q02917,Can systems in Programming Lab support Windows 10?,os_compatibility_check,Programming Lab,Windows 10,,
q02918,What applications are compatible with Network Lab computers?,reverse_software_lookup,Network Lab,,VMware Workstation,
q02919,Recommend the best OS for Block C.,os_recommendation,Block C,Windows 10,,
q02920,Best operating system for Network Lab?,os_recommendation,Network Lab,Windows 10,,
q02921,Recommend the best OS for Block C.,os_recommendation,Block C,Ubuntu 24.04,,
q02922,List software supported by PCs in AI Lab.,reverse_software_lookup,AI Lab,,Oracle Database,
q02923,What upgrades are required in Block C?,upgrade_planning,Block C,Linux Mint 22,Oracle Database,CPU
q02924,Check VS Code compatibility for Lab 2.,software_compatibility_check,Lab 2,,Visual Studio Code,
q02925,Which operating system is most suitable for Network Lab?,os_recommendation,Network Lab,Windows 11,,
q02926,List machines in AI Lab that meet Ubuntu 24.04 requirements.,os_compatibility_check,AI Lab,Ubuntu 24.04,,
q02927,Best operating system for Network Lab?,os_recommendation,Network Lab,Fedora 42,,
q02928,Which operating system is most suitable for Block B?,os_recommendation,Block B,Windows 11,,
q02929,List computers with SSD in AI Lab.,hardware_query,AI Lab,,,
q02930,Show PCs in Block A incompatible with Ubuntu 24.04.,os_compatibility_check,Block A,Ubuntu 24.04,,
q02931,Which computers need TPM for Blender?,upgrade_planning,Block C,Windows 10,Blender,TPM
q02932,Which software can run on computers in Lab 2?,reverse_software_lookup,Lab 2,,Visual Studio Code,
q02933,Show PCs in Lab 2 incompatible with Debian 13.,os_compatibility_check,Lab 2,Debian 13,,
q02934,Find software that runs on Programming Lab.,reverse_software_lookup,Programming Lab,,MATLAB,
q02935,List computers with SSD in Block C.,hardware_query,Block C,,,
q02936,Which software can run on computers in Programming Lab?,reverse_software_lookup,Programming Lab,,Visual Studio Code,
q02937,Can systems in Block B support Windows 11?,os_compatibility_check,Block B,Windows 11,,
q02938,What applications are compatible with Block C computers?,reverse_software_lookup,Block C,,AutoCAD,
q02939,Can systems in Lab 1 support Debian 13?,os_compatibility_check,Lab 1,Debian 13,,
q02940,Which operating system is most suitable for AI Lab?,os_recommendation,AI Lab,Fedora 42,,
q02941,Show hardware details for Library.,hardware_query,Library,,,
q02942,Show PCs in Block A incompatible with Ubuntu 24.04.,os_compatibility_check,Block A,Ubuntu 24.04,,
q02943,Recommend the best OS for Library.,os_recommendation,Library,Ubuntu 24.04,,
q02944,Which PCs in AI Lab have 8 GB RAM?,hardware_query,AI Lab,,,
q02945,List software supported by PCs in Network Lab.,reverse_software_lookup,Network Lab,,MATLAB,
q02946,Best operating system for Block C?,os_recommendation,Block C,Fedora 42,,
q02947,List software supported by PCs in Network Lab.,reverse_software_lookup,Network Lab,,Oracle Database,
q02948,Find software that runs on Block C.,reverse_software_lookup,Block C,,Android Studio,
q02949,Which operating system is most suitable for Programming Lab?,os_recommendation,Programming Lab,Windows 11,,
q02950,Which computers need Secure Boot for Blender?,upgrade_planning,Network Lab,Debian 13,Blender,Secure Boot
q02951,Which computers in Lab 1 can run Fedora 42?,os_compatibility_check,Lab 1,Fedora 42,,
q02952,Find systems needing CPU.,upgrade_planning,Block C,Debian 13,PyCharm,CPU
q02953,Display CPU details for Lab 1.,hardware_query,Lab 1,,,
q02954,Suggest an OS for computers in Programming Lab.,os_recommendation,Programming Lab,Fedora 42,,
q02955,Find software that runs on Block A.,reverse_software_lookup,Block A,,Oracle Database,
q02956,List computers with SSD in Library.,hardware_query,Library,,,
q02957,Plan upgrades for Network Lab to run Windows 10.,upgrade_planning,Network Lab,Windows 10,Android Studio,RAM upgrade
q02958,Which software can run on computers in Lab 1?,reverse_software_lookup,Lab 1,,Android Studio,
q02959,Show hardware details for Lab 1.,hardware_query,Lab 1,,,
q02960,Which computers in Library can run Linux Mint 22?,os_compatibility_check,Library,Linux Mint 22,,
q02961,Which software can run on computers in Library?,reverse_software_lookup,Library,,Oracle Database,
q02962,Find software that runs on Block B.,reverse_software_lookup,Block B,,Android Studio,
q02963,List software supported by PCs in Block B.,reverse_software_lookup,Block B,,VMware Workstation,
q02964,List software supported by PCs in Lab 2.,reverse_software_lookup,Lab 2,,PyCharm,
q02965,Which operating system is most suitable for Block C?,os_recommendation,Block C,Debian 13,,
q02966,What upgrades are required in Programming Lab?,upgrade_planning,Programming Lab,Windows 11,Blender,RAM upgrade
q02967,Find systems needing GPU.,upgrade_planning,Block C,Windows 10,MATLAB,GPU
q02968,Check VMware Workstation compatibility for Lab 2.,software_compatibility_check,Lab 2,,VMware Workstation,
q02969,Can systems in AI Lab support Debian 13?,os_compatibility_check,AI Lab,Debian 13,,
q02970,Which computers need GPU for VMware Workstation?,upgrade_planning,Block A,Fedora 42,VMware Workstation,GPU
q02971,Which systems support VS Code in Block C?,software_compatibility_check,Block C,,Visual Studio Code,
q02972,Recommend the best OS for Block C.,os_recommendation,Block C,Linux Mint 22,,
q02973,Best operating system for AI Lab?,os_recommendation,AI Lab,Ubuntu 24.04,,
q02974,What upgrades are required in Block B?,upgrade_planning,Block B,Fedora 42,Blender,CPU
q02975,Find systems needing TPM.,upgrade_planning,Block C,Windows 11,VMware Workstation,TPM
q02976,Show hardware details for Block A.,hardware_query,Block A,,,
q02977,Suggest an OS for computers in Block A.,os_recommendation,Block A,Linux Mint 22,,
q02978,Show PCs in AI Lab incompatible with Ubuntu 24.04.,os_compatibility_check,AI Lab,Ubuntu 24.04,,
q02979,Display CPU details for AI Lab.,hardware_query,AI Lab,,,
q02980,Check VMware Workstation compatibility for Library.,software_compatibility_check,Library,,VMware Workstation,
q02981,Is AutoCAD 2026 supported in AI Lab?,software_compatibility_check,AI Lab,,AutoCAD,
q02982,Show PCs in Block C incompatible with Windows 11.,os_compatibility_check,Block C,Windows 11,,
q02983,Find software that runs on AI Lab.,reverse_software_lookup,AI Lab,,VMware Workstation,
q02984,Best operating system for Library?,os_recommendation,Library,Debian 13,,
q02985,List machines in Lab 1 that meet Fedora 42 requirements.,os_compatibility_check,Lab 1,Fedora 42,,
q02986,Which PCs in Block C have 8 GB RAM?,hardware_query,Block C,,,
q02987,Show PCs in Block B incompatible with Debian 13.,os_compatibility_check,Block B,Debian 13,,
q02988,Find systems needing RAM upgrade.,upgrade_planning,Block C,Windows 11,Android Studio,RAM upgrade
q02989,Display CPU details for Library.,hardware_query,Library,,,
q02990,Which computers need RAM upgrade for PyCharm?,upgrade_planning,AI Lab,Ubuntu 24.04,PyCharm,RAM upgrade
q02991,Show PCs in Block A incompatible with Ubuntu 24.04.,os_compatibility_check,Block A,Ubuntu 24.04,,
q02992,Display CPU details for Lab 2.,hardware_query,Lab 2,,,
q02993,Which computers need RAM upgrade for PyCharm?,upgrade_planning,Programming Lab,Windows 11,PyCharm,RAM upgrade
q02994,What applications are compatible with Library computers?,reverse_software_lookup,Library,,MATLAB,
q02995,Can computers in AI Lab run MATLAB?,software_compatibility_check,AI Lab,,MATLAB,
q02996,Which computers in Lab 2 can run Ubuntu 24.04?,os_compatibility_check,Lab 2,Ubuntu 24.04,,
q02997,Best operating system for Block B?,os_recommendation,Block B,Windows 11,,
q02998,What upgrades are required in Network Lab?,upgrade_planning,Network Lab,Debian 13,Blender,Storage
q02999,Plan upgrades for AI Lab to run Windows 11.,upgrade_planning,AI Lab,Windows 11,MATLAB,RAM upgrade
q03000,Which computers in Lab 1 can run Linux Mint 22?,os_compatibility_check,Lab 1,Linux Mint 22,,
q03001,Find software that runs on Lab 1.,reverse_software_lookup,Lab 1,,MATLAB,
q03002,Check MATLAB compatibility for Library.,software_compatibility_check,Library,,MATLAB,
q03003,Check VS Code compatibility for Block C.,software_compatibility_check,Block C,,Visual Studio Code,
q03004,Which computers need GPU for Android Studio?,upgrade_planning,AI Lab,Windows 10,Android Studio,GPU
q03005,Which computers in Block B can run Ubuntu 24.04?,os_compatibility_check,Block B,Ubuntu 24.04,,
q03006,What upgrades are required in Block A?,upgrade_planning,Block A,Debian 13,VMware Workstation,Storage
q03007,Check AutoCAD 2026 compatibility for Block C.,software_compatibility_check,Block C,,AutoCAD,
q03008,List computers with SSD in Network Lab.,hardware_query,Network Lab,,,
q03009,List computers with SSD in Block A.,hardware_query,Block A,,,
q03010,List computers with SSD in Network Lab.,hardware_query,Network Lab,,,
q03011,Find systems needing GPU.,upgrade_planning,Block B,Fedora 42,PyCharm,GPU
q03012,Which computers need RAM upgrade for MATLAB?,upgrade_planning,Block C,Debian 13,MATLAB,RAM upgrade
q03013,Which operating system is most suitable for Library?,os_recommendation,Library,Linux Mint 22,,
q03014,Which PCs in Block B have 8 GB RAM?,hardware_query,Block B,,,
q03015,Best operating system for Network Lab?,os_recommendation,Network Lab,Debian 13,,
q03016,Which PCs in Lab 2 have 8 GB RAM?,hardware_query,Lab 2,,,
q03017,Best operating system for Block B?,os_recommendation,Block B,Windows 11,,
q03018,Find software that runs on Library.,reverse_software_lookup,Library,,Blender,
q03019,Find software that runs on Block A.,reverse_software_lookup,Block A,,VMware Workstation,
q03020,Which computers need Secure Boot for PyCharm?,upgrade_planning,Library,Ubuntu 24.04,PyCharm,Secure Boot
q03021,What upgrades are required in Block A?,upgrade_planning,Block A,Windows 11,MATLAB,GPU
q03022,List machines in Block A that meet Windows 10 requirements.,os_compatibility_check,Block A,Windows 10,,
q03023,Suggest an OS for computers in AI Lab.,os_recommendation,AI Lab,Linux Mint 22,,
q03024,Show PCs in Lab 1 incompatible with Ubuntu 24.04.,os_compatibility_check,Lab 1,Ubuntu 24.04,,
q03025,Which computers need Storage for VS Code?,upgrade_planning,Block A,Ubuntu 24.04,Visual Studio Code,Storage
q03026,Show hardware details for Block C.,hardware_query,Block C,,,
q03027,What applications are compatible with Block A computers?,reverse_software_lookup,Block A,,Oracle Database,
q03028,Recommend the best OS for Lab 1.,os_recommendation,Lab 1,Linux Mint 22,,
q03029,Which PCs in Lab 2 have 8 GB RAM?,hardware_query,Lab 2,,,
q03030,Which computers in Block B can run Fedora 42?,os_compatibility_check,Block B,Fedora 42,,
q03031,List computers with SSD in Programming Lab.,hardware_query,Programming Lab,,,
q03032,Which computers in Lab 2 can run Ubuntu 24.04?,os_compatibility_check,Lab 2,Ubuntu 24.04,,
q03033,What applications are compatible with Lab 2 computers?,reverse_software_lookup,Lab 2,,VMware Workstation,
q03034,Plan upgrades for Lab 1 to run Fedora 42.,upgrade_planning,Lab 1,Fedora 42,Android Studio,Storage
q03035,Find software that runs on Lab 2.,reverse_software_lookup,Lab 2,,AutoCAD,
q03036,List computers with SSD in Block C.,hardware_query,Block C,,,
q03037,Which PCs in Network Lab have 8 GB RAM?,hardware_query,Network Lab,,,
q03038,Which operating system is most suitable for Block C?,os_recommendation,Block C,Windows 10,,
q03039,Can systems in Block C support Fedora 42?,os_compatibility_check,Block C,Fedora 42,,
q03040,Which PCs in Library have 8 GB RAM?,hardware_query,Library,,,
q03041,Which software can run on computers in Block C?,reverse_software_lookup,Block C,,MATLAB,
q03042,Which computers in Lab 1 can run Windows 10?,os_compatibility_check,Lab 1,Windows 10,,
q03043,Show hardware details for Lab 1.,hardware_query,Lab 1,,,
q03044,List computers with SSD in Block B.,hardware_query,Block B,,,
q03045,Find software that runs on Library.,reverse_software_lookup,Library,,PyCharm,
q03046,Which systems support Blender in Lab 2?,software_compatibility_check,Lab 2,,Blender,
q03047,Show PCs in Block B incompatible with Linux Mint 22.,os_compatibility_check,Block B,Linux Mint 22,,
q03048,Show PCs in Block A incompatible with Fedora 42.,os_compatibility_check,Block A,Fedora 42,,
q03049,Which PCs in Block A have 8 GB RAM?,hardware_query,Block A,,,
q03050,Which systems support MATLAB in Programming Lab?,software_compatibility_check,Programming Lab,,MATLAB,
q03051,Display CPU details for Lab 1.,hardware_query,Lab 1,,,
q03052,Which computers in Network Lab can run Debian 13?,os_compatibility_check,Network Lab,Debian 13,,
q03053,Which software can run on computers in Block A?,reverse_software_lookup,Block A,,Oracle Database,
q03054,Find systems needing RAM upgrade.,upgrade_planning,Library,Ubuntu 24.04,Android Studio,RAM upgrade
q03055,Which computers need CPU for Android Studio?,upgrade_planning,Block A,Debian 13,Android Studio,CPU
q03056,What upgrades are required in Lab 1?,upgrade_planning,Lab 1,Ubuntu 24.04,Blender,RAM upgrade
q03057,Which systems support Blender in Block A?,software_compatibility_check,Block A,,Blender,
q03058,Plan upgrades for Programming Lab to run Ubuntu 24.04.,upgrade_planning,Programming Lab,Ubuntu 24.04,Oracle Database,Storage
q03059,Check AutoCAD 2026 compatibility for Block B.,software_compatibility_check,Block B,,AutoCAD,
q03060,Show hardware details for Block C.,hardware_query,Block C,,,
q03061,Best operating system for Network Lab?,os_recommendation,Network Lab,Debian 13,,
q03062,Is PyCharm supported in AI Lab?,software_compatibility_check,AI Lab,,PyCharm,
q03063,List software supported by PCs in Network Lab.,reverse_software_lookup,Network Lab,,Android Studio,
q03064,List software supported by PCs in Network Lab.,reverse_software_lookup,Network Lab,,VMware Workstation,
q03065,Best operating system for Lab 1?,os_recommendation,Lab 1,Windows 11,,
q03066,Which operating system is most suitable for Block B?,os_recommendation,Block B,Fedora 42,,
q03067,What applications are compatible with Programming Lab computers?,reverse_software_lookup,Programming Lab,,Oracle Database,
q03068,What upgrades are required in Lab 2?,upgrade_planning,Lab 2,Linux Mint 22,MATLAB,GPU
q03069,Can computers in Lab 2 run Oracle Database?,software_compatibility_check,Lab 2,,Oracle Database,
q03070,Find software that runs on Lab 1.,reverse_software_lookup,Lab 1,,VMware Workstation,
q03071,Which computers need Storage for VMware Workstation?,upgrade_planning,Block B,Debian 13,VMware Workstation,Storage
q03072,Can computers in Block C run VS Code?,software_compatibility_check,Block C,,Visual Studio Code,
q03073,Suggest an OS for computers in Block C.,os_recommendation,Block C,Fedora 42,,
q03074,Find software that runs on Library.,reverse_software_lookup,Library,,Blender,
q03075,Show PCs in Library incompatible with Windows 10.,os_compatibility_check,Library,Windows 10,,
q03076,Display CPU details for Lab 2.,hardware_query,Lab 2,,,
q03077,Which PCs in AI Lab have 8 GB RAM?,hardware_query,AI Lab,,,
q03078,Find systems needing TPM.,upgrade_planning,Library,Windows 10,Oracle Database,TPM
q03079,What applications are compatible with AI Lab computers?,reverse_software_lookup,AI Lab,,Blender,
q03080,Which computers need CPU for VMware Workstation?,upgrade_planning,Block A,Ubuntu 24.04,VMware Workstation,CPU
q03081,Can systems in AI Lab support Linux Mint 22?,os_compatibility_check,AI Lab,Linux Mint 22,,
q03082,What applications are compatible with Network Lab computers?,reverse_software_lookup,Network Lab,,AutoCAD,
q03083,Recommend the best OS for Network Lab.,os_recommendation,Network Lab,Debian 13,,
q03084,What upgrades are required in Lab 2?,upgrade_planning,Lab 2,Linux Mint 22,MATLAB,CPU
q03085,List software supported by PCs in AI Lab.,reverse_software_lookup,AI Lab,,MATLAB,
q03086,Which computers need TPM for VS Code?,upgrade_planning,Lab 1,Ubuntu 24.04,Visual Studio Code,TPM
q03087,Can systems in Block C support Ubuntu 24.04?,os_compatibility_check,Block C,Ubuntu 24.04,,
q03088,Show PCs in Library incompatible with Ubuntu 24.04.,os_compatibility_check,Library,Ubuntu 24.04,,
q03089,What applications are compatible with AI Lab computers?,reverse_software_lookup,AI Lab,,PyCharm,
q03090,Which computers in Programming Lab can run Debian 13?,os_compatibility_check,Programming Lab,Debian 13,,
q03091,Display CPU details for Programming Lab.,hardware_query,Programming Lab,,,
q03092,Show PCs in Network Lab incompatible with Linux Mint 22.,os_compatibility_check,Network Lab,Linux Mint 22,,
q03093,Which PCs in Lab 2 have 8 GB RAM?,hardware_query,Lab 2,,,
q03094,List software supported by PCs in Block B.,reverse_software_lookup,Block B,,Android Studio,
q03095,What upgrades are required in Programming Lab?,upgrade_planning,Programming Lab,Windows 11,Oracle Database,TPM
q03096,Which computers need CPU for Oracle Database?,upgrade_planning,Programming Lab,Ubuntu 24.04,Oracle Database,CPU
q03097,Best operating system for Library?,os_recommendation,Library,Debian 13,,
q03098,Recommend the best OS for Lab 1.,os_recommendation,Lab 1,Linux Mint 22,,
q03099,What upgrades are required in Programming Lab?,upgrade_planning,Programming Lab,Linux Mint 22,MATLAB,GPU
q03100,Can systems in Network Lab support Fedora 42?,os_compatibility_check,Network Lab,Fedora 42,,
q03101,Recommend the best OS for Lab 1.,os_recommendation,Lab 1,Linux Mint 22,,
q03102,Show hardware details for Network Lab.,hardware_query,Network Lab,,,
q03103,Which systems support Blender in Block A?,software_compatibility_check,Block A,,Blender,
q03104,What applications are compatible with AI Lab computers?,reverse_software_lookup,AI Lab,,AutoCAD,
q03105,Display CPU details for Block A.,hardware_query,Block A,,,
q03106,Check Blender compatibility for Lab 2.,software_compatibility_check,Lab 2,,Blender,
q03107,Which operating system is most suitable for Lab 2?,os_recommendation,Lab 2,Debian 13,,
q03108,Find systems needing GPU.,upgrade_planning,Network Lab,Windows 10,PyCharm,GPU
q03109,Which computers need Storage for Blender?,upgrade_planning,Block C,Ubuntu 24.04,Blender,Storage
q03110,Best operating system for Lab 2?,os_recommendation,Lab 2,Windows 11,,
q03111,Plan upgrades for AI Lab to run Windows 10.,upgrade_planning,AI Lab,Windows 10,VMware Workstation,RAM upgrade
q03112,Is Oracle Database supported in Network Lab?,software_compatibility_check,Network Lab,,Oracle Database,
q03113,Show PCs in Lab 1 incompatible with Ubuntu 24.04.,os_compatibility_check,Lab 1,Ubuntu 24.04,,
q03114,List computers with SSD in Programming Lab.,hardware_query,Programming Lab,,,
q03115,Can systems in Block A support Linux Mint 22?,os_compatibility_check,Block A,Linux Mint 22,,
q03116,Can systems in Lab 1 support Windows 11?,os_compatibility_check,Lab 1,Windows 11,,
q03117,List machines in AI Lab that meet Linux Mint 22 requirements.,os_compatibility_check,AI Lab,Linux Mint 22,,
q03118,Recommend the best OS for AI Lab.,os_recommendation,AI Lab,Debian 13,,
q03119,Suggest an OS for computers in Block B.,os_recommendation,Block B,Linux Mint 22,,
q03120,Can computers in Block A run Android Studio?,software_compatibility_check,Block A,,Android Studio,
q03121,Which PCs in Network Lab have 8 GB RAM?,hardware_query,Network Lab,,,
q03122,Find software that runs on Network Lab.,reverse_software_lookup,Network Lab,,AutoCAD,
q03123,Which computers need TPM for MATLAB?,upgrade_planning,Library,Linux Mint 22,MATLAB,TPM
q03124,Show hardware details for Block A.,hardware_query,Block A,,,
q03125,Find systems needing TPM.,upgrade_planning,Block B,Ubuntu 24.04,PyCharm,TPM
q03126,List computers with SSD in Library.,hardware_query,Library,,,
q03127,Find systems needing RAM upgrade.,upgrade_planning,AI Lab,Linux Mint 22,AutoCAD,RAM upgrade
q03128,Find software that runs on Block B.,reverse_software_lookup,Block B,,AutoCAD,
q03129,What applications are compatible with Library computers?,reverse_software_lookup,Library,,Oracle Database,
q03130,Can computers in Lab 2 run AutoCAD 2026?,software_compatibility_check,Lab 2,,AutoCAD,
q03131,Check MATLAB compatibility for Lab 2.,software_compatibility_check,Lab 2,,MATLAB,
q03132,Which software can run on computers in Block B?,reverse_software_lookup,Block B,,PyCharm,
q03133,Which PCs in Block A have 8 GB RAM?,hardware_query,Block A,,,
q03134,List computers with SSD in Library.,hardware_query,Library,,,
q03135,Check Android Studio compatibility for Programming Lab.,software_compatibility_check,Programming Lab,,Android Studio,
q03136,Is Blender supported in AI Lab?,software_compatibility_check,AI Lab,,Blender,
q03137,Best operating system for Network Lab?,os_recommendation,Network Lab,Linux Mint 22,,
q03138,Show PCs in Lab 1 incompatible with Windows 10.,os_compatibility_check,Lab 1,Windows 10,,
q03139,List machines in Block B that meet Linux Mint 22 requirements.,os_compatibility_check,Block B,Linux Mint 22,,
q03140,List software supported by PCs in Library.,reverse_software_lookup,Library,,Visual Studio Code,
q03141,Can computers in Network Lab run VMware Workstation?,software_compatibility_check,Network Lab,,VMware Workstation,
q03142,Can systems in Block C support Linux Mint 22?,os_compatibility_check,Block C,Linux Mint 22,,
q03143,Recommend the best OS for Block A.,os_recommendation,Block A,Fedora 42,,
q03144,Show hardware details for Block B.,hardware_query,Block B,,,
q03145,Show PCs in AI Lab incompatible with Fedora 42.,os_compatibility_check,AI Lab,Fedora 42,,
q03146,Show hardware details for Lab 2.,hardware_query,Lab 2,,,
q03147,Plan upgrades for Lab 2 to run Windows 11.,upgrade_planning,Lab 2,Windows 11,Oracle Database,TPM
q03148,Show PCs in AI Lab incompatible with Fedora 42.,os_compatibility_check,AI Lab,Fedora 42,,
q03149,Which systems support AutoCAD 2026 in Block B?,software_compatibility_check,Block B,,AutoCAD,
q03150,Find software that runs on Block C.,reverse_software_lookup,Block C,,Oracle Database,
q03151,Check VS Code compatibility for Block B.,software_compatibility_check,Block B,,Visual Studio Code,
q03152,Show PCs in AI Lab incompatible with Windows 10.,os_compatibility_check,AI Lab,Windows 10,,
q03153,Check Oracle Database compatibility for Network Lab.,software_compatibility_check,Network Lab,,Oracle Database,
q03154,Which operating system is most suitable for AI Lab?,os_recommendation,AI Lab,Ubuntu 24.04,,
q03155,Which computers need RAM upgrade for MATLAB?,upgrade_planning,Block B,Linux Mint 22,MATLAB,RAM upgrade
q03156,Suggest an OS for computers in Network Lab.,os_recommendation,Network Lab,Ubuntu 24.04,,
q03157,Check VMware Workstation compatibility for Library.,software_compatibility_check,Library,,VMware Workstation,
q03158,Show hardware details for Programming Lab.,hardware_query,Programming Lab,,,
q03159,Which operating system is most suitable for Library?,os_recommendation,Library,Fedora 42,,
q03160,Best operating system for Lab 1?,os_recommendation,Lab 1,Windows 10,,
q03161,List software supported by PCs in Lab 2.,reverse_software_lookup,Lab 2,,Oracle Database,
q03162,Which computers in Library can run Fedora 42?,os_compatibility_check,Library,Fedora 42,,
q03163,Find systems needing TPM.,upgrade_planning,Block A,Debian 13,Android Studio,TPM
q03164,List machines in Block B that meet Ubuntu 24.04 requirements.,os_compatibility_check,Block B,Ubuntu 24.04,,
q03165,Which computers need Secure Boot for PyCharm?,upgrade_planning,Lab 2,Ubuntu 24.04,PyCharm,Secure Boot
q03166,Which operating system is most suitable for Block C?,os_recommendation,Block C,Windows 11,,
q03167,Best operating system for Block B?,os_recommendation,Block B,Linux Mint 22,,
q03168,Check Android Studio compatibility for Network Lab.,software_compatibility_check,Network Lab,,Android Studio,
q03169,Plan upgrades for Programming Lab to run Linux Mint 22.,upgrade_planning,Programming Lab,Linux Mint 22,Oracle Database,Secure Boot
q03170,List computers with SSD in Lab 1.,hardware_query,Lab 1,,,
q03171,List computers with SSD in Block A.,hardware_query,Block A,,,
q03172,List machines in Block B that meet Linux Mint 22 requirements.,os_compatibility_check,Block B,Linux Mint 22,,
q03173,What upgrades are required in Block C?,upgrade_planning,Block C,Debian 13,PyCharm,TPM
q03174,Which systems support VMware Workstation in Network Lab?,software_compatibility_check,Network Lab,,VMware Workstation,
q03175,Show hardware details for Programming Lab.,hardware_query,Programming Lab,,,
q03176,Find systems needing Storage.,upgrade_planning,Block C,Debian 13,Blender,Storage
q03177,Which operating system is most suitable for Library?,os_recommendation,Library,Windows 10,,
q03178,Show PCs in Network Lab incompatible with Ubuntu 24.04.,os_compatibility_check,Network Lab,Ubuntu 24.04,,
q03179,Best operating system for Block A?,os_recommendation,Block A,Debian 13,,
q03180,List machines in Programming Lab that meet Windows 11 requirements.,os_compatibility_check,Programming Lab,Windows 11,,
q03181,Can systems in Block A support Linux Mint 22?,os_compatibility_check,Block A,Linux Mint 22,,
q03182,Can systems in Block A support Windows 10?,os_compatibility_check,Block A,Windows 10,,
q03183,Best operating system for Programming Lab?,os_recommendation,Programming Lab,Debian 13,,
q03184,List software supported by PCs in AI Lab.,reverse_software_lookup,AI Lab,,Blender,
q03185,Can systems in Block A support Windows 10?,os_compatibility_check,Block A,Windows 10,,
q03186,Which PCs in Block B have 8 GB RAM?,hardware_query,Block B,,,
q03187,What applications are compatible with Network Lab computers?,reverse_software_lookup,Network Lab,,PyCharm,
q03188,Which software can run on computers in Block C?,reverse_software_lookup,Block C,,MATLAB,
q03189,Which operating system is most suitable for Network Lab?,os_recommendation,Network Lab,Linux Mint 22,,
q03190,Check VS Code compatibility for Block A.,software_compatibility_check,Block A,,Visual Studio Code,
q03191,Which PCs in Block A have 8 GB RAM?,hardware_query,Block A,,,
q03192,Suggest an OS for computers in Block A.,os_recommendation,Block A,Ubuntu 24.04,,
q03193,Display CPU details for AI Lab.,hardware_query,AI Lab,,,
q03194,Display CPU details for Block C.,hardware_query,Block C,,,
q03195,Display CPU details for Lab 2.,hardware_query,Lab 2,,,
q03196,What applications are compatible with AI Lab computers?,reverse_software_lookup,AI Lab,,VMware Workstation,
q03197,Check VMware Workstation compatibility for Block C.,software_compatibility_check,Block C,,VMware Workstation,
q03198,Can computers in Block A run Oracle Database?,software_compatibility_check,Block A,,Oracle Database,
q03199,List software supported by PCs in Programming Lab.,reverse_software_lookup,Programming Lab,,AutoCAD,
q03200,Which systems support AutoCAD 2026 in AI Lab?,software_compatibility_check,AI Lab,,AutoCAD,
q03201,Show PCs in Library incompatible with Windows 10.,os_compatibility_check,Library,Windows 10,,
q03202,Plan upgrades for Block B to run Debian 13.,upgrade_planning,Block B,Debian 13,Visual Studio Code,Secure Boot
q03203,Suggest an OS for computers in AI Lab.,os_recommendation,AI Lab,Linux Mint 22,,
q03204,Find systems needing Storage.,upgrade_planning,Lab 1,Linux Mint 22,AutoCAD,Storage
q03205,List software supported by PCs in Lab 1.,reverse_software_lookup,Lab 1,,VMware Workstation,
q03206,Plan upgrades for Library to run Fedora 42.,upgrade_planning,Library,Fedora 42,Oracle Database,RAM upgrade
q03207,Show hardware details for Programming Lab.,hardware_query,Programming Lab,,,
q03208,List computers with SSD in Programming Lab.,hardware_query,Programming Lab,,,
q03209,List computers with SSD in AI Lab.,hardware_query,AI Lab,,,
q03210,Which software can run on computers in Network Lab?,reverse_software_lookup,Network Lab,,AutoCAD,
q03211,Is AutoCAD 2026 supported in Block B?,software_compatibility_check,Block B,,AutoCAD,
q03212,What applications are compatible with Network Lab computers?,reverse_software_lookup,Network Lab,,Visual Studio Code,
q03213,List computers with SSD in Block C.,hardware_query,Block C,,,
q03214,Display CPU details for Network Lab.,hardware_query,Network Lab,,,
q03215,Find systems needing GPU.,upgrade_planning,Lab 2,Ubuntu 24.04,Android Studio,GPU
q03216,Which computers need Secure Boot for Blender?,upgrade_planning,Lab 2,Windows 11,Blender,Secure Boot
q03217,Show hardware details for Lab 2.,hardware_query,Lab 2,,,
q03218,Show hardware details for Lab 1.,hardware_query,Lab 1,,,
q03219,Plan upgrades for Network Lab to run Debian 13.,upgrade_planning,Network Lab,Debian 13,Blender,CPU
q03220,What applications are compatible with Network Lab computers?,reverse_software_lookup,Network Lab,,MATLAB,
q03221,Which systems support AutoCAD 2026 in AI Lab?,software_compatibility_check,AI Lab,,AutoCAD,
q03222,Display CPU details for Network Lab.,hardware_query,Network Lab,,,
q03223,Which computers need TPM for Blender?,upgrade_planning,Programming Lab,Linux Mint 22,Blender,TPM
q03224,Show hardware details for Network Lab.,hardware_query,Network Lab,,,
q03225,Find systems needing Secure Boot.,upgrade_planning,Library,Ubuntu 24.04,AutoCAD,Secure Boot
q03226,Recommend the best OS for Block A.,os_recommendation,Block A,Ubuntu 24.04,,
q03227,Plan upgrades for Block C to run Windows 11.,upgrade_planning,Block C,Windows 11,MATLAB,TPM
q03228,Which computers need GPU for PyCharm?,upgrade_planning,Block A,Fedora 42,PyCharm,GPU
q03229,Display CPU details for Block C.,hardware_query,Block C,,,
q03230,Is Blender supported in Programming Lab?,software_compatibility_check,Programming Lab,,Blender,
q03231,List computers with SSD in Block A.,hardware_query,Block A,,,
q03232,Show PCs in Block A incompatible with Debian 13.,os_compatibility_check,Block A,Debian 13,,
q03233,Best operating system for Programming Lab?,os_recommendation,Programming Lab,Fedora 42,,
q03234,Which PCs in Lab 2 have 8 GB RAM?,hardware_query,Lab 2,,,
q03235,Recommend the best OS for Lab 1.,os_recommendation,Lab 1,Windows 11,,
q03236,Which operating system is most suitable for Block B?,os_recommendation,Block B,Ubuntu 24.04,,
q03237,Show hardware details for Block C.,hardware_query,Block C,,,
q03238,What applications are compatible with Network Lab computers?,reverse_software_lookup,Network Lab,,AutoCAD,
q03239,Which computers in Block B can run Ubuntu 24.04?,os_compatibility_check,Block B,Ubuntu 24.04,,
q03240,What applications are compatible with Network Lab computers?,reverse_software_lookup,Network Lab,,PyCharm,
q03241,Find software that runs on Block C.,reverse_software_lookup,Block C,,VMware Workstation,
q03242,Which computers need Storage for Oracle Database?,upgrade_planning,Block A,Ubuntu 24.04,Oracle Database,Storage
q03243,Show PCs in Library incompatible with Fedora 42.,os_compatibility_check,Library,Fedora 42,,
q03244,Which operating system is most suitable for Network Lab?,os_recommendation,Network Lab,Linux Mint 22,,
q03245,Which computers in AI Lab can run Ubuntu 24.04?,os_compatibility_check,AI Lab,Ubuntu 24.04,,
q03246,Which systems support MATLAB in Library?,software_compatibility_check,Library,,MATLAB,
q03247,Is Android Studio supported in Library?,software_compatibility_check,Library,,Android Studio,
q03248,List machines in AI Lab that meet Windows 11 requirements.,os_compatibility_check,AI Lab,Windows 11,,
q03249,Can systems in Block C support Linux Mint 22?,os_compatibility_check,Block C,Linux Mint 22,,
q03250,Show hardware details for Library.,hardware_query,Library,,,
q03251,Best operating system for AI Lab?,os_recommendation,AI Lab,Ubuntu 24.04,,
q03252,What applications are compatible with Block C computers?,reverse_software_lookup,Block C,,AutoCAD,
q03253,Which operating system is most suitable for Lab 2?,os_recommendation,Lab 2,Linux Mint 22,,
q03254,Find software that runs on Block C.,reverse_software_lookup,Block C,,MATLAB,
q03255,Find software that runs on Block A.,reverse_software_lookup,Block A,,AutoCAD,
q03256,Which PCs in Lab 1 have 8 GB RAM?,hardware_query,Lab 1,,,
q03257,Check Blender compatibility for Library.,software_compatibility_check,Library,,Blender,
q03258,What upgrades are required in AI Lab?,upgrade_planning,AI Lab,Windows 10,AutoCAD,Storage
q03259,List software supported by PCs in AI Lab.,reverse_software_lookup,AI Lab,,AutoCAD,
q03260,What applications are compatible with Block A computers?,reverse_software_lookup,Block A,,Oracle Database,
q03261,Which computers need GPU for Android Studio?,upgrade_planning,Network Lab,Ubuntu 24.04,Android Studio,GPU
q03262,Which PCs in Block B have 8 GB RAM?,hardware_query,Block B,,,
q03263,Display CPU details for Block A.,hardware_query,Block A,,,
q03264,What applications are compatible with Block B computers?,reverse_software_lookup,Block B,,Blender,
q03265,Best operating system for AI Lab?,os_recommendation,AI Lab,Windows 11,,
q03266,What upgrades are required in Network Lab?,upgrade_planning,Network Lab,Windows 11,MATLAB,Storage
q03267,Which software can run on computers in Block C?,reverse_software_lookup,Block C,,Blender,
q03268,Which computers in AI Lab can run Debian 13?,os_compatibility_check,AI Lab,Debian 13,,
q03269,Which computers in Lab 2 can run Debian 13?,os_compatibility_check,Lab 2,Debian 13,,
q03270,List software supported by PCs in Block B.,reverse_software_lookup,Block B,,VMware Workstation,
q03271,List computers with SSD in Block B.,hardware_query,Block B,,,
q03272,Find software that runs on Block C.,reverse_software_lookup,Block C,,Blender,
q03273,Plan upgrades for Lab 2 to run Debian 13.,upgrade_planning,Lab 2,Debian 13,Visual Studio Code,GPU
q03274,Which PCs in Programming Lab have 8 GB RAM?,hardware_query,Programming Lab,,,
q03275,Check AutoCAD 2026 compatibility for Block B.,software_compatibility_check,Block B,,AutoCAD,
q03276,Which PCs in Library have 8 GB RAM?,hardware_query,Library,,,
q03277,Plan upgrades for Lab 1 to run Debian 13.,upgrade_planning,Lab 1,Debian 13,Blender,TPM
q03278,What applications are compatible with Block A computers?,reverse_software_lookup,Block A,,Android Studio,
q03279,Can computers in Network Lab run AutoCAD 2026?,software_compatibility_check,Network Lab,,AutoCAD,
q03280,Which PCs in Lab 1 have 8 GB RAM?,hardware_query,Lab 1,,,
q03281,List machines in Block B that meet Ubuntu 24.04 requirements.,os_compatibility_check,Block B,Ubuntu 24.04,,
q03282,Which PCs in Programming Lab have 8 GB RAM?,hardware_query,Programming Lab,,,
q03283,Check VS Code compatibility for Block B.,software_compatibility_check,Block B,,Visual Studio Code,
q03284,Which systems support AutoCAD 2026 in Block C?,software_compatibility_check,Block C,,AutoCAD,
q03285,Display CPU details for Library.,hardware_query,Library,,,
q03286,Display CPU details for Programming Lab.,hardware_query,Programming Lab,,,
q03287,Which PCs in Block B have 8 GB RAM?,hardware_query,Block B,,,
q03288,Check MATLAB compatibility for Lab 2.,software_compatibility_check,Lab 2,,MATLAB,
q03289,Can systems in Library support Windows 10?,os_compatibility_check,Library,Windows 10,,
q03290,Best operating system for Programming Lab?,os_recommendation,Programming Lab,Windows 11,,
q03291,Can systems in AI Lab support Ubuntu 24.04?,os_compatibility_check,AI Lab,Ubuntu 24.04,,
q03292,Which operating system is most suitable for Block B?,os_recommendation,Block B,Windows 11,,
q03293,Which systems support Oracle Database in Library?,software_compatibility_check,Library,,Oracle Database,
q03294,Plan upgrades for Block B to run Ubuntu 24.04.,upgrade_planning,Block B,Ubuntu 24.04,VMware Workstation,GPU
q03295,What upgrades are required in Block C?,upgrade_planning,Block C,Fedora 42,Android Studio,RAM upgrade
q03296,Which software can run on computers in AI Lab?,reverse_software_lookup,AI Lab,,AutoCAD,
q03297,Best operating system for Network Lab?,os_recommendation,Network Lab,Linux Mint 22,,
q03298,Find systems needing TPM.,upgrade_planning,Block C,Fedora 42,AutoCAD,TPM
q03299,List computers with SSD in Block A.,hardware_query,Block A,,,
q03300,Recommend the best OS for Library.,os_recommendation,Library,Debian 13,,
q03301,Which operating system is most suitable for AI Lab?,os_recommendation,AI Lab,Debian 13,,
q03302,Best operating system for Lab 1?,os_recommendation,Lab 1,Debian 13,,
q03303,Which operating system is most suitable for Block B?,os_recommendation,Block B,Windows 11,,
q03304,Which operating system is most suitable for Lab 1?,os_recommendation,Lab 1,Ubuntu 24.04,,
q03305,Find systems needing GPU.,upgrade_planning,Lab 2,Linux Mint 22,Visual Studio Code,GPU
q03306,List software supported by PCs in Block C.,reverse_software_lookup,Block C,,Oracle Database,
q03307,Can computers in Network Lab run AutoCAD 2026?,software_compatibility_check,Network Lab,,AutoCAD,
q03308,What applications are compatible with Block C computers?,reverse_software_lookup,Block C,,Android Studio,
q03309,What applications are compatible with Block A computers?,reverse_software_lookup,Block A,,Oracle Database,
q03310,What upgrades are required in Lab 1?,upgrade_planning,Lab 1,Ubuntu 24.04,VMware Workstation,Storage
q03311,Show PCs in Block C incompatible with Windows 11.,os_compatibility_check,Block C,Windows 11,,
q03312,What applications are compatible with Block A computers?,reverse_software_lookup,Block A,,PyCharm,
q03313,Can systems in Network Lab support Fedora 42?,os_compatibility_check,Network Lab,Fedora 42,,
q03314,Suggest an OS for computers in Lab 1.,os_recommendation,Lab 1,Windows 11,,
q03315,Which computers need TPM for VS Code?,upgrade_planning,Block A,Debian 13,Visual Studio Code,TPM
q03316,Is VMware Workstation supported in Block C?,software_compatibility_check,Block C,,VMware Workstation,
q03317,Can systems in Network Lab support Ubuntu 24.04?,os_compatibility_check,Network Lab,Ubuntu 24.04,,
q03318,List machines in Lab 2 that meet Fedora 42 requirements.,os_compatibility_check,Lab 2,Fedora 42,,
q03319,Which software can run on computers in Lab 2?,reverse_software_lookup,Lab 2,,MATLAB,
q03320,Show PCs in Network Lab incompatible with Windows 10.,os_compatibility_check,Network Lab,Windows 10,,
q03321,What upgrades are required in Block B?,upgrade_planning,Block B,Windows 11,Android Studio,TPM
q03322,Can systems in AI Lab support Windows 10?,os_compatibility_check,AI Lab,Windows 10,,
q03323,List software supported by PCs in Block B.,reverse_software_lookup,Block B,,Blender,
q03324,Find software that runs on Block C.,reverse_software_lookup,Block C,,Oracle Database,
q03325,Find software that runs on Block C.,reverse_software_lookup,Block C,,PyCharm,
q03326,Show hardware details for Block C.,hardware_query,Block C,,,
q03327,Which computers in Lab 2 can run Linux Mint 22?,os_compatibility_check,Lab 2,Linux Mint 22,,
q03328,Show hardware details for Programming Lab.,hardware_query,Programming Lab,,,
q03329,Which operating system is most suitable for Lab 2?,os_recommendation,Lab 2,Windows 10,,
q03330,Which operating system is most suitable for Block A?,os_recommendation,Block A,Ubuntu 24.04,,
q03331,Recommend the best OS for Block A.,os_recommendation,Block A,Debian 13,,
q03332,Suggest an OS for computers in Library.,os_recommendation,Library,Windows 11,,
q03333,What applications are compatible with Library computers?,reverse_software_lookup,Library,,Oracle Database,
q03334,Which software can run on computers in Lab 1?,reverse_software_lookup,Lab 1,,Visual Studio Code,
q03335,Is VMware Workstation supported in Library?,software_compatibility_check,Library,,VMware Workstation,
q03336,Show hardware details for Network Lab.,hardware_query,Network Lab,,,
q03337,Which operating system is most suitable for Block C?,os_recommendation,Block C,Debian 13,,
q03338,Which computers need CPU for PyCharm?,upgrade_planning,Block A,Linux Mint 22,PyCharm,CPU
q03339,Best operating system for Block B?,os_recommendation,Block B,Fedora 42,,
q03340,Which computers need CPU for Blender?,upgrade_planning,AI Lab,Windows 10,Blender,CPU
q03341,Can systems in Block B support Windows 11?,os_compatibility_check,Block B,Windows 11,,
q03342,Show PCs in Library incompatible with Linux Mint 22.,os_compatibility_check,Library,Linux Mint 22,,
q03343,Find software that runs on Programming Lab.,reverse_software_lookup,Programming Lab,,AutoCAD,
q03344,Suggest an OS for computers in Lab 1.,os_recommendation,Lab 1,Windows 11,,
q03345,Recommend the best OS for Block C.,os_recommendation,Block C,Windows 11,,
q03346,Is PyCharm supported in Network Lab?,software_compatibility_check,Network Lab,,PyCharm,
q03347,Which operating system is most suitable for Block A?,os_recommendation,Block A,Windows 10,,
q03348,Find systems needing TPM.,upgrade_planning,Block A,Windows 10,Visual Studio Code,TPM
q03349,Best operating system for Block A?,os_recommendation,Block A,Debian 13,,
q03350,Check PyCharm compatibility for Network Lab.,software_compatibility_check,Network Lab,,PyCharm,
q03351,List machines in Block C that meet Windows 11 requirements.,os_compatibility_check,Block C,Windows 11,,
q03352,Display CPU details for Block B.,hardware_query,Block B,,,
q03353,What applications are compatible with AI Lab computers?,reverse_software_lookup,AI Lab,,PyCharm,
q03354,Which software can run on computers in Library?,reverse_software_lookup,Library,,Blender,
q03355,Recommend the best OS for Programming Lab.,os_recommendation,Programming Lab,Windows 11,,
q03356,Which software can run on computers in Block B?,reverse_software_lookup,Block B,,Visual Studio Code,
q03357,List computers with SSD in Block C.,hardware_query,Block C,,,
q03358,What applications are compatible with AI Lab computers?,reverse_software_lookup,AI Lab,,Visual Studio Code,
q03359,What applications are compatible with Lab 1 computers?,reverse_software_lookup,Lab 1,,MATLAB,
q03360,Which computers need Secure Boot for VMware Workstation?,upgrade_planning,Network Lab,Windows 10,VMware Workstation,Secure Boot
q03361,Which systems support Android Studio in Programming Lab?,software_compatibility_check,Programming Lab,,Android Studio,
q03362,What applications are compatible with Lab 1 computers?,reverse_software_lookup,Lab 1,,Oracle Database,
q03363,Is PyCharm supported in Programming Lab?,software_compatibility_check,Programming Lab,,PyCharm,
q03364,Is Android Studio supported in Lab 1?,software_compatibility_check,Lab 1,,Android Studio,
q03365,Show PCs in Network Lab incompatible with Windows 10.,os_compatibility_check,Network Lab,Windows 10,,
q03366,Is Oracle Database supported in Block B?,software_compatibility_check,Block B,,Oracle Database,
q03367,List computers with SSD in Lab 2.,hardware_query,Lab 2,,,
q03368,Show PCs in Library incompatible with Linux Mint 22.,os_compatibility_check,Library,Linux Mint 22,,
q03369,Display CPU details for AI Lab.,hardware_query,AI Lab,,,
q03370,What upgrades are required in Lab 1?,upgrade_planning,Lab 1,Debian 13,Blender,Storage
q03371,Show PCs in Programming Lab incompatible with Ubuntu 24.04.,os_compatibility_check,Programming Lab,Ubuntu 24.04,,
q03372,Which PCs in Block C have 8 GB RAM?,hardware_query,Block C,,,
q03373,Can computers in Library run VS Code?,software_compatibility_check,Library,,Visual Studio Code,
q03374,Which software can run on computers in Lab 2?,reverse_software_lookup,Lab 2,,AutoCAD,
q03375,Suggest an OS for computers in Lab 1.,os_recommendation,Lab 1,Linux Mint 22,,
q03376,Recommend the best OS for AI Lab.,os_recommendation,AI Lab,Ubuntu 24.04,,
q03377,Recommend the best OS for Programming Lab.,os_recommendation,Programming Lab,Debian 13,,
q03378,List software supported by PCs in Library.,reverse_software_lookup,Library,,Oracle Database,
q03379,What applications are compatible with Block B computers?,reverse_software_lookup,Block B,,Visual Studio Code,
q03380,Can computers in AI Lab run AutoCAD 2026?,software_compatibility_check,AI Lab,,AutoCAD,
q03381,Which operating system is most suitable for Block B?,os_recommendation,Block B,Debian 13,,
q03382,List computers with SSD in AI Lab.,hardware_query,AI Lab,,,
q03383,Which systems support Blender in Lab 1?,software_compatibility_check,Lab 1,,Blender,
q03384,Which computers need RAM upgrade for PyCharm?,upgrade_planning,Network Lab,Debian 13,PyCharm,RAM upgrade
q03385,Which operating system is most suitable for Block C?,os_recommendation,Block C,Ubuntu 24.04,,
q03386,Check VMware Workstation compatibility for Block C.,software_compatibility_check,Block C,,VMware Workstation,
q03387,List computers with SSD in Lab 1.,hardware_query,Lab 1,,,
q03388,Display CPU details for Programming Lab.,hardware_query,Programming Lab,,,
q03389,Recommend the best OS for Library.,os_recommendation,Library,Windows 10,,
q03390,List software supported by PCs in Network Lab.,reverse_software_lookup,Network Lab,,VMware Workstation,
q03391,Suggest an OS for computers in AI Lab.,os_recommendation,AI Lab,Windows 10,,
q03392,Show hardware details for Network Lab.,hardware_query,Network Lab,,,
q03393,Can computers in Block C run Blender?,software_compatibility_check,Block C,,Blender,
q03394,Show PCs in Library incompatible with Fedora 42.,os_compatibility_check,Library,Fedora 42,,
q03395,Check VMware Workstation compatibility for Library.,software_compatibility_check,Library,,VMware Workstation,
q03396,Which operating system is most suitable for AI Lab?,os_recommendation,AI Lab,Windows 10,,
q03397,Is VMware Workstation supported in Lab 2?,software_compatibility_check,Lab 2,,VMware Workstation,
q03398,Which PCs in Block C have 8 GB RAM?,hardware_query,Block C,,,
q03399,Can computers in Lab 2 run VMware Workstation?,software_compatibility_check,Lab 2,,VMware Workstation,
q03400,Find software that runs on AI Lab.,reverse_software_lookup,AI Lab,,AutoCAD,
q03401,List computers with SSD in Programming Lab.,hardware_query,Programming Lab,,,
q03402,Which computers in Block A can run Linux Mint 22?,os_compatibility_check,Block A,Linux Mint 22,,
q03403,Which software can run on computers in Block A?,reverse_software_lookup,Block A,,Android Studio,
q03404,Which software can run on computers in Lab 2?,reverse_software_lookup,Lab 2,,Oracle Database,
q03405,Find systems needing CPU.,upgrade_planning,Block C,Debian 13,AutoCAD,CPU
q03406,Find systems needing Storage.,upgrade_planning,Block A,Fedora 42,Visual Studio Code,Storage
q03407,List software supported by PCs in Lab 1.,reverse_software_lookup,Lab 1,,AutoCAD,
q03408,Find systems needing GPU.,upgrade_planning,Lab 1,Windows 11,Android Studio,GPU
q03409,List software supported by PCs in Lab 1.,reverse_software_lookup,Lab 1,,AutoCAD,
q03410,Show PCs in Block A incompatible with Linux Mint 22.,os_compatibility_check,Block A,Linux Mint 22,,
q03411,Which computers in Block B can run Debian 13?,os_compatibility_check,Block B,Debian 13,,
q03412,Which systems support Blender in Block C?,software_compatibility_check,Block C,,Blender,
q03413,What upgrades are required in AI Lab?,upgrade_planning,AI Lab,Windows 11,Oracle Database,TPM
q03414,Show hardware details for Library.,hardware_query,Library,,,
q03415,Plan upgrades for Network Lab to run Windows 11.,upgrade_planning,Network Lab,Windows 11,Android Studio,CPU
q03416,Recommend the best OS for Block A.,os_recommendation,Block A,Fedora 42,,
q03417,List software supported by PCs in Block A.,reverse_software_lookup,Block A,,MATLAB,
q03418,What applications are compatible with Block C computers?,reverse_software_lookup,Block C,,AutoCAD,
q03419,Find systems needing GPU.,upgrade_planning,Block B,Windows 11,MATLAB,GPU
q03420,What upgrades are required in Programming Lab?,upgrade_planning,Programming Lab,Linux Mint 22,VMware Workstation,RAM upgrade
q03421,Which operating system is most suitable for Network Lab?,os_recommendation,Network Lab,Debian 13,,
q03422,List software supported by PCs in Lab 1.,reverse_software_lookup,Lab 1,,Blender,
q03423,Which PCs in Block A have 8 GB RAM?,hardware_query,Block A,,,
q03424,Find systems needing Secure Boot.,upgrade_planning,Programming Lab,Debian 13,AutoCAD,Secure Boot
q03425,Which PCs in Lab 2 have 8 GB RAM?,hardware_query,Lab 2,,,
q03426,List computers with SSD in Lab 1.,hardware_query,Lab 1,,,
q03427,Which software can run on computers in Lab 2?,reverse_software_lookup,Lab 2,,Oracle Database,
q03428,Recommend the best OS for AI Lab.,os_recommendation,AI Lab,Fedora 42,,
q03429,List computers with SSD in Lab 2.,hardware_query,Lab 2,,,
q03430,Can computers in Lab 2 run VS Code?,software_compatibility_check,Lab 2,,Visual Studio Code,
q03431,Recommend the best OS for Network Lab.,os_recommendation,Network Lab,Debian 13,,
q03432,Recommend the best OS for Block B.,os_recommendation,Block B,Windows 10,,
q03433,Which systems support Android Studio in Block B?,software_compatibility_check,Block B,,Android Studio,
q03434,List software supported by PCs in AI Lab.,reverse_software_lookup,AI Lab,,Visual Studio Code,
q03435,Which systems support AutoCAD 2026 in Library?,software_compatibility_check,Library,,AutoCAD,
q03436,Which computers need GPU for Android Studio?,upgrade_planning,Programming Lab,Debian 13,Android Studio,GPU
q03437,Show hardware details for Programming Lab.,hardware_query,Programming Lab,,,
q03438,Is VMware Workstation supported in Programming Lab?,software_compatibility_check,Programming Lab,,VMware Workstation,
q03439,Can computers in Block C run VS Code?,software_compatibility_check,Block C,,Visual Studio Code,
q03440,Is Blender supported in Block A?,software_compatibility_check,Block A,,Blender,
q03441,What applications are compatible with Library computers?,reverse_software_lookup,Library,,AutoCAD,
q03442,Can systems in Block C support Fedora 42?,os_compatibility_check,Block C,Fedora 42,,
q03443,What applications are compatible with Block C computers?,reverse_software_lookup,Block C,,Visual Studio Code,
q03444,Suggest an OS for computers in Block C.,os_recommendation,Block C,Windows 11,,
q03445,Recommend the best OS for Lab 1.,os_recommendation,Lab 1,Debian 13,,
q03446,Find software that runs on Block C.,reverse_software_lookup,Block C,,Blender,
q03447,Is PyCharm supported in AI Lab?,software_compatibility_check,AI Lab,,PyCharm,
q03448,List software supported by PCs in Library.,reverse_software_lookup,Library,,Blender,
q03449,Is Android Studio supported in Block A?,software_compatibility_check,Block A,,Android Studio,
q03450,Which computers in AI Lab can run Windows 10?,os_compatibility_check,AI Lab,Windows 10,,
q03451,Which PCs in Block A have 8 GB RAM?,hardware_query,Block A,,,
q03452,Suggest an OS for computers in AI Lab.,os_recommendation,AI Lab,Windows 11,,
q03453,Which operating system is most suitable for Lab 2?,os_recommendation,Lab 2,Debian 13,,
q03454,Plan upgrades for Network Lab to run Fedora 42.,upgrade_planning,Network Lab,Fedora 42,AutoCAD,TPM
q03455,List software supported by PCs in Network Lab.,reverse_software_lookup,Network Lab,,Visual Studio Code,
q03456,Which computers need RAM upgrade for AutoCAD 2026?,upgrade_planning,Lab 1,Windows 10,AutoCAD,RAM upgrade
q03457,Best operating system for Block C?,os_recommendation,Block C,Debian 13,,
q03458,Best operating system for Network Lab?,os_recommendation,Network Lab,Linux Mint 22,,
q03459,Is VS Code supported in Network Lab?,software_compatibility_check,Network Lab,,Visual Studio Code,
q03460,Best operating system for Block C?,os_recommendation,Block C,Linux Mint 22,,
q03461,List software supported by PCs in Block B.,reverse_software_lookup,Block B,,Blender,
q03462,Recommend the best OS for Network Lab.,os_recommendation,Network Lab,Debian 13,,
q03463,Display CPU details for Lab 1.,hardware_query,Lab 1,,,
q03464,Which systems support AutoCAD 2026 in Block B?,software_compatibility_check,Block B,,AutoCAD,
q03465,List computers with SSD in AI Lab.,hardware_query,AI Lab,,,
q03466,List computers with SSD in Lab 1.,hardware_query,Lab 1,,,
q03467,Can systems in Lab 2 support Ubuntu 24.04?,os_compatibility_check,Lab 2,Ubuntu 24.04,,
q03468,Can systems in Library support Debian 13?,os_compatibility_check,Library,Debian 13,,
q03469,Suggest an OS for computers in Network Lab.,os_recommendation,Network Lab,Windows 11,,
q03470,Which computers need TPM for VMware Workstation?,upgrade_planning,Block C,Linux Mint 22,VMware Workstation,TPM
q03471,Can systems in Lab 2 support Linux Mint 22?,os_compatibility_check,Lab 2,Linux Mint 22,,
q03472,Show PCs in Lab 1 incompatible with Debian 13.,os_compatibility_check,Lab 1,Debian 13,,
q03473,Best operating system for Programming Lab?,os_recommendation,Programming Lab,Windows 11,,
q03474,Is Oracle Database supported in Network Lab?,software_compatibility_check,Network Lab,,Oracle Database,
q03475,Recommend the best OS for Block B.,os_recommendation,Block B,Ubuntu 24.04,,
q03476,Which operating system is most suitable for Block B?,os_recommendation,Block B,Windows 11,,
q03477,Can systems in Lab 2 support Windows 11?,os_compatibility_check,Lab 2,Windows 11,,
q03478,What applications are compatible with Block B computers?,reverse_software_lookup,Block B,,VMware Workstation,
q03479,Find software that runs on Lab 2.,reverse_software_lookup,Lab 2,,MATLAB,
q03480,Which operating system is most suitable for Lab 2?,os_recommendation,Lab 2,Windows 10,,
q03481,Can computers in Block A run VMware Workstation?,software_compatibility_check,Block A,,VMware Workstation,
q03482,Suggest an OS for computers in Programming Lab.,os_recommendation,Programming Lab,Fedora 42,,
q03483,List machines in AI Lab that meet Debian 13 requirements.,os_compatibility_check,AI Lab,Debian 13,,
q03484,List computers with SSD in Library.,hardware_query,Library,,,
q03485,What applications are compatible with Programming Lab computers?,reverse_software_lookup,Programming Lab,,Visual Studio Code,
q03486,Which systems support VMware Workstation in Programming Lab?,software_compatibility_check,Programming Lab,,VMware Workstation,
q03487,Check PyCharm compatibility for Lab 1.,software_compatibility_check,Lab 1,,PyCharm,
q03488,List machines in AI Lab that meet Ubuntu 24.04 requirements.,os_compatibility_check,AI Lab,Ubuntu 24.04,,
q03489,Show hardware details for Programming Lab.,hardware_query,Programming Lab,,,
q03490,Which operating system is most suitable for Lab 1?,os_recommendation,Lab 1,Fedora 42,,
q03491,Which computers in Block B can run Linux Mint 22?,os_compatibility_check,Block B,Linux Mint 22,,
q03492,Which operating system is most suitable for Network Lab?,os_recommendation,Network Lab,Linux Mint 22,,
q03493,List software supported by PCs in Lab 1.,reverse_software_lookup,Lab 1,,Android Studio,
q03494,Which operating system is most suitable for Programming Lab?,os_recommendation,Programming Lab,Windows 10,,
q03495,Which software can run on computers in Lab 1?,reverse_software_lookup,Lab 1,,Blender,
q03496,Show PCs in Block C incompatible with Ubuntu 24.04.,os_compatibility_check,Block C,Ubuntu 24.04,,
q03497,Plan upgrades for Lab 1 to run Fedora 42.,upgrade_planning,Lab 1,Fedora 42,MATLAB,CPU
q03498,Display CPU details for Lab 1.,hardware_query,Lab 1,,,
q03499,Find software that runs on AI Lab.,reverse_software_lookup,AI Lab,,PyCharm,
q03500,Recommend the best OS for Block B.,os_recommendation,Block B,Linux Mint 22,,
q03501,Which operating system is most suitable for Block B?,os_recommendation,Block B,Windows 11,,
q03502,Can systems in Block A support Windows 11?,os_compatibility_check,Block A,Windows 11,,
q03503,Find software that runs on Lab 1.,reverse_software_lookup,Lab 1,,MATLAB,
q03504,Which computers need Storage for Android Studio?,upgrade_planning,AI Lab,Debian 13,Android Studio,Storage
q03505,What upgrades are required in Network Lab?,upgrade_planning,Network Lab,Fedora 42,MATLAB,RAM upgrade
q03506,What upgrades are required in Block A?,upgrade_planning,Block A,Ubuntu 24.04,PyCharm,RAM upgrade
q03507,Check Blender compatibility for AI Lab.,software_compatibility_check,AI Lab,,Blender,
q03508,Can systems in Block C support Ubuntu 24.04?,os_compatibility_check,Block C,Ubuntu 24.04,,
q03509,Display CPU details for Block A.,hardware_query,Block A,,,
q03510,Which computers need RAM upgrade for PyCharm?,upgrade_planning,Network Lab,Fedora 42,PyCharm,RAM upgrade
q03511,What upgrades are required in AI Lab?,upgrade_planning,AI Lab,Windows 11,Visual Studio Code,Storage
q03512,Which PCs in Programming Lab have 8 GB RAM?,hardware_query,Programming Lab,,,
q03513,Which operating system is most suitable for Block C?,os_recommendation,Block C,Debian 13,,
q03514,Which operating system is most suitable for Library?,os_recommendation,Library,Windows 11,,
q03515,Show hardware details for Block A.,hardware_query,Block A,,,
q03516,Display CPU details for Lab 1.,hardware_query,Lab 1,,,
q03517,Which software can run on computers in Network Lab?,reverse_software_lookup,Network Lab,,AutoCAD,
q03518,Which computers in Programming Lab can run Windows 10?,os_compatibility_check,Programming Lab,Windows 10,,
q03519,Can systems in Lab 2 support Linux Mint 22?,os_compatibility_check,Lab 2,Linux Mint 22,,
q03520,List machines in Programming Lab that meet Debian 13 requirements.,os_compatibility_check,Programming Lab,Debian 13,,
q03521,List computers with SSD in Library.,hardware_query,Library,,,
q03522,Find software that runs on Block B.,reverse_software_lookup,Block B,,PyCharm,
q03523,Show PCs in Network Lab incompatible with Windows 11.,os_compatibility_check,Network Lab,Windows 11,,
q03524,What applications are compatible with Block A computers?,reverse_software_lookup,Block A,,Android Studio,
q03525,Which computers need RAM upgrade for MATLAB?,upgrade_planning,Programming Lab,Ubuntu 24.04,MATLAB,RAM upgrade
q03526,Best operating system for AI Lab?,os_recommendation,AI Lab,Debian 13,,
q03527,Recommend the best OS for Network Lab.,os_recommendation,Network Lab,Fedora 42,,
q03528,Show hardware details for Block A.,hardware_query,Block A,,,
q03529,Can computers in Block A run PyCharm?,software_compatibility_check,Block A,,PyCharm,
q03530,Recommend the best OS for Lab 2.,os_recommendation,Lab 2,Fedora 42,,
q03531,Which PCs in AI Lab have 8 GB RAM?,hardware_query,AI Lab,,,
q03532,Can systems in Block A support Ubuntu 24.04?,os_compatibility_check,Block A,Ubuntu 24.04,,
q03533,Which operating system is most suitable for Lab 1?,os_recommendation,Lab 1,Linux Mint 22,,
q03534,Best operating system for AI Lab?,os_recommendation,AI Lab,Debian 13,,
q03535,Show hardware details for AI Lab.,hardware_query,AI Lab,,,
q03536,What applications are compatible with Network Lab computers?,reverse_software_lookup,Network Lab,,Android Studio,
q03537,Which computers need RAM upgrade for Oracle Database?,upgrade_planning,Lab 2,Ubuntu 24.04,Oracle Database,RAM upgrade
q03538,Can computers in Network Lab run VMware Workstation?,software_compatibility_check,Network Lab,,VMware Workstation,
q03539,Which PCs in Block B have 8 GB RAM?,hardware_query,Block B,,,
q03540,Best operating system for Block A?,os_recommendation,Block A,Linux Mint 22,,
q03541,Can systems in AI Lab support Fedora 42?,os_compatibility_check,AI Lab,Fedora 42,,
q03542,Best operating system for Block C?,os_recommendation,Block C,Debian 13,,
q03543,Show PCs in Lab 1 incompatible with Ubuntu 24.04.,os_compatibility_check,Lab 1,Ubuntu 24.04,,
q03544,Which computers need CPU for Android Studio?,upgrade_planning,Block B,Fedora 42,Android Studio,CPU
q03545,Check MATLAB compatibility for Library.,software_compatibility_check,Library,,MATLAB,
q03546,Best operating system for Lab 2?,os_recommendation,Lab 2,Windows 11,,
q03547,Which computers need CPU for MATLAB?,upgrade_planning,Block B,Debian 13,MATLAB,CPU
q03548,Find software that runs on Lab 2.,reverse_software_lookup,Lab 2,,VMware Workstation,
q03549,Best operating system for Network Lab?,os_recommendation,Network Lab,Debian 13,,
q03550,Recommend the best OS for Lab 1.,os_recommendation,Lab 1,Windows 10,,
q03551,Show hardware details for Programming Lab.,hardware_query,Programming Lab,,,
q03552,What applications are compatible with Programming Lab computers?,reverse_software_lookup,Programming Lab,,Oracle Database,
q03553,Find systems needing CPU.,upgrade_planning,Block B,Ubuntu 24.04,Blender,CPU
q03554,List computers with SSD in Block A.,hardware_query,Block A,,,
q03555,Find software that runs on Block A.,reverse_software_lookup,Block A,,PyCharm,
q03556,Plan upgrades for Block A to run Ubuntu 24.04.,upgrade_planning,Block A,Ubuntu 24.04,Android Studio,TPM
q03557,Can computers in Block C run AutoCAD 2026?,software_compatibility_check,Block C,,AutoCAD,
q03558,Which operating system is most suitable for Lab 2?,os_recommendation,Lab 2,Windows 11,,
q03559,Find systems needing CPU.,upgrade_planning,Lab 1,Linux Mint 22,MATLAB,CPU
q03560,Which computers in Block C can run Debian 13?,os_compatibility_check,Block C,Debian 13,,
q03561,Which software can run on computers in Lab 2?,reverse_software_lookup,Lab 2,,Android Studio,
q03562,Which operating system is most suitable for Lab 2?,os_recommendation,Lab 2,Fedora 42,,
q03563,What applications are compatible with Block C computers?,reverse_software_lookup,Block C,,VMware Workstation,
q03564,Show PCs in AI Lab incompatible with Fedora 42.,os_compatibility_check,AI Lab,Fedora 42,,
q03565,Which computers need GPU for Android Studio?,upgrade_planning,Network Lab,Windows 10,Android Studio,GPU
q03566,Suggest an OS for computers in Block A.,os_recommendation,Block A,Windows 10,,
q03567,Is AutoCAD 2026 supported in Library?,software_compatibility_check,Library,,AutoCAD,
q03568,Can systems in Library support Linux Mint 22?,os_compatibility_check,Library,Linux Mint 22,,
q03569,List machines in Block C that meet Windows 11 requirements.,os_compatibility_check,Block C,Windows 11,,
q03570,Find systems needing GPU.,upgrade_planning,Library,Windows 10,MATLAB,GPU
q03571,Suggest an OS for computers in Library.,os_recommendation,Library,Ubuntu 24.04,,
q03572,Recommend the best OS for Block A.,os_recommendation,Block A,Fedora 42,,
q03573,Can systems in Block B support Fedora 42?,os_compatibility_check,Block B,Fedora 42,,
q03574,Which computers need CPU for Oracle Database?,upgrade_planning,Block B,Debian 13,Oracle Database,CPU
q03575,Can computers in Block A run VMware Workstation?,software_compatibility_check,Block A,,VMware Workstation,
q03576,Check PyCharm compatibility for Lab 1.,software_compatibility_check,Lab 1,,PyCharm,
q03577,List software supported by PCs in Programming Lab.,reverse_software_lookup,Programming Lab,,AutoCAD,
q03578,Show hardware details for Programming Lab.,hardware_query,Programming Lab,,,
q03579,List machines in Programming Lab that meet Fedora 42 requirements.,os_compatibility_check,Programming Lab,Fedora 42,,
q03580,Which operating system is most suitable for Lab 2?,os_recommendation,Lab 2,Debian 13,,
q03581,Show hardware details for Lab 1.,hardware_query,Lab 1,,,
q03582,Recommend the best OS for Block C.,os_recommendation,Block C,Linux Mint 22,,
q03583,Best operating system for Programming Lab?,os_recommendation,Programming Lab,Windows 11,,
q03584,Best operating system for Lab 1?,os_recommendation,Lab 1,Fedora 42,,
q03585,Show hardware details for Block B.,hardware_query,Block B,,,
q03586,List software supported by PCs in AI Lab.,reverse_software_lookup,AI Lab,,Visual Studio Code,
q03587,Which PCs in Lab 2 have 8 GB RAM?,hardware_query,Lab 2,,,
q03588,Which computers need Secure Boot for VMware Workstation?,upgrade_planning,Library,Ubuntu 24.04,VMware Workstation,Secure Boot
q03589,Which computers need RAM upgrade for VMware Workstation?,upgrade_planning,Network Lab,Windows 11,VMware Workstation,RAM upgrade
q03590,Plan upgrades for Lab 1 to run Windows 11.,upgrade_planning,Lab 1,Windows 11,Android Studio,Storage
q03591,What upgrades are required in Block A?,upgrade_planning,Block A,Linux Mint 22,PyCharm,GPU
q03592,Which operating system is most suitable for Lab 1?,os_recommendation,Lab 1,Windows 11,,
q03593,Plan upgrades for Lab 1 to run Ubuntu 24.04.,upgrade_planning,Lab 1,Ubuntu 24.04,Android Studio,Secure Boot
q03594,Which systems support Oracle Database in Lab 2?,software_compatibility_check,Lab 2,,Oracle Database,
q03595,Which computers in Library can run Windows 11?,os_compatibility_check,Library,Windows 11,,
q03596,Is Android Studio supported in Network Lab?,software_compatibility_check,Network Lab,,Android Studio,
q03597,Plan upgrades for Library to run Windows 10.,upgrade_planning,Library,Windows 10,Android Studio,Secure Boot
q03598,Find software that runs on AI Lab.,reverse_software_lookup,AI Lab,,Android Studio,
q03599,Suggest an OS for computers in Block A.,os_recommendation,Block A,Linux Mint 22,,
q03600,Check VMware Workstation compatibility for Block B.,software_compatibility_check,Block B,,VMware Workstation,
q03601,Which systems support PyCharm in AI Lab?,software_compatibility_check,AI Lab,,PyCharm,
q03602,Which systems support Android Studio in Block C?,software_compatibility_check,Block C,,Android Studio,
q03603,Which systems support AutoCAD 2026 in Programming Lab?,software_compatibility_check,Programming Lab,,AutoCAD,
q03604,Find systems needing Storage.,upgrade_planning,Block B,Ubuntu 24.04,VMware Workstation,Storage
q03605,List software supported by PCs in Library.,reverse_software_lookup,Library,,Visual Studio Code,
q03606,Display CPU details for Block C.,hardware_query,Block C,,,
q03607,Check PyCharm compatibility for Network Lab.,software_compatibility_check,Network Lab,,PyCharm,
q03608,Which operating system is most suitable for Lab 1?,os_recommendation,Lab 1,Fedora 42,,
q03609,List software supported by PCs in Block C.,reverse_software_lookup,Block C,,Android Studio,
q03610,Check Blender compatibility for Lab 2.,software_compatibility_check,Lab 2,,Blender,
q03611,Which systems support Oracle Database in AI Lab?,software_compatibility_check,AI Lab,,Oracle Database,
q03612,List machines in Lab 1 that meet Debian 13 requirements.,os_compatibility_check,Lab 1,Debian 13,,
q03613,Recommend the best OS for AI Lab.,os_recommendation,AI Lab,Fedora 42,,
q03614,Can systems in Block A support Debian 13?,os_compatibility_check,Block A,Debian 13,,
q03615,Show PCs in Lab 1 incompatible with Debian 13.,os_compatibility_check,Lab 1,Debian 13,,
q03616,Which PCs in Block C have 8 GB RAM?,hardware_query,Block C,,,
q03617,What upgrades are required in Lab 2?,upgrade_planning,Lab 2,Fedora 42,PyCharm,Secure Boot
q03618,Check AutoCAD 2026 compatibility for Block A.,software_compatibility_check,Block A,,AutoCAD,
q03619,Which computers need RAM upgrade for MATLAB?,upgrade_planning,Lab 2,Linux Mint 22,MATLAB,RAM upgrade
q03620,Is PyCharm supported in Block B?,software_compatibility_check,Block B,,PyCharm,
q03621,Which operating system is most suitable for Network Lab?,os_recommendation,Network Lab,Windows 11,,
q03622,Recommend the best OS for Block A.,os_recommendation,Block A,Linux Mint 22,,
q03623,Which PCs in Lab 2 have 8 GB RAM?,hardware_query,Lab 2,,,
q03624,Recommend the best OS for Lab 1.,os_recommendation,Lab 1,Linux Mint 22,,
q03625,What upgrades are required in Network Lab?,upgrade_planning,Network Lab,Fedora 42,MATLAB,GPU
q03626,Find systems needing CPU.,upgrade_planning,Lab 1,Windows 10,MATLAB,CPU
q03627,Display CPU details for Block C.,hardware_query,Block C,,,
q03628,List software supported by PCs in Programming Lab.,reverse_software_lookup,Programming Lab,,Android Studio,
q03629,Which operating system is most suitable for Block A?,os_recommendation,Block A,Ubuntu 24.04,,
q03630,Which computers in Block C can run Linux Mint 22?,os_compatibility_check,Block C,Linux Mint 22,,
q03631,Best operating system for Library?,os_recommendation,Library,Debian 13,,
q03632,Which computers need Storage for VS Code?,upgrade_planning,Block C,Linux Mint 22,Visual Studio Code,Storage
q03633,Check MATLAB compatibility for Lab 2.,software_compatibility_check,Lab 2,,MATLAB,
q03634,Suggest an OS for computers in Lab 1.,os_recommendation,Lab 1,Windows 10,,
q03635,Plan upgrades for Block C to run Fedora 42.,upgrade_planning,Block C,Fedora 42,VMware Workstation,Secure Boot
q03636,Which computers in AI Lab can run Fedora 42?,os_compatibility_check,AI Lab,Fedora 42,,
q03637,Find systems needing GPU.,upgrade_planning,Programming Lab,Ubuntu 24.04,PyCharm,GPU
q03638,Show PCs in Block B incompatible with Ubuntu 24.04.,os_compatibility_check,Block B,Ubuntu 24.04,,
q03639,Which computers in Network Lab can run Linux Mint 22?,os_compatibility_check,Network Lab,Linux Mint 22,,
q03640,List software supported by PCs in Block B.,reverse_software_lookup,Block B,,MATLAB,
q03641,Which PCs in Block B have 8 GB RAM?,hardware_query,Block B,,,
q03642,Show PCs in Block A incompatible with Windows 10.,os_compatibility_check,Block A,Windows 10,,
q03643,Recommend the best OS for Library.,os_recommendation,Library,Linux Mint 22,,
q03644,Find systems needing GPU.,upgrade_planning,Block C,Windows 10,PyCharm,GPU
q03645,Best operating system for Block C?,os_recommendation,Block C,Windows 10,,
q03646,Can computers in Lab 1 run VS Code?,software_compatibility_check,Lab 1,,Visual Studio Code,
q03647,Suggest an OS for computers in Lab 2.,os_recommendation,Lab 2,Debian 13,,
q03648,Show PCs in Lab 2 incompatible with Fedora 42.,os_compatibility_check,Lab 2,Fedora 42,,
q03649,Which computers need GPU for Android Studio?,upgrade_planning,Block A,Windows 11,Android Studio,GPU
q03650,Which computers in Network Lab can run Debian 13?,os_compatibility_check,Network Lab,Debian 13,,
q03651,Which operating system is most suitable for Lab 2?,os_recommendation,Lab 2,Windows 11,,
q03652,Which PCs in Lab 1 have 8 GB RAM?,hardware_query,Lab 1,,,
q03653,Show hardware details for Lab 2.,hardware_query,Lab 2,,,
q03654,Which computers in Programming Lab can run Windows 10?,os_compatibility_check,Programming Lab,Windows 10,,
q03655,List computers with SSD in Lab 1.,hardware_query,Lab 1,,,
q03656,Which PCs in Lab 1 have 8 GB RAM?,hardware_query,Lab 1,,,
q03657,Which operating system is most suitable for Programming Lab?,os_recommendation,Programming Lab,Ubuntu 24.04,,
q03658,Which computers need RAM upgrade for Blender?,upgrade_planning,AI Lab,Fedora 42,Blender,RAM upgrade
q03659,Which computers in Lab 1 can run Windows 10?,os_compatibility_check,Lab 1,Windows 10,,
q03660,Display CPU details for Lab 2.,hardware_query,Lab 2,,,
q03661,Which software can run on computers in AI Lab?,reverse_software_lookup,AI Lab,,Blender,
q03662,Can systems in Programming Lab support Debian 13?,os_compatibility_check,Programming Lab,Debian 13,,
q03663,What applications are compatible with Block B computers?,reverse_software_lookup,Block B,,VMware Workstation,
q03664,What upgrades are required in Lab 2?,upgrade_planning,Lab 2,Ubuntu 24.04,Android Studio,GPU
q03665,List computers with SSD in Lab 2.,hardware_query,Lab 2,,,
q03666,List software supported by PCs in Network Lab.,reverse_software_lookup,Network Lab,,MATLAB,
q03667,What upgrades are required in Lab 2?,upgrade_planning,Lab 2,Fedora 42,MATLAB,GPU
q03668,Is VS Code supported in Programming Lab?,software_compatibility_check,Programming Lab,,Visual Studio Code,
q03669,Which computers need TPM for PyCharm?,upgrade_planning,Lab 2,Ubuntu 24.04,PyCharm,TPM
q03670,Is MATLAB supported in Block B?,software_compatibility_check,Block B,,MATLAB,
q03671,Show PCs in Block C incompatible with Linux Mint 22.,os_compatibility_check,Block C,Linux Mint 22,,
q03672,Can computers in Network Lab run Android Studio?,software_compatibility_check,Network Lab,,Android Studio,
q03673,Can systems in Lab 2 support Ubuntu 24.04?,os_compatibility_check,Lab 2,Ubuntu 24.04,,
q03674,Recommend the best OS for Programming Lab.,os_recommendation,Programming Lab,Windows 10,,
q03675,Check PyCharm compatibility for Library.,software_compatibility_check,Library,,PyCharm,
q03676,Suggest an OS for computers in Lab 2.,os_recommendation,Lab 2,Linux Mint 22,,
q03677,Find systems needing CPU.,upgrade_planning,AI Lab,Fedora 42,Visual Studio Code,CPU
q03678,Show hardware details for Library.,hardware_query,Library,,,
q03679,Is Blender supported in Library?,software_compatibility_check,Library,,Blender,
q03680,List software supported by PCs in Block A.,reverse_software_lookup,Block A,,Android Studio,
q03681,Plan upgrades for Lab 2 to run Ubuntu 24.04.,upgrade_planning,Lab 2,Ubuntu 24.04,Visual Studio Code,GPU
q03682,Can systems in Programming Lab support Windows 11?,os_compatibility_check,Programming Lab,Windows 11,,
q03683,What upgrades are required in Library?,upgrade_planning,Library,Windows 11,AutoCAD,CPU
q03684,Show PCs in Block C incompatible with Windows 11.,os_compatibility_check,Block C,Windows 11,,
q03685,Which software can run on computers in Block B?,reverse_software_lookup,Block B,,PyCharm,
q03686,List computers with SSD in AI Lab.,hardware_query,AI Lab,,,
q03687,Can systems in Lab 2 support Debian 13?,os_compatibility_check,Lab 2,Debian 13,,
q03688,Can systems in Library support Ubuntu 24.04?,os_compatibility_check,Library,Ubuntu 24.04,,
q03689,Can systems in AI Lab support Ubuntu 24.04?,os_compatibility_check,AI Lab,Ubuntu 24.04,,
q03690,Show hardware details for Block B.,hardware_query,Block B,,,
q03691,Which computers in AI Lab can run Debian 13?,os_compatibility_check,AI Lab,Debian 13,,
q03692,What upgrades are required in AI Lab?,upgrade_planning,AI Lab,Windows 10,Oracle Database,RAM upgrade
q03693,Show hardware details for Programming Lab.,hardware_query,Programming Lab,,,
q03694,Check VS Code compatibility for Programming Lab.,software_compatibility_check,Programming Lab,,Visual Studio Code,
q03695,Which computers in Block B can run Windows 10?,os_compatibility_check,Block B,Windows 10,,
q03696,Recommend the best OS for Block C.,os_recommendation,Block C,Ubuntu 24.04,,
q03697,What applications are compatible with AI Lab computers?,reverse_software_lookup,AI Lab,,Android Studio,
q03698,Can systems in Library support Debian 13?,os_compatibility_check,Library,Debian 13,,
q03699,Best operating system for Library?,os_recommendation,Library,Windows 11,,
q03700,Find software that runs on Block C.,reverse_software_lookup,Block C,,MATLAB,
q03701,Which operating system is most suitable for Lab 2?,os_recommendation,Lab 2,Fedora 42,,
q03702,Which software can run on computers in Block C?,reverse_software_lookup,Block C,,Android Studio,
q03703,List computers with SSD in Block A.,hardware_query,Block A,,,
q03704,Best operating system for Network Lab?,os_recommendation,Network Lab,Windows 11,,
q03705,Which operating system is most suitable for AI Lab?,os_recommendation,AI Lab,Debian 13,,
q03706,Which operating system is most suitable for Programming Lab?,os_recommendation,Programming Lab,Ubuntu 24.04,,
q03707,Can systems in Block A support Ubuntu 24.04?,os_compatibility_check,Block A,Ubuntu 24.04,,
q03708,Which software can run on computers in Block C?,reverse_software_lookup,Block C,,VMware Workstation,
q03709,Show PCs in Lab 2 incompatible with Debian 13.,os_compatibility_check,Lab 2,Debian 13,,
q03710,Is PyCharm supported in Network Lab?,software_compatibility_check,Network Lab,,PyCharm,
q03711,Find systems needing GPU.,upgrade_planning,Block B,Fedora 42,MATLAB,GPU
q03712,Which operating system is most suitable for Block C?,os_recommendation,Block C,Ubuntu 24.04,,
q03713,Show PCs in Programming Lab incompatible with Ubuntu 24.04.,os_compatibility_check,Programming Lab,Ubuntu 24.04,,
q03714,List software supported by PCs in AI Lab.,reverse_software_lookup,AI Lab,,PyCharm,
q03715,Best operating system for Network Lab?,os_recommendation,Network Lab,Linux Mint 22,,
q03716,List machines in Library that meet Windows 10 requirements.,os_compatibility_check,Library,Windows 10,,
q03717,Which PCs in Network Lab have 8 GB RAM?,hardware_query,Network Lab,,,
q03718,Find software that runs on Block C.,reverse_software_lookup,Block C,,Blender,
q03719,Find software that runs on AI Lab.,reverse_software_lookup,AI Lab,,VMware Workstation,
q03720,Which software can run on computers in Programming Lab?,reverse_software_lookup,Programming Lab,,Visual Studio Code,
q03721,Which PCs in Block B have 8 GB RAM?,hardware_query,Block B,,,
q03722,Show PCs in Network Lab incompatible with Fedora 42.,os_compatibility_check,Network Lab,Fedora 42,,
q03723,Check VMware Workstation compatibility for Lab 2.,software_compatibility_check,Lab 2,,VMware Workstation,
q03724,Find software that runs on AI Lab.,reverse_software_lookup,AI Lab,,MATLAB,
q03725,Find systems needing TPM.,upgrade_planning,Network Lab,Ubuntu 24.04,PyCharm,TPM
q03726,Is Blender supported in Lab 1?,software_compatibility_check,Lab 1,,Blender,
q03727,Show PCs in Block A incompatible with Ubuntu 24.04.,os_compatibility_check,Block A,Ubuntu 24.04,,
q03728,List machines in AI Lab that meet Ubuntu 24.04 requirements.,os_compatibility_check,AI Lab,Ubuntu 24.04,,
q03729,Best operating system for Programming Lab?,os_recommendation,Programming Lab,Windows 11,,
q03730,Which software can run on computers in Programming Lab?,reverse_software_lookup,Programming Lab,,MATLAB,
q03731,Plan upgrades for Programming Lab to run Ubuntu 24.04.,upgrade_planning,Programming Lab,Ubuntu 24.04,Blender,Secure Boot
q03732,Check MATLAB compatibility for Block A.,software_compatibility_check,Block A,,MATLAB,
q03733,Which computers in Lab 2 can run Ubuntu 24.04?,os_compatibility_check,Lab 2,Ubuntu 24.04,,
q03734,Which PCs in AI Lab have 8 GB RAM?,hardware_query,AI Lab,,,
q03735,List computers with SSD in Block B.,hardware_query,Block B,,,
q03736,Display CPU details for Block B.,hardware_query,Block B,,,
q03737,Plan upgrades for Block A to run Windows 10.,upgrade_planning,Block A,Windows 10,VMware Workstation,RAM upgrade
q03738,Which operating system is most suitable for Library?,os_recommendation,Library,Fedora 42,,
q03739,Which operating system is most suitable for Library?,os_recommendation,Library,Windows 11,,
q03740,List software supported by PCs in Network Lab.,reverse_software_lookup,Network Lab,,Oracle Database,
q03741,Show hardware details for Network Lab.,hardware_query,Network Lab,,,
q03742,Show hardware details for AI Lab.,hardware_query,AI Lab,,,
q03743,What upgrades are required in Programming Lab?,upgrade_planning,Programming Lab,Windows 11,Android Studio,CPU
q03744,Plan upgrades for Lab 1 to run Fedora 42.,upgrade_planning,Lab 1,Fedora 42,PyCharm,TPM
q03745,Which systems support Oracle Database in Programming Lab?,software_compatibility_check,Programming Lab,,Oracle Database,
q03746,Find systems needing Storage.,upgrade_planning,Programming Lab,Windows 11,MATLAB,Storage
q03747,Which computers need Storage for VMware Workstation?,upgrade_planning,AI Lab,Fedora 42,VMware Workstation,Storage
q03748,What applications are compatible with Block A computers?,reverse_software_lookup,Block A,,Blender,
q03749,Can systems in AI Lab support Fedora 42?,os_compatibility_check,AI Lab,Fedora 42,,
q03750,Can computers in Lab 2 run VS Code?,software_compatibility_check,Lab 2,,Visual Studio Code,
q03751,Which systems support Android Studio in Library?,software_compatibility_check,Library,,Android Studio,
q03752,Find software that runs on Block A.,reverse_software_lookup,Block A,,Oracle Database,
q03753,List computers with SSD in Block A.,hardware_query,Block A,,,
q03754,Is VMware Workstation supported in Block B?,software_compatibility_check,Block B,,VMware Workstation,
q03755,Best operating system for Block A?,os_recommendation,Block A,Fedora 42,,
q03756,Find software that runs on Lab 2.,reverse_software_lookup,Lab 2,,Blender,
q03757,Display CPU details for Block B.,hardware_query,Block B,,,
q03758,List computers with SSD in AI Lab.,hardware_query,AI Lab,,,
q03759,Is VS Code supported in Block C?,software_compatibility_check,Block C,,Visual Studio Code,
q03760,Which computers in Library can run Fedora 42?,os_compatibility_check,Library,Fedora 42,,
q03761,Find systems needing TPM.,upgrade_planning,Lab 1,Linux Mint 22,Blender,TPM
q03762,What applications are compatible with Block A computers?,reverse_software_lookup,Block A,,AutoCAD,
q03763,Show hardware details for Block C.,hardware_query,Block C,,,
q03764,Which computers in Block A can run Windows 11?,os_compatibility_check,Block A,Windows 11,,
q03765,Can systems in Lab 1 support Debian 13?,os_compatibility_check,Lab 1,Debian 13,,
q03766,Can computers in AI Lab run Blender?,software_compatibility_check,AI Lab,,Blender,
q03767,Plan upgrades for Programming Lab to run Windows 11.,upgrade_planning,Programming Lab,Windows 11,Oracle Database,TPM
q03768,List software supported by PCs in Programming Lab.,reverse_software_lookup,Programming Lab,,VMware Workstation,
q03769,Which operating system is most suitable for Lab 2?,os_recommendation,Lab 2,Windows 10,,
q03770,Plan upgrades for AI Lab to run Windows 10.,upgrade_planning,AI Lab,Windows 10,VMware Workstation,CPU
q03771,List machines in Network Lab that meet Fedora 42 requirements.,os_compatibility_check,Network Lab,Fedora 42,,
q03772,Which PCs in Network Lab have 8 GB RAM?,hardware_query,Network Lab,,,
q03773,Which computers in Lab 2 can run Windows 11?,os_compatibility_check,Lab 2,Windows 11,,
q03774,Show hardware details for Block A.,hardware_query,Block A,,,
q03775,Find software that runs on Lab 2.,reverse_software_lookup,Lab 2,,MATLAB,
q03776,Which software can run on computers in Lab 2?,reverse_software_lookup,Lab 2,,Oracle Database,
q03777,Suggest an OS for computers in Block C.,os_recommendation,Block C,Windows 10,,
q03778,Best operating system for Library?,os_recommendation,Library,Linux Mint 22,,
q03779,List software supported by PCs in Block A.,reverse_software_lookup,Block A,,MATLAB,
q03780,Best operating system for Network Lab?,os_recommendation,Network Lab,Windows 10,,
q03781,Which PCs in AI Lab have 8 GB RAM?,hardware_query,AI Lab,,,
q03782,Best operating system for Network Lab?,os_recommendation,Network Lab,Windows 11,,
q03783,Which PCs in Block B have 8 GB RAM?,hardware_query,Block B,,,
q03784,Can systems in Programming Lab support Windows 10?,os_compatibility_check,Programming Lab,Windows 10,,
q03785,List software supported by PCs in Lab 1.,reverse_software_lookup,Lab 1,,AutoCAD,
q03786,What upgrades are required in Library?,upgrade_planning,Library,Debian 13,Android Studio,Secure Boot
q03787,Can computers in Lab 2 run PyCharm?,software_compatibility_check,Lab 2,,PyCharm,
q03788,Plan upgrades for Block B to run Linux Mint 22.,upgrade_planning,Block B,Linux Mint 22,Blender,GPU
q03789,Which systems support AutoCAD 2026 in Programming Lab?,software_compatibility_check,Programming Lab,,AutoCAD,
q03790,List computers with SSD in Block A.,hardware_query,Block A,,,
q03791,Plan upgrades for Lab 1 to run Ubuntu 24.04.,upgrade_planning,Lab 1,Ubuntu 24.04,Oracle Database,RAM upgrade
q03792,Which operating system is most suitable for Block A?,os_recommendation,Block A,Windows 11,,
q03793,Show PCs in Library incompatible with Windows 11.,os_compatibility_check,Library,Windows 11,,
q03794,Show PCs in Network Lab incompatible with Windows 10.,os_compatibility_check,Network Lab,Windows 10,,
q03795,Find software that runs on Lab 1.,reverse_software_lookup,Lab 1,,MATLAB,
q03796,Which PCs in Lab 2 have 8 GB RAM?,hardware_query,Lab 2,,,
q03797,Find software that runs on AI Lab.,reverse_software_lookup,AI Lab,,Visual Studio Code,
q03798,Recommend the best OS for Block B.,os_recommendation,Block B,Debian 13,,
q03799,Find systems needing GPU.,upgrade_planning,AI Lab,Fedora 42,PyCharm,GPU
q03800,Show PCs in Block A incompatible with Ubuntu 24.04.,os_compatibility_check,Block A,Ubuntu 24.04,,
q03801,Best operating system for Lab 2?,os_recommendation,Lab 2,Fedora 42,,
q03802,Which PCs in Lab 1 have 8 GB RAM?,hardware_query,Lab 1,,,
q03803,Can computers in Block B run AutoCAD 2026?,software_compatibility_check,Block B,,AutoCAD,
q03804,Can computers in Block B run VS Code?,software_compatibility_check,Block B,,Visual Studio Code,
q03805,Suggest an OS for computers in Programming Lab.,os_recommendation,Programming Lab,Linux Mint 22,,
q03806,Show PCs in Library incompatible with Ubuntu 24.04.,os_compatibility_check,Library,Ubuntu 24.04,,
q03807,Which systems support Oracle Database in Lab 1?,software_compatibility_check,Lab 1,,Oracle Database,
q03808,Which software can run on computers in AI Lab?,reverse_software_lookup,AI Lab,,VMware Workstation,
q03809,Which computers in Block A can run Linux Mint 22?,os_compatibility_check,Block A,Linux Mint 22,,
q03810,Check VS Code compatibility for Lab 2.,software_compatibility_check,Lab 2,,Visual Studio Code,
q03811,What upgrades are required in AI Lab?,upgrade_planning,AI Lab,Windows 10,VMware Workstation,Storage
q03812,Which systems support AutoCAD 2026 in Lab 2?,software_compatibility_check,Lab 2,,AutoCAD,
q03813,Show PCs in Library incompatible with Ubuntu 24.04.,os_compatibility_check,Library,Ubuntu 24.04,,
q03814,Which systems support Android Studio in Lab 1?,software_compatibility_check,Lab 1,,Android Studio,
q03815,Can computers in Programming Lab run Blender?,software_compatibility_check,Programming Lab,,Blender,
q03816,Which operating system is most suitable for Network Lab?,os_recommendation,Network Lab,Windows 10,,
q03817,Show hardware details for Block A.,hardware_query,Block A,,,
q03818,Can computers in Library run VMware Workstation?,software_compatibility_check,Library,,VMware Workstation,
q03819,Display CPU details for AI Lab.,hardware_query,AI Lab,,,
q03820,Which computers need Storage for Oracle Database?,upgrade_planning,Block B,Windows 10,Oracle Database,Storage
q03821,Which PCs in Block C have 8 GB RAM?,hardware_query,Block C,,,
q03822,List computers with SSD in Lab 2.,hardware_query,Lab 2,,,
q03823,Check Blender compatibility for Library.,software_compatibility_check,Library,,Blender,
q03824,Which systems support Blender in Block C?,software_compatibility_check,Block C,,Blender,
q03825,Check PyCharm compatibility for Programming Lab.,software_compatibility_check,Programming Lab,,PyCharm,
q03826,Show PCs in Block C incompatible with Windows 10.,os_compatibility_check,Block C,Windows 10,,
q03827,Which PCs in Programming Lab have 8 GB RAM?,hardware_query,Programming Lab,,,
q03828,Show hardware details for Lab 1.,hardware_query,Lab 1,,,
q03829,Can computers in Programming Lab run Oracle Database?,software_compatibility_check,Programming Lab,,Oracle Database,
q03830,What applications are compatible with AI Lab computers?,reverse_software_lookup,AI Lab,,VMware Workstation,
q03831,Which systems support VS Code in Lab 1?,software_compatibility_check,Lab 1,,Visual Studio Code,
q03832,List machines in Library that meet Debian 13 requirements.,os_compatibility_check,Library,Debian 13,,
q03833,Display CPU details for Lab 1.,hardware_query,Lab 1,,,
q03834,Show PCs in AI Lab incompatible with Debian 13.,os_compatibility_check,AI Lab,Debian 13,,
q03835,Best operating system for Block B?,os_recommendation,Block B,Linux Mint 22,,
q03836,Can systems in Library support Linux Mint 22?,os_compatibility_check,Library,Linux Mint 22,,
q03837,Which PCs in Lab 2 have 8 GB RAM?,hardware_query,Lab 2,,,
q03838,Which computers need GPU for Blender?,upgrade_planning,Block C,Linux Mint 22,Blender,GPU
q03839,List machines in Lab 2 that meet Windows 10 requirements.,os_compatibility_check,Lab 2,Windows 10,,
q03840,Which computers in Block B can run Fedora 42?,os_compatibility_check,Block B,Fedora 42,,
q03841,List software supported by PCs in AI Lab.,reverse_software_lookup,AI Lab,,Visual Studio Code,
q03842,Which operating system is most suitable for Lab 1?,os_recommendation,Lab 1,Ubuntu 24.04,,
q03843,Suggest an OS for computers in Network Lab.,os_recommendation,Network Lab,Fedora 42,,
q03844,Which computers in Programming Lab can run Ubuntu 24.04?,os_compatibility_check,Programming Lab,Ubuntu 24.04,,
q03845,What applications are compatible with Library computers?,reverse_software_lookup,Library,,PyCharm,
q03846,Best operating system for Lab 1?,os_recommendation,Lab 1,Fedora 42,,
q03847,Plan upgrades for Block C to run Windows 10.,upgrade_planning,Block C,Windows 10,Oracle Database,Secure Boot
q03848,Find systems needing CPU.,upgrade_planning,Lab 2,Windows 11,MATLAB,CPU
q03849,List software supported by PCs in Library.,reverse_software_lookup,Library,,AutoCAD,
q03850,Is PyCharm supported in Block C?,software_compatibility_check,Block C,,PyCharm,
q03851,Check Oracle Database compatibility for Library.,software_compatibility_check,Library,,Oracle Database,
q03852,Check Android Studio compatibility for Lab 2.,software_compatibility_check,Lab 2,,Android Studio,
q03853,What applications are compatible with AI Lab computers?,reverse_software_lookup,AI Lab,,PyCharm,
q03854,List computers with SSD in Library.,hardware_query,Library,,,
q03855,Which PCs in AI Lab have 8 GB RAM?,hardware_query,AI Lab,,,
q03856,Check Android Studio compatibility for Block B.,software_compatibility_check,Block B,,Android Studio,
q03857,Suggest an OS for computers in AI Lab.,os_recommendation,AI Lab,Ubuntu 24.04,,
q03858,Show PCs in Programming Lab incompatible with Fedora 42.,os_compatibility_check,Programming Lab,Fedora 42,,
q03859,List machines in Network Lab that meet Linux Mint 22 requirements.,os_compatibility_check,Network Lab,Linux Mint 22,,
q03860,What applications are compatible with AI Lab computers?,reverse_software_lookup,AI Lab,,AutoCAD,
q03861,Best operating system for AI Lab?,os_recommendation,AI Lab,Ubuntu 24.04,,
q03862,Which software can run on computers in Lab 2?,reverse_software_lookup,Lab 2,,MATLAB,
q03863,Display CPU details for Network Lab.,hardware_query,Network Lab,,,
q03864,Suggest an OS for computers in Library.,os_recommendation,Library,Windows 11,,
q03865,Which computers in Programming Lab can run Ubuntu 24.04?,os_compatibility_check,Programming Lab,Ubuntu 24.04,,
q03866,What upgrades are required in Lab 1?,upgrade_planning,Lab 1,Ubuntu 24.04,Blender,CPU
q03867,Which systems support AutoCAD 2026 in Programming Lab?,software_compatibility_check,Programming Lab,,AutoCAD,
q03868,Is Oracle Database supported in AI Lab?,software_compatibility_check,AI Lab,,Oracle Database,
q03869,Plan upgrades for Lab 2 to run Ubuntu 24.04.,upgrade_planning,Lab 2,Ubuntu 24.04,MATLAB,Secure Boot
q03870,Plan upgrades for Library to run Windows 11.,upgrade_planning,Library,Windows 11,PyCharm,Secure Boot
q03871,List software supported by PCs in AI Lab.,reverse_software_lookup,AI Lab,,AutoCAD,
q03872,Best operating system for Block B?,os_recommendation,Block B,Ubuntu 24.04,,
q03873,Display CPU details for Block B.,hardware_query,Block B,,,
q03874,Which PCs in AI Lab have 8 GB RAM?,hardware_query,AI Lab,,,
q03875,Recommend the best OS for Block B.,os_recommendation,Block B,Linux Mint 22,,
q03876,Can computers in AI Lab run PyCharm?,software_compatibility_check,AI Lab,,PyCharm,
q03877,Which PCs in Block C have 8 GB RAM?,hardware_query,Block C,,,
q03878,Is Blender supported in AI Lab?,software_compatibility_check,AI Lab,,Blender,
q03879,Can systems in Block B support Windows 10?,os_compatibility_check,Block B,Windows 10,,
q03880,Show PCs in Library incompatible with Windows 11.,os_compatibility_check,Library,Windows 11,,
q03881,Suggest an OS for computers in Lab 1.,os_recommendation,Lab 1,Linux Mint 22,,
q03882,Check VS Code compatibility for Network Lab.,software_compatibility_check,Network Lab,,Visual Studio Code,
q03883,Recommend the best OS for Block B.,os_recommendation,Block B,Linux Mint 22,,
q03884,Can computers in Block C run VMware Workstation?,software_compatibility_check,Block C,,VMware Workstation,
q03885,What applications are compatible with Lab 1 computers?,reverse_software_lookup,Lab 1,,AutoCAD,
q03886,Can computers in Library run AutoCAD 2026?,software_compatibility_check,Library,,AutoCAD,
q03887,Suggest an OS for computers in Library.,os_recommendation,Library,Ubuntu 24.04,,
q03888,Suggest an OS for computers in Block C.,os_recommendation,Block C,Windows 10,,
q03889,List computers with SSD in Block B.,hardware_query,Block B,,,
q03890,What applications are compatible with Block C computers?,reverse_software_lookup,Block C,,VMware Workstation,
q03891,Can systems in Lab 2 support Fedora 42?,os_compatibility_check,Lab 2,Fedora 42,,
q03892,Show hardware details for Block B.,hardware_query,Block B,,,
q03893,Suggest an OS for computers in Block C.,os_recommendation,Block C,Windows 11,,
q03894,Show hardware details for Block B.,hardware_query,Block B,,,
q03895,Which operating system is most suitable for Network Lab?,os_recommendation,Network Lab,Windows 10,,
q03896,Find systems needing Secure Boot.,upgrade_planning,Network Lab,Linux Mint 22,Android Studio,Secure Boot
q03897,What applications are compatible with Block C computers?,reverse_software_lookup,Block C,,Blender,
q03898,Best operating system for Block C?,os_recommendation,Block C,Ubuntu 24.04,,
q03899,Find systems needing Secure Boot.,upgrade_planning,Programming Lab,Ubuntu 24.04,Blender,Secure Boot
q03900,Which PCs in Block A have 8 GB RAM?,hardware_query,Block A,,,
q03901,Which PCs in Library have 8 GB RAM?,hardware_query,Library,,,
q03902,Is AutoCAD 2026 supported in Block A?,software_compatibility_check,Block A,,AutoCAD,
q03903,Best operating system for Block A?,os_recommendation,Block A,Debian 13,,
q03904,List machines in Lab 1 that meet Debian 13 requirements.,os_compatibility_check,Lab 1,Debian 13,,
q03905,What upgrades are required in Block C?,upgrade_planning,Block C,Windows 11,Oracle Database,TPM
q03906,Show hardware details for Block C.,hardware_query,Block C,,,
q03907,Best operating system for Lab 2?,os_recommendation,Lab 2,Linux Mint 22,,
q03908,List software supported by PCs in Block B.,reverse_software_lookup,Block B,,Blender,
q03909,Find systems needing CPU.,upgrade_planning,AI Lab,Windows 11,Android Studio,CPU
q03910,Is VMware Workstation supported in Block B?,software_compatibility_check,Block B,,VMware Workstation,
q03911,Plan upgrades for Network Lab to run Ubuntu 24.04.,upgrade_planning,Network Lab,Ubuntu 24.04,Visual Studio Code,RAM upgrade
q03912,Recommend the best OS for Programming Lab.,os_recommendation,Programming Lab,Windows 10,,
q03913,Can computers in Library run AutoCAD 2026?,software_compatibility_check,Library,,AutoCAD,
q03914,Which computers in Programming Lab can run Ubuntu 24.04?,os_compatibility_check,Programming Lab,Ubuntu 24.04,,
q03915,List machines in Programming Lab that meet Ubuntu 24.04 requirements.,os_compatibility_check,Programming Lab,Ubuntu 24.04,,
q03916,Find software that runs on Lab 2.,reverse_software_lookup,Lab 2,,PyCharm,
q03917,Is Oracle Database supported in Network Lab?,software_compatibility_check,Network Lab,,Oracle Database,
q03918,Recommend the best OS for Network Lab.,os_recommendation,Network Lab,Ubuntu 24.04,,
q03919,Display CPU details for Block C.,hardware_query,Block C,,,
q03920,What applications are compatible with Library computers?,reverse_software_lookup,Library,,PyCharm,
q03921,Is PyCharm supported in Block B?,software_compatibility_check,Block B,,PyCharm,
q03922,Check Blender compatibility for Lab 1.,software_compatibility_check,Lab 1,,Blender,
q03923,Which software can run on computers in Library?,reverse_software_lookup,Library,,Blender,
q03924,Which computers in Lab 2 can run Linux Mint 22?,os_compatibility_check,Lab 2,Linux Mint 22,,
q03925,Check Android Studio compatibility for AI Lab.,software_compatibility_check,AI Lab,,Android Studio,
q03926,Find systems needing GPU.,upgrade_planning,AI Lab,Debian 13,AutoCAD,GPU
q03927,Can computers in AI Lab run Android Studio?,software_compatibility_check,AI Lab,,Android Studio,
q03928,What applications are compatible with AI Lab computers?,reverse_software_lookup,AI Lab,,Android Studio,
q03929,Which computers need Storage for VS Code?,upgrade_planning,Library,Windows 11,Visual Studio Code,Storage
q03930,Display CPU details for Library.,hardware_query,Library,,,
q03931,Show hardware details for Lab 2.,hardware_query,Lab 2,,,
q03932,Recommend the best OS for Block C.,os_recommendation,Block C,Windows 11,,
q03933,List machines in Block B that meet Linux Mint 22 requirements.,os_compatibility_check,Block B,Linux Mint 22,,
q03934,Which systems support Android Studio in Network Lab?,software_compatibility_check,Network Lab,,Android Studio,
q03935,Find systems needing GPU.,upgrade_planning,Block C,Debian 13,VMware Workstation,GPU
q03936,Can systems in Block C support Windows 11?,os_compatibility_check,Block C,Windows 11,,
q03937,Check VMware Workstation compatibility for Programming Lab.,software_compatibility_check,Programming Lab,,VMware Workstation,
q03938,Which PCs in Block A have 8 GB RAM?,hardware_query,Block A,,,
q03939,Check PyCharm compatibility for Library.,software_compatibility_check,Library,,PyCharm,
q03940,What upgrades are required in Block C?,upgrade_planning,Block C,Windows 10,Visual Studio Code,TPM
q03941,Best operating system for AI Lab?,os_recommendation,AI Lab,Windows 10,,
q03942,Suggest an OS for computers in Library.,os_recommendation,Library,Debian 13,,
q03943,Which software can run on computers in AI Lab?,reverse_software_lookup,AI Lab,,VMware Workstation,
q03944,List computers with SSD in Block C.,hardware_query,Block C,,,
q03945,List machines in Programming Lab that meet Windows 11 requirements.,os_compatibility_check,Programming Lab,Windows 11,,
q03946,Display CPU details for Library.,hardware_query,Library,,,
q03947,Find software that runs on Programming Lab.,reverse_software_lookup,Programming Lab,,VMware Workstation,
q03948,Which software can run on computers in Block B?,reverse_software_lookup,Block B,,Oracle Database,
q03949,What upgrades are required in AI Lab?,upgrade_planning,AI Lab,Debian 13,Oracle Database,Storage
q03950,List software supported by PCs in Library.,reverse_software_lookup,Library,,Visual Studio Code,
q03951,Which operating system is most suitable for Lab 1?,os_recommendation,Lab 1,Ubuntu 24.04,,
q03952,Show hardware details for Lab 2.,hardware_query,Lab 2,,,
q03953,Plan upgrades for Lab 2 to run Ubuntu 24.04.,upgrade_planning,Lab 2,Ubuntu 24.04,PyCharm,TPM
q03954,What applications are compatible with Library computers?,reverse_software_lookup,Library,,Blender,
q03955,Plan upgrades for Lab 1 to run Linux Mint 22.,upgrade_planning,Lab 1,Linux Mint 22,MATLAB,RAM upgrade
q03956,Can systems in Network Lab support Windows 10?,os_compatibility_check,Network Lab,Windows 10,,
q03957,Which operating system is most suitable for Network Lab?,os_recommendation,Network Lab,Windows 11,,
q03958,What applications are compatible with Lab 2 computers?,reverse_software_lookup,Lab 2,,MATLAB,
q03959,Recommend the best OS for Lab 2.,os_recommendation,Lab 2,Ubuntu 24.04,,
q03960,Find systems needing TPM.,upgrade_planning,Block B,Windows 11,MATLAB,TPM
q03961,Recommend the best OS for Lab 1.,os_recommendation,Lab 1,Windows 10,,
q03962,Display CPU details for Lab 2.,hardware_query,Lab 2,,,
q03963,Which software can run on computers in Block A?,reverse_software_lookup,Block A,,Blender,
q03964,List machines in Network Lab that meet Ubuntu 24.04 requirements.,os_compatibility_check,Network Lab,Ubuntu 24.04,,
q03965,Can computers in Network Lab run PyCharm?,software_compatibility_check,Network Lab,,PyCharm,
q03966,Display CPU details for Lab 2.,hardware_query,Lab 2,,,
q03967,Display CPU details for AI Lab.,hardware_query,AI Lab,,,
q03968,Plan upgrades for Block A to run Fedora 42.,upgrade_planning,Block A,Fedora 42,Visual Studio Code,Secure Boot
q03969,Recommend the best OS for Block C.,os_recommendation,Block C,Debian 13,,
q03970,Check Blender compatibility for Block C.,software_compatibility_check,Block C,,Blender,
q03971,Which PCs in Lab 2 have 8 GB RAM?,hardware_query,Lab 2,,,
q03972,Plan upgrades for Lab 2 to run Ubuntu 24.04.,upgrade_planning,Lab 2,Ubuntu 24.04,VMware Workstation,GPU
q03973,Find systems needing CPU.,upgrade_planning,Lab 1,Windows 11,Blender,CPU
q03974,List software supported by PCs in Block A.,reverse_software_lookup,Block A,,MATLAB,
q03975,Find systems needing Storage.,upgrade_planning,Lab 2,Windows 10,Visual Studio Code,Storage
q03976,Best operating system for Lab 2?,os_recommendation,Lab 2,Debian 13,,
q03977,Which PCs in Lab 2 have 8 GB RAM?,hardware_query,Lab 2,,,
q03978,Find systems needing GPU.,upgrade_planning,Lab 1,Windows 10,Android Studio,GPU
q03979,List software supported by PCs in Library.,reverse_software_lookup,Library,,PyCharm,
q03980,Check AutoCAD 2026 compatibility for Network Lab.,software_compatibility_check,Network Lab,,AutoCAD,
q03981,Can computers in Block C run AutoCAD 2026?,software_compatibility_check,Block C,,AutoCAD,
q03982,Suggest an OS for computers in Network Lab.,os_recommendation,Network Lab,Ubuntu 24.04,,
q03983,What applications are compatible with Block A computers?,reverse_software_lookup,Block A,,MATLAB,
q03984,Which PCs in Lab 2 have 8 GB RAM?,hardware_query,Lab 2,,,
q03985,Which computers need GPU for VMware Workstation?,upgrade_planning,Programming Lab,Windows 10,VMware Workstation,GPU
q03986,Can computers in Block C run Oracle Database?,software_compatibility_check,Block C,,Oracle Database,
q03987,Is Android Studio supported in Network Lab?,software_compatibility_check,Network Lab,,Android Studio,
q03988,Plan upgrades for Programming Lab to run Fedora 42.,upgrade_planning,Programming Lab,Fedora 42,MATLAB,GPU
q03989,Which computers need Secure Boot for AutoCAD 2026?,upgrade_planning,Programming Lab,Debian 13,AutoCAD,Secure Boot
q03990,List computers with SSD in Lab 2.,hardware_query,Lab 2,,,
q03991,Best operating system for Network Lab?,os_recommendation,Network Lab,Debian 13,,
q03992,Find systems needing Storage.,upgrade_planning,Library,Windows 11,Oracle Database,Storage
q03993,List machines in Block C that meet Windows 10 requirements.,os_compatibility_check,Block C,Windows 10,,
q03994,Which operating system is most suitable for Block C?,os_recommendation,Block C,Windows 10,,
q03995,Which systems support VS Code in Block A?,software_compatibility_check,Block A,,Visual Studio Code,
q03996,Can computers in Block C run VS Code?,software_compatibility_check,Block C,,Visual Studio Code,
q03997,List software supported by PCs in AI Lab.,reverse_software_lookup,AI Lab,,VMware Workstation,
q03998,Find software that runs on Network Lab.,reverse_software_lookup,Network Lab,,AutoCAD,
q03999,Plan upgrades for Lab 2 to run Linux Mint 22.,upgrade_planning,Lab 2,Linux Mint 22,VMware Workstation,Secure Boot
q04000,Which systems support Android Studio in Programming Lab?,software_compatibility_check,Programming Lab,,Android Studio,
q04001,Which systems support AutoCAD 2026 in Lab 1?,software_compatibility_check,Lab 1,,AutoCAD,
q04002,Can computers in AI Lab run VMware Workstation?,software_compatibility_check,AI Lab,,VMware Workstation,
q04003,Find systems needing Storage.,upgrade_planning,AI Lab,Fedora 42,AutoCAD,Storage
q04004,Which computers need GPU for VS Code?,upgrade_planning,Lab 1,Linux Mint 22,Visual Studio Code,GPU
q04005,Which computers need Secure Boot for Blender?,upgrade_planning,Library,Linux Mint 22,Blender,Secure Boot
q04006,List machines in Network Lab that meet Fedora 42 requirements.,os_compatibility_check,Network Lab,Fedora 42,,
q04007,List computers with SSD in Block C.,hardware_query,Block C,,,
q04008,Which systems support MATLAB in Block C?,software_compatibility_check,Block C,,MATLAB,
q04009,Is MATLAB supported in Block C?,software_compatibility_check,Block C,,MATLAB,
q04010,List computers with SSD in Block B.,hardware_query,Block B,,,
q04011,Show PCs in Lab 1 incompatible with Ubuntu 24.04.,os_compatibility_check,Lab 1,Ubuntu 24.04,,
q04012,Is Android Studio supported in AI Lab?,software_compatibility_check,AI Lab,,Android Studio,
q04013,Can computers in Programming Lab run AutoCAD 2026?,software_compatibility_check,Programming Lab,,AutoCAD,
q04014,Check AutoCAD 2026 compatibility for Lab 2.,software_compatibility_check,Lab 2,,AutoCAD,
q04015,Which computers need RAM upgrade for Android Studio?,upgrade_planning,Lab 1,Linux Mint 22,Android Studio,RAM upgrade
q04016,Show hardware details for Block B.,hardware_query,Block B,,,
q04017,Check Blender compatibility for Lab 2.,software_compatibility_check,Lab 2,,Blender,
q04018,Display CPU details for Library.,hardware_query,Library,,,
q04019,What upgrades are required in Block A?,upgrade_planning,Block A,Linux Mint 22,Blender,Storage
q04020,Show hardware details for Block C.,hardware_query,Block C,,,
q04021,Which computers in Lab 1 can run Windows 11?,os_compatibility_check,Lab 1,Windows 11,,
q04022,Which computers need Secure Boot for Android Studio?,upgrade_planning,Block A,Linux Mint 22,Android Studio,Secure Boot
q04023,Which software can run on computers in Network Lab?,reverse_software_lookup,Network Lab,,AutoCAD,
q04024,Recommend the best OS for Block C.,os_recommendation,Block C,Fedora 42,,
q04025,List machines in Lab 2 that meet Linux Mint 22 requirements.,os_compatibility_check,Lab 2,Linux Mint 22,,
q04026,Plan upgrades for Block A to run Windows 10.,upgrade_planning,Block A,Windows 10,Blender,RAM upgrade
q04027,Recommend the best OS for Block A.,os_recommendation,Block A,Fedora 42,,
q04028,What applications are compatible with Programming Lab computers?,reverse_software_lookup,Programming Lab,,VMware Workstation,
q04029,What applications are compatible with Lab 1 computers?,reverse_software_lookup,Lab 1,,MATLAB,
q04030,Check PyCharm compatibility for Library.,software_compatibility_check,Library,,PyCharm,
q04031,Show hardware details for Block B.,hardware_query,Block B,,,
q04032,Find software that runs on Block B.,reverse_software_lookup,Block B,,PyCharm,
q04033,Which software can run on computers in Block A?,reverse_software_lookup,Block A,,Blender,
q04034,Suggest an OS for computers in Programming Lab.,os_recommendation,Programming Lab,Windows 10,,
q04035,Can computers in Block B run AutoCAD 2026?,software_compatibility_check,Block B,,AutoCAD,
q04036,Is Oracle Database supported in Lab 2?,software_compatibility_check,Lab 2,,Oracle Database,
q04037,Best operating system for AI Lab?,os_recommendation,AI Lab,Windows 10,,
q04038,Plan upgrades for Lab 2 to run Linux Mint 22.,upgrade_planning,Lab 2,Linux Mint 22,AutoCAD,Storage
q04039,List machines in Lab 1 that meet Fedora 42 requirements.,os_compatibility_check,Lab 1,Fedora 42,,
q04040,Can computers in Lab 2 run VMware Workstation?,software_compatibility_check,Lab 2,,VMware Workstation,
q04041,Which PCs in Lab 2 have 8 GB RAM?,hardware_query,Lab 2,,,
q04042,Display CPU details for Block C.,hardware_query,Block C,,,
q04043,Which computers need Storage for Android Studio?,upgrade_planning,Library,Windows 11,Android Studio,Storage
q04044,Which PCs in Lab 2 have 8 GB RAM?,hardware_query,Lab 2,,,
q04045,Suggest an OS for computers in Lab 2.,os_recommendation,Lab 2,Linux Mint 22,,
q04046,List computers with SSD in Network Lab.,hardware_query,Network Lab,,,
q04047,Which software can run on computers in Lab 2?,reverse_software_lookup,Lab 2,,Visual Studio Code,
q04048,Is AutoCAD 2026 supported in AI Lab?,software_compatibility_check,AI Lab,,AutoCAD,
q04049,What upgrades are required in Block C?,upgrade_planning,Block C,Ubuntu 24.04,Oracle Database,Secure Boot
q04050,Best operating system for Lab 2?,os_recommendation,Lab 2,Windows 10,,
q04051,Show PCs in Programming Lab incompatible with Windows 10.,os_compatibility_check,Programming Lab,Windows 10,,
q04052,Which computers need Secure Boot for VMware Workstation?,upgrade_planning,AI Lab,Debian 13,VMware Workstation,Secure Boot
q04053,What applications are compatible with Lab 1 computers?,reverse_software_lookup,Lab 1,,Oracle Database,
q04054,Display CPU details for Programming Lab.,hardware_query,Programming Lab,,,
q04055,Is Blender supported in Block A?,software_compatibility_check,Block A,,Blender,
q04056,What upgrades are required in Lab 1?,upgrade_planning,Lab 1,Debian 13,PyCharm,CPU
q04057,What upgrades are required in Library?,upgrade_planning,Library,Fedora 42,Blender,CPU
q04058,Which computers need CPU for VMware Workstation?,upgrade_planning,Block B,Fedora 42,VMware Workstation,CPU
q04059,Which computers in AI Lab can run Debian 13?,os_compatibility_check,AI Lab,Debian 13,,
q04060,List software supported by PCs in AI Lab.,reverse_software_lookup,AI Lab,,PyCharm,
q04061,Display CPU details for Block C.,hardware_query,Block C,,,
q04062,Can systems in Block B support Fedora 42?,os_compatibility_check,Block B,Fedora 42,,
q04063,Which operating system is most suitable for Lab 2?,os_recommendation,Lab 2,Ubuntu 24.04,,
q04064,List machines in Block A that meet Windows 10 requirements.,os_compatibility_check,Block A,Windows 10,,
q04065,Show PCs in Lab 1 incompatible with Ubuntu 24.04.,os_compatibility_check,Lab 1,Ubuntu 24.04,,
q04066,What applications are compatible with Lab 1 computers?,reverse_software_lookup,Lab 1,,PyCharm,
q04067,Which PCs in Lab 1 have 8 GB RAM?,hardware_query,Lab 1,,,
q04068,Which computers need RAM upgrade for AutoCAD 2026?,upgrade_planning,Programming Lab,Windows 10,AutoCAD,RAM upgrade
q04069,What applications are compatible with Block A computers?,reverse_software_lookup,Block A,,Visual Studio Code,
q04070,Check MATLAB compatibility for Network Lab.,software_compatibility_check,Network Lab,,MATLAB,
q04071,List software supported by PCs in Block A.,reverse_software_lookup,Block A,,Android Studio,
q04072,Show hardware details for Lab 2.,hardware_query,Lab 2,,,
q04073,Which operating system is most suitable for Library?,os_recommendation,Library,Linux Mint 22,,
q04074,What applications are compatible with Block B computers?,reverse_software_lookup,Block B,,Android Studio,
q04075,Recommend the best OS for Lab 2.,os_recommendation,Lab 2,Windows 10,,
q04076,Find software that runs on Block B.,reverse_software_lookup,Block B,,Visual Studio Code,
q04077,List software supported by PCs in Block A.,reverse_software_lookup,Block A,,VMware Workstation,
q04078,List machines in Lab 1 that meet Linux Mint 22 requirements.,os_compatibility_check,Lab 1,Linux Mint 22,,
q04079,Show PCs in Lab 1 incompatible with Debian 13.,os_compatibility_check,Lab 1,Debian 13,,
q04080,Which software can run on computers in Programming Lab?,reverse_software_lookup,Programming Lab,,Oracle Database,
q04081,Which operating system is most suitable for Programming Lab?,os_recommendation,Programming Lab,Windows 10,,
q04082,Check PyCharm compatibility for Block A.,software_compatibility_check,Block A,,PyCharm,
q04083,Show hardware details for Lab 2.,hardware_query,Lab 2,,,
q04084,Best operating system for Block B?,os_recommendation,Block B,Windows 11,,
q04085,Show PCs in Block B incompatible with Windows 10.,os_compatibility_check,Block B,Windows 10,,
q04086,Can systems in AI Lab support Debian 13?,os_compatibility_check,AI Lab,Debian 13,,
q04087,Is VMware Workstation supported in Programming Lab?,software_compatibility_check,Programming Lab,,VMware Workstation,
q04088,Display CPU details for AI Lab.,hardware_query,AI Lab,,,
q04089,Best operating system for Network Lab?,os_recommendation,Network Lab,Ubuntu 24.04,,
q04090,Plan upgrades for AI Lab to run Windows 11.,upgrade_planning,AI Lab,Windows 11,PyCharm,TPM
q04091,Suggest an OS for computers in Block C.,os_recommendation,Block C,Fedora 42,,
q04092,Is AutoCAD 2026 supported in Network Lab?,software_compatibility_check,Network Lab,,AutoCAD,
q04093,Show hardware details for Network Lab.,hardware_query,Network Lab,,,
q04094,Which systems support VS Code in Block B?,software_compatibility_check,Block B,,Visual Studio Code,
q04095,List machines in Block B that meet Debian 13 requirements.,os_compatibility_check,Block B,Debian 13,,
q04096,Which computers in Block C can run Ubuntu 24.04?,os_compatibility_check,Block C,Ubuntu 24.04,,
q04097,Display CPU details for Programming Lab.,hardware_query,Programming Lab,,,
q04098,Check MATLAB compatibility for Network Lab.,software_compatibility_check,Network Lab,,MATLAB,
q04099,Best operating system for Lab 2?,os_recommendation,Lab 2,Linux Mint 22,,
q04100,Best operating system for Lab 2?,os_recommendation,Lab 2,Fedora 42,,
q04101,Which computers in Block B can run Windows 10?,os_compatibility_check,Block B,Windows 10,,
q04102,List computers with SSD in Library.,hardware_query,Library,,,
q04103,Show hardware details for AI Lab.,hardware_query,AI Lab,,,
q04104,Best operating system for Lab 2?,os_recommendation,Lab 2,Linux Mint 22,,
q04105,Which software can run on computers in Block B?,reverse_software_lookup,Block B,,Blender,
q04106,Show hardware details for Block C.,hardware_query,Block C,,,
q04107,Find systems needing Storage.,upgrade_planning,Block A,Windows 11,Android Studio,Storage
q04108,Find software that runs on Block A.,reverse_software_lookup,Block A,,Visual Studio Code,
q04109,List machines in AI Lab that meet Fedora 42 requirements.,os_compatibility_check,AI Lab,Fedora 42,,
q04110,Display CPU details for Library.,hardware_query,Library,,,
q04111,Find software that runs on AI Lab.,reverse_software_lookup,AI Lab,,MATLAB,
q04112,Plan upgrades for Library to run Debian 13.,upgrade_planning,Library,Debian 13,Blender,Secure Boot
q04113,List machines in Block A that meet Windows 11 requirements.,os_compatibility_check,Block A,Windows 11,,
q04114,Which computers need TPM for Oracle Database?,upgrade_planning,Block A,Linux Mint 22,Oracle Database,TPM
q04115,Check MATLAB compatibility for Programming Lab.,software_compatibility_check,Programming Lab,,MATLAB,
q04116,Find systems needing CPU.,upgrade_planning,Block C,Windows 10,Blender,CPU
q04117,Display CPU details for Programming Lab.,hardware_query,Programming Lab,,,
q04118,Which operating system is most suitable for Programming Lab?,os_recommendation,Programming Lab,Linux Mint 22,,
q04119,Check MATLAB compatibility for Library.,software_compatibility_check,Library,,MATLAB,
q04120,Suggest an OS for computers in Lab 1.,os_recommendation,Lab 1,Windows 10,,
q04121,Recommend the best OS for Network Lab.,os_recommendation,Network Lab,Fedora 42,,
q04122,Find software that runs on Library.,reverse_software_lookup,Library,,Blender,
q04123,Which software can run on computers in Library?,reverse_software_lookup,Library,,Visual Studio Code,
q04124,Which systems support VMware Workstation in Programming Lab?,software_compatibility_check,Programming Lab,,VMware Workstation,
q04125,What upgrades are required in Lab 1?,upgrade_planning,Lab 1,Debian 13,AutoCAD,Storage
q04126,Which computers need Storage for Android Studio?,upgrade_planning,AI Lab,Windows 11,Android Studio,Storage
q04127,Find software that runs on Block C.,reverse_software_lookup,Block C,,PyCharm,
q04128,Display CPU details for Network Lab.,hardware_query,Network Lab,,,
q04129,List software supported by PCs in Block B.,reverse_software_lookup,Block B,,AutoCAD,
q04130,Which systems support PyCharm in Block A?,software_compatibility_check,Block A,,PyCharm,
q04131,Which computers in Block A can run Fedora 42?,os_compatibility_check,Block A,Fedora 42,,
q04132,Which PCs in Block C have 8 GB RAM?,hardware_query,Block C,,,
q04133,Show hardware details for Lab 2.,hardware_query,Lab 2,,,
q04134,Plan upgrades for Block B to run Fedora 42.,upgrade_planning,Block B,Fedora 42,PyCharm,RAM upgrade
q04135,List software supported by PCs in AI Lab.,reverse_software_lookup,AI Lab,,MATLAB,
q04136,Which computers in Block A can run Windows 10?,os_compatibility_check,Block A,Windows 10,,
q04137,List machines in Block C that meet Fedora 42 requirements.,os_compatibility_check,Block C,Fedora 42,,
q04138,List machines in Programming Lab that meet Windows 10 requirements.,os_compatibility_check,Programming Lab,Windows 10,,
q04139,Find software that runs on Block C.,reverse_software_lookup,Block C,,Android Studio,
q04140,Find systems needing TPM.,upgrade_planning,Block A,Windows 11,VMware Workstation,TPM
q04141,Recommend the best OS for AI Lab.,os_recommendation,AI Lab,Debian 13,,
q04142,Which computers in Lab 1 can run Linux Mint 22?,os_compatibility_check,Lab 1,Linux Mint 22,,
q04143,Which systems support MATLAB in Programming Lab?,software_compatibility_check,Programming Lab,,MATLAB,
q04144,Plan upgrades for Lab 2 to run Fedora 42.,upgrade_planning,Lab 2,Fedora 42,MATLAB,CPU
q04145,Check AutoCAD 2026 compatibility for AI Lab.,software_compatibility_check,AI Lab,,AutoCAD,
q04146,Can computers in Block C run AutoCAD 2026?,software_compatibility_check,Block C,,AutoCAD,
q04147,Is VS Code supported in Network Lab?,software_compatibility_check,Network Lab,,Visual Studio Code,
q04148,What applications are compatible with AI Lab computers?,reverse_software_lookup,AI Lab,,PyCharm,
q04149,Which software can run on computers in Block C?,reverse_software_lookup,Block C,,AutoCAD,
q04150,List computers with SSD in Lab 2.,hardware_query,Lab 2,,,
q04151,What upgrades are required in Block A?,upgrade_planning,Block A,Linux Mint 22,Visual Studio Code,Secure Boot
q04152,Show hardware details for Programming Lab.,hardware_query,Programming Lab,,,
q04153,Best operating system for Block B?,os_recommendation,Block B,Linux Mint 22,,
q04154,What upgrades are required in Programming Lab?,upgrade_planning,Programming Lab,Ubuntu 24.04,Blender,CPU
q04155,Display CPU details for Programming Lab.,hardware_query,Programming Lab,,,
q04156,Which systems support Android Studio in AI Lab?,software_compatibility_check,AI Lab,,Android Studio,
q04157,Check Oracle Database compatibility for AI Lab.,software_compatibility_check,AI Lab,,Oracle Database,
q04158,List software supported by PCs in Lab 1.,reverse_software_lookup,Lab 1,,Android Studio,
q04159,List computers with SSD in AI Lab.,hardware_query,AI Lab,,,
q04160,Can systems in Lab 2 support Windows 10?,os_compatibility_check,Lab 2,Windows 10,,
q04161,Which operating system is most suitable for Lab 1?,os_recommendation,Lab 1,Ubuntu 24.04,,
q04162,Is Android Studio supported in AI Lab?,software_compatibility_check,AI Lab,,Android Studio,
q04163,List computers with SSD in Block C.,hardware_query,Block C,,,
q04164,Display CPU details for Block B.,hardware_query,Block B,,,
q04165,Which software can run on computers in Lab 1?,reverse_software_lookup,Lab 1,,Android Studio,
q04166,Which computers in Block B can run Windows 11?,os_compatibility_check,Block B,Windows 11,,
q04167,Recommend the best OS for Block A.,os_recommendation,Block A,Linux Mint 22,,
q04168,List computers with SSD in Lab 2.,hardware_query,Lab 2,,,
q04169,Which PCs in Lab 1 have 8 GB RAM?,hardware_query,Lab 1,,,
q04170,Which operating system is most suitable for Block B?,os_recommendation,Block B,Debian 13,,
q04171,Display CPU details for Block B.,hardware_query,Block B,,,
q04172,Is Android Studio supported in Programming Lab?,software_compatibility_check,Programming Lab,,Android Studio,
q04173,Which computers in Network Lab can run Ubuntu 24.04?,os_compatibility_check,Network Lab,Ubuntu 24.04,,
q04174,Which systems support AutoCAD 2026 in Library?,software_compatibility_check,Library,,AutoCAD,
q04175,What applications are compatible with Library computers?,reverse_software_lookup,Library,,Android Studio,
q04176,Best operating system for Library?,os_recommendation,Library,Debian 13,,
q04177,Can systems in Block A support Fedora 42?,os_compatibility_check,Block A,Fedora 42,,
q04178,List software supported by PCs in Network Lab.,reverse_software_lookup,Network Lab,,MATLAB,
q04179,Can systems in Block A support Ubuntu 24.04?,os_compatibility_check,Block A,Ubuntu 24.04,,
q04180,Show hardware details for Block B.,hardware_query,Block B,,,
q04181,Recommend the best OS for Block A.,os_recommendation,Block A,Linux Mint 22,,
q04182,Show hardware details for Lab 1.,hardware_query,Lab 1,,,
q04183,Suggest an OS for computers in Block A.,os_recommendation,Block A,Windows 11,,
q04184,Check Android Studio compatibility for Library.,software_compatibility_check,Library,,Android Studio,
q04185,Suggest an OS for computers in Lab 1.,os_recommendation,Lab 1,Windows 10,,
q04186,Recommend the best OS for Library.,os_recommendation,Library,Fedora 42,,
q04187,Can systems in Block B support Windows 11?,os_compatibility_check,Block B,Windows 11,,
q04188,Display CPU details for Library.,hardware_query,Library,,,
q04189,What upgrades are required in Programming Lab?,upgrade_planning,Programming Lab,Fedora 42,Visual Studio Code,RAM upgrade
q04190,Can computers in Lab 1 run VS Code?,software_compatibility_check,Lab 1,,Visual Studio Code,
q04191,Show PCs in Lab 2 incompatible with Linux Mint 22.,os_compatibility_check,Lab 2,Linux Mint 22,,
q04192,List machines in Lab 1 that meet Windows 11 requirements.,os_compatibility_check,Lab 1,Windows 11,,
q04193,Which PCs in Block C have 8 GB RAM?,hardware_query,Block C,,,
q04194,Find systems needing GPU.,upgrade_planning,AI Lab,Debian 13,PyCharm,GPU
q04195,What applications are compatible with AI Lab computers?,reverse_software_lookup,AI Lab,,VMware Workstation,
q04196,What upgrades are required in Block C?,upgrade_planning,Block C,Fedora 42,MATLAB,TPM
q04197,Can computers in Programming Lab run Blender?,software_compatibility_check,Programming Lab,,Blender,
q04198,List computers with SSD in Block A.,hardware_query,Block A,,,
q04199,List machines in Library that meet Windows 10 requirements.,os_compatibility_check,Library,Windows 10,,
q04200,Check Android Studio compatibility for Programming Lab.,software_compatibility_check,Programming Lab,,Android Studio,
q04201,Plan upgrades for Lab 1 to run Fedora 42.,upgrade_planning,Lab 1,Fedora 42,AutoCAD,RAM upgrade
q04202,Show PCs in AI Lab incompatible with Linux Mint 22.,os_compatibility_check,AI Lab,Linux Mint 22,,
q04203,Which PCs in Programming Lab have 8 GB RAM?,hardware_query,Programming Lab,,,
q04204,Which systems support Oracle Database in Programming Lab?,software_compatibility_check,Programming Lab,,Oracle Database,
q04205,Find systems needing Secure Boot.,upgrade_planning,Block A,Windows 10,PyCharm,Secure Boot
q04206,Which computers in Library can run Ubuntu 24.04?,os_compatibility_check,Library,Ubuntu 24.04,,
q04207,Which PCs in Lab 2 have 8 GB RAM?,hardware_query,Lab 2,,,
q04208,Best operating system for Lab 2?,os_recommendation,Lab 2,Fedora 42,,
q04209,Recommend the best OS for Lab 1.,os_recommendation,Lab 1,Linux Mint 22,,
q04210,List computers with SSD in Lab 2.,hardware_query,Lab 2,,,
q04211,Which systems support AutoCAD 2026 in Block B?,software_compatibility_check,Block B,,AutoCAD,
q04212,Which software can run on computers in Lab 1?,reverse_software_lookup,Lab 1,,VMware Workstation,
q04213,What applications are compatible with Lab 1 computers?,reverse_software_lookup,Lab 1,,Visual Studio Code,
q04214,Recommend the best OS for AI Lab.,os_recommendation,AI Lab,Fedora 42,,
q04215,Show hardware details for Lab 1.,hardware_query,Lab 1,,,
q04216,Display CPU details for Block C.,hardware_query,Block C,,,
q04217,Which computers in Block C can run Fedora 42?,os_compatibility_check,Block C,Fedora 42,,
q04218,List computers with SSD in Block C.,hardware_query,Block C,,,
q04219,Recommend the best OS for Programming Lab.,os_recommendation,Programming Lab,Ubuntu 24.04,,
q04220,Best operating system for Network Lab?,os_recommendation,Network Lab,Ubuntu 24.04,,
q04221,Suggest an OS for computers in Block B.,os_recommendation,Block B,Fedora 42,,
q04222,Check AutoCAD 2026 compatibility for Block A.,software_compatibility_check,Block A,,AutoCAD,
q04223,Find software that runs on Lab 2.,reverse_software_lookup,Lab 2,,VMware Workstation,
q04224,Which PCs in Block B have 8 GB RAM?,hardware_query,Block B,,,
q04225,Can computers in Lab 1 run AutoCAD 2026?,software_compatibility_check,Lab 1,,AutoCAD,
q04226,List software supported by PCs in Network Lab.,reverse_software_lookup,Network Lab,,AutoCAD,
q04227,Show hardware details for Block B.,hardware_query,Block B,,,
q04228,Best operating system for Programming Lab?,os_recommendation,Programming Lab,Linux Mint 22,,
q04229,Which computers in Programming Lab can run Debian 13?,os_compatibility_check,Programming Lab,Debian 13,,
q04230,Can computers in Block A run MATLAB?,software_compatibility_check,Block A,,MATLAB,
q04231,Which software can run on computers in Block B?,reverse_software_lookup,Block B,,AutoCAD,
q04232,Which operating system is most suitable for Block B?,os_recommendation,Block B,Linux Mint 22,,
q04233,Is MATLAB supported in Lab 1?,software_compatibility_check,Lab 1,,MATLAB,
q04234,Can computers in Lab 1 run VS Code?,software_compatibility_check,Lab 1,,Visual Studio Code,
q04235,Best operating system for Lab 1?,os_recommendation,Lab 1,Windows 10,,
q04236,Show hardware details for Programming Lab.,hardware_query,Programming Lab,,,
q04237,List computers with SSD in Block C.,hardware_query,Block C,,,
q04238,Plan upgrades for Lab 1 to run Linux Mint 22.,upgrade_planning,Lab 1,Linux Mint 22,Android Studio,Secure Boot
q04239,What upgrades are required in Lab 2?,upgrade_planning,Lab 2,Linux Mint 22,Blender,RAM upgrade
q04240,Display CPU details for AI Lab.,hardware_query,AI Lab,,,
q04241,Can computers in Block B run VS Code?,software_compatibility_check,Block B,,Visual Studio Code,
q04242,Which PCs in Block C have 8 GB RAM?,hardware_query,Block C,,,
q04243,Find systems needing TPM.,upgrade_planning,AI Lab,Ubuntu 24.04,Oracle Database,TPM
q04244,Plan upgrades for Block B to run Linux Mint 22.,upgrade_planning,Block B,Linux Mint 22,VMware Workstation,TPM
q04245,Find systems needing Secure Boot.,upgrade_planning,Block C,Windows 10,PyCharm,Secure Boot
q04246,Can computers in Library run PyCharm?,software_compatibility_check,Library,,PyCharm,
q04247,Which computers need Secure Boot for VMware Workstation?,upgrade_planning,Network Lab,Windows 11,VMware Workstation,Secure Boot
q04248,Show hardware details for Library.,hardware_query,Library,,,
q04249,Is MATLAB supported in AI Lab?,software_compatibility_check,AI Lab,,MATLAB,
q04250,Show PCs in Lab 1 incompatible with Windows 10.,os_compatibility_check,Lab 1,Windows 10,,
q04251,Find software that runs on Library.,reverse_software_lookup,Library,,MATLAB,
q04252,Which software can run on computers in Lab 1?,reverse_software_lookup,Lab 1,,Visual Studio Code,
q04253,Is Blender supported in Lab 1?,software_compatibility_check,Lab 1,,Blender,
q04254,Check PyCharm compatibility for Block C.,software_compatibility_check,Block C,,PyCharm,
q04255,Which software can run on computers in Library?,reverse_software_lookup,Library,,AutoCAD,
q04256,List machines in Network Lab that meet Linux Mint 22 requirements.,os_compatibility_check,Network Lab,Linux Mint 22,,
q04257,Which systems support MATLAB in Block C?,software_compatibility_check,Block C,,MATLAB,
q04258,List computers with SSD in Library.,hardware_query,Library,,,
q04259,Find software that runs on Programming Lab.,reverse_software_lookup,Programming Lab,,Oracle Database,
q04260,Show PCs in Programming Lab incompatible with Debian 13.,os_compatibility_check,Programming Lab,Debian 13,,
q04261,Show PCs in AI Lab incompatible with Linux Mint 22.,os_compatibility_check,AI Lab,Linux Mint 22,,
q04262,Plan upgrades for Block C to run Fedora 42.,upgrade_planning,Block C,Fedora 42,Visual Studio Code,TPM
q04263,Check MATLAB compatibility for Library.,software_compatibility_check,Library,,MATLAB,
q04264,Which computers in Lab 1 can run Debian 13?,os_compatibility_check,Lab 1,Debian 13,,
q04265,Which computers in Network Lab can run Debian 13?,os_compatibility_check,Network Lab,Debian 13,,
q04266,Find software that runs on Lab 1.,reverse_software_lookup,Lab 1,,Blender,
q04267,Best operating system for Library?,os_recommendation,Library,Debian 13,,
q04268,Which systems support AutoCAD 2026 in Lab 1?,software_compatibility_check,Lab 1,,AutoCAD,
q04269,Is Android Studio supported in Block C?,software_compatibility_check,Block C,,Android Studio,
q04270,Which computers in Block A can run Linux Mint 22?,os_compatibility_check,Block A,Linux Mint 22,,
q04271,List software supported by PCs in Library.,reverse_software_lookup,Library,,Android Studio,
q04272,Which computers in Block B can run Windows 11?,os_compatibility_check,Block B,Windows 11,,
q04273,Check Blender compatibility for Lab 2.,software_compatibility_check,Lab 2,,Blender,
q04274,Show hardware details for Block A.,hardware_query,Block A,,,
q04275,Show hardware details for AI Lab.,hardware_query,AI Lab,,,
q04276,Is Android Studio supported in Block B?,software_compatibility_check,Block B,,Android Studio,
q04277,List machines in Block C that meet Debian 13 requirements.,os_compatibility_check,Block C,Debian 13,,
q04278,What upgrades are required in Library?,upgrade_planning,Library,Fedora 42,Oracle Database,CPU
q04279,Which PCs in Block A have 8 GB RAM?,hardware_query,Block A,,,
q04280,Find software that runs on Block B.,reverse_software_lookup,Block B,,VMware Workstation,
q04281,Check AutoCAD 2026 compatibility for Network Lab.,software_compatibility_check,Network Lab,,AutoCAD,
q04282,Which computers need TPM for AutoCAD 2026?,upgrade_planning,Network Lab,Debian 13,AutoCAD,TPM
q04283,Which systems support VMware Workstation in Block A?,software_compatibility_check,Block A,,VMware Workstation,
q04284,Which PCs in Library have 8 GB RAM?,hardware_query,Library,,,
q04285,What upgrades are required in Library?,upgrade_planning,Library,Linux Mint 22,MATLAB,RAM upgrade
q04286,Can systems in Block C support Ubuntu 24.04?,os_compatibility_check,Block C,Ubuntu 24.04,,
q04287,List computers with SSD in Library.,hardware_query,Library,,,
q04288,List software supported by PCs in Library.,reverse_software_lookup,Library,,Visual Studio Code,
q04289,Is MATLAB supported in Network Lab?,software_compatibility_check,Network Lab,,MATLAB,
q04290,Which systems support Android Studio in Network Lab?,software_compatibility_check,Network Lab,,Android Studio,
q04291,Is Oracle Database supported in AI Lab?,software_compatibility_check,AI Lab,,Oracle Database,
q04292,Which computers need Storage for Blender?,upgrade_planning,Block C,Fedora 42,Blender,Storage
q04293,List computers with SSD in Programming Lab.,hardware_query,Programming Lab,,,
q04294,Plan upgrades for Lab 1 to run Fedora 42.,upgrade_planning,Lab 1,Fedora 42,MATLAB,Secure Boot
q04295,Plan upgrades for Block B to run Fedora 42.,upgrade_planning,Block B,Fedora 42,Oracle Database,CPU
q04296,Is VS Code supported in Programming Lab?,software_compatibility_check,Programming Lab,,Visual Studio Code,
q04297,Show hardware details for Lab 2.,hardware_query,Lab 2,,,
q04298,List machines in Library that meet Windows 10 requirements.,os_compatibility_check,Library,Windows 10,,
q04299,Best operating system for Library?,os_recommendation,Library,Linux Mint 22,,
q04300,Can computers in Block B run AutoCAD 2026?,software_compatibility_check,Block B,,AutoCAD,
q04301,Can computers in Network Lab run Android Studio?,software_compatibility_check,Network Lab,,Android Studio,
q04302,List machines in Programming Lab that meet Windows 11 requirements.,os_compatibility_check,Programming Lab,Windows 11,,
q04303,Show PCs in Programming Lab incompatible with Ubuntu 24.04.,os_compatibility_check,Programming Lab,Ubuntu 24.04,,
q04304,Show PCs in Block B incompatible with Ubuntu 24.04.,os_compatibility_check,Block B,Ubuntu 24.04,,
q04305,Show hardware details for Lab 1.,hardware_query,Lab 1,,,
q04306,Check Android Studio compatibility for Library.,software_compatibility_check,Library,,Android Studio,
q04307,List software supported by PCs in Lab 1.,reverse_software_lookup,Lab 1,,MATLAB,
q04308,Can computers in Block B run Blender?,software_compatibility_check,Block B,,Blender,
q04309,List machines in Programming Lab that meet Ubuntu 24.04 requirements.,os_compatibility_check,Programming Lab,Ubuntu 24.04,,
q04310,Can computers in Lab 2 run MATLAB?,software_compatibility_check,Lab 2,,MATLAB,
q04311,What upgrades are required in Block A?,upgrade_planning,Block A,Debian 13,MATLAB,Storage
q04312,What upgrades are required in Programming Lab?,upgrade_planning,Programming Lab,Ubuntu 24.04,PyCharm,Storage
q04313,Which systems support VS Code in AI Lab?,software_compatibility_check,AI Lab,,Visual Studio Code,
q04314,What applications are compatible with Block C computers?,reverse_software_lookup,Block C,,PyCharm,
q04315,Can computers in Block C run Oracle Database?,software_compatibility_check,Block C,,Oracle Database,
q04316,Which PCs in Lab 1 have 8 GB RAM?,hardware_query,Lab 1,,,
q04317,Which operating system is most suitable for Block A?,os_recommendation,Block A,Windows 11,,
q04318,Which operating system is most suitable for Programming Lab?,os_recommendation,Programming Lab,Windows 11,,
q04319,Which operating system is most suitable for Lab 2?,os_recommendation,Lab 2,Windows 11,,
q04320,Which operating system is most suitable for Lab 2?,os_recommendation,Lab 2,Fedora 42,,
q04321,Which PCs in Library have 8 GB RAM?,hardware_query,Library,,,
q04322,What upgrades are required in Lab 1?,upgrade_planning,Lab 1,Windows 10,MATLAB,GPU
q04323,Check VMware Workstation compatibility for Lab 1.,software_compatibility_check,Lab 1,,VMware Workstation,
q04324,What upgrades are required in Lab 2?,upgrade_planning,Lab 2,Fedora 42,Android Studio,Storage
q04325,Find systems needing Secure Boot.,upgrade_planning,Block C,Fedora 42,PyCharm,Secure Boot
q04326,Suggest an OS for computers in AI Lab.,os_recommendation,AI Lab,Windows 10,,
q04327,Which computers in Lab 2 can run Windows 10?,os_compatibility_check,Lab 2,Windows 10,,
q04328,Suggest an OS for computers in Library.,os_recommendation,Library,Windows 10,,
q04329,Is Oracle Database supported in Programming Lab?,software_compatibility_check,Programming Lab,,Oracle Database,
q04330,What upgrades are required in Programming Lab?,upgrade_planning,Programming Lab,Windows 11,Visual Studio Code,RAM upgrade
q04331,Which software can run on computers in Network Lab?,reverse_software_lookup,Network Lab,,PyCharm,
q04332,List software supported by PCs in Lab 2.,reverse_software_lookup,Lab 2,,MATLAB,
q04333,What upgrades are required in Block B?,upgrade_planning,Block B,Debian 13,Blender,TPM
q04334,What upgrades are required in AI Lab?,upgrade_planning,AI Lab,Debian 13,Visual Studio Code,CPU
q04335,Find software that runs on Block C.,reverse_software_lookup,Block C,,AutoCAD,
q04336,Find systems needing RAM upgrade.,upgrade_planning,Block B,Fedora 42,Visual Studio Code,RAM upgrade
q04337,What applications are compatible with Programming Lab computers?,reverse_software_lookup,Programming Lab,,MATLAB,
q04338,Plan upgrades for Block A to run Windows 11.,upgrade_planning,Block A,Windows 11,VMware Workstation,GPU
q04339,Can systems in Programming Lab support Fedora 42?,os_compatibility_check,Programming Lab,Fedora 42,,
q04340,Suggest an OS for computers in AI Lab.,os_recommendation,AI Lab,Ubuntu 24.04,,
q04341,Recommend the best OS for Library.,os_recommendation,Library,Debian 13,,
q04342,Best operating system for Block B?,os_recommendation,Block B,Ubuntu 24.04,,
q04343,Which operating system is most suitable for Block B?,os_recommendation,Block B,Debian 13,,
q04344,Can computers in Block B run AutoCAD 2026?,software_compatibility_check,Block B,,AutoCAD,
q04345,Find systems needing CPU.,upgrade_planning,Library,Windows 11,AutoCAD,CPU
q04346,Check Oracle Database compatibility for Network Lab.,software_compatibility_check,Network Lab,,Oracle Database,
q04347,Check VMware Workstation compatibility for Block A.,software_compatibility_check,Block A,,VMware Workstation,
q04348,What upgrades are required in Network Lab?,upgrade_planning,Network Lab,Debian 13,Oracle Database,TPM
q04349,List machines in AI Lab that meet Windows 11 requirements.,os_compatibility_check,AI Lab,Windows 11,,
q04350,Can computers in Library run VMware Workstation?,software_compatibility_check,Library,,VMware Workstation,
q04351,List software supported by PCs in Block C.,reverse_software_lookup,Block C,,AutoCAD,
q04352,Is PyCharm supported in Block A?,software_compatibility_check,Block A,,PyCharm,
q04353,Check VS Code compatibility for Block B.,software_compatibility_check,Block B,,Visual Studio Code,
q04354,Check Blender compatibility for Block A.,software_compatibility_check,Block A,,Blender,
q04355,Recommend the best OS for Lab 2.,os_recommendation,Lab 2,Debian 13,,
q04356,What applications are compatible with Programming Lab computers?,reverse_software_lookup,Programming Lab,,MATLAB,
q04357,Find systems needing Storage.,upgrade_planning,Block A,Fedora 42,AutoCAD,Storage
q04358,Which computers in Network Lab can run Ubuntu 24.04?,os_compatibility_check,Network Lab,Ubuntu 24.04,,
q04359,Show hardware details for Programming Lab.,hardware_query,Programming Lab,,,
q04360,Can systems in Network Lab support Windows 11?,os_compatibility_check,Network Lab,Windows 11,,
q04361,Which PCs in Network Lab have 8 GB RAM?,hardware_query,Network Lab,,,
q04362,Which PCs in Network Lab have 8 GB RAM?,hardware_query,Network Lab,,,
q04363,Can systems in Block A support Ubuntu 24.04?,os_compatibility_check,Block A,Ubuntu 24.04,,
q04364,Find systems needing TPM.,upgrade_planning,Block C,Debian 13,Oracle Database,TPM
q04365,List machines in Network Lab that meet Fedora 42 requirements.,os_compatibility_check,Network Lab,Fedora 42,,
q04366,Which computers need Secure Boot for AutoCAD 2026?,upgrade_planning,Block A,Windows 10,AutoCAD,Secure Boot
q04367,List software supported by PCs in Block C.,reverse_software_lookup,Block C,,PyCharm,
q04368,Which operating system is most suitable for Network Lab?,os_recommendation,Network Lab,Debian 13,,
q04369,Which PCs in Block A have 8 GB RAM?,hardware_query,Block A,,,
q04370,Show hardware details for Network Lab.,hardware_query,Network Lab,,,
q04371,Plan upgrades for Block B to run Windows 10.,upgrade_planning,Block B,Windows 10,PyCharm,CPU
q04372,Which operating system is most suitable for Lab 1?,os_recommendation,Lab 1,Windows 10,,
q04373,Recommend the best OS for Network Lab.,os_recommendation,Network Lab,Linux Mint 22,,
q04374,List computers with SSD in Lab 1.,hardware_query,Lab 1,,,
q04375,Display CPU details for Block C.,hardware_query,Block C,,,
q04376,Show PCs in AI Lab incompatible with Debian 13.,os_compatibility_check,AI Lab,Debian 13,,
q04377,Check Oracle Database compatibility for AI Lab.,software_compatibility_check,AI Lab,,Oracle Database,
q04378,Which computers in Block A can run Windows 10?,os_compatibility_check,Block A,Windows 10,,
q04379,Which operating system is most suitable for Library?,os_recommendation,Library,Linux Mint 22,,
q04380,Show PCs in AI Lab incompatible with Windows 11.,os_compatibility_check,AI Lab,Windows 11,,
q04381,Which software can run on computers in Block C?,reverse_software_lookup,Block C,,Blender,
q04382,What upgrades are required in Block B?,upgrade_planning,Block B,Windows 11,Blender,RAM upgrade
q04383,Show hardware details for Network Lab.,hardware_query,Network Lab,,,
q04384,Which software can run on computers in Block B?,reverse_software_lookup,Block B,,VMware Workstation,
q04385,Can systems in Lab 2 support Debian 13?,os_compatibility_check,Lab 2,Debian 13,,
q04386,Can computers in Library run Android Studio?,software_compatibility_check,Library,,Android Studio,
q04387,Find systems needing CPU.,upgrade_planning,AI Lab,Linux Mint 22,Blender,CPU
q04388,Find systems needing TPM.,upgrade_planning,Library,Linux Mint 22,Blender,TPM
q04389,Which operating system is most suitable for Library?,os_recommendation,Library,Linux Mint 22,,
q04390,Which computers need Secure Boot for VS Code?,upgrade_planning,Lab 2,Debian 13,Visual Studio Code,Secure Boot
q04391,What upgrades are required in Block A?,upgrade_planning,Block A,Windows 11,PyCharm,Secure Boot
q04392,Best operating system for Block B?,os_recommendation,Block B,Windows 10,,
q04393,Find software that runs on Block B.,reverse_software_lookup,Block B,,Blender,
q04394,Which operating system is most suitable for Library?,os_recommendation,Library,Fedora 42,,
q04395,Show hardware details for Block B.,hardware_query,Block B,,,
q04396,List software supported by PCs in Programming Lab.,reverse_software_lookup,Programming Lab,,Android Studio,
q04397,Which operating system is most suitable for AI Lab?,os_recommendation,AI Lab,Windows 11,,
q04398,What applications are compatible with Lab 1 computers?,reverse_software_lookup,Lab 1,,MATLAB,
q04399,Which computers in AI Lab can run Linux Mint 22?,os_compatibility_check,AI Lab,Linux Mint 22,,
q04400,Which operating system is most suitable for Lab 1?,os_recommendation,Lab 1,Fedora 42,,
q04401,Best operating system for Lab 2?,os_recommendation,Lab 2,Windows 10,,
q04402,Find software that runs on Block A.,reverse_software_lookup,Block A,,Visual Studio Code,
q04403,Which computers need Secure Boot for Oracle Database?,upgrade_planning,Programming Lab,Windows 11,Oracle Database,Secure Boot
q04404,List software supported by PCs in Programming Lab.,reverse_software_lookup,Programming Lab,,MATLAB,
q04405,Which software can run on computers in Programming Lab?,reverse_software_lookup,Programming Lab,,PyCharm,
q04406,List computers with SSD in Block A.,hardware_query,Block A,,,
q04407,Which computers in Block C can run Linux Mint 22?,os_compatibility_check,Block C,Linux Mint 22,,
q04408,What applications are compatible with Programming Lab computers?,reverse_software_lookup,Programming Lab,,Blender,
q04409,Which software can run on computers in Library?,reverse_software_lookup,Library,,Android Studio,
q04410,Is VMware Workstation supported in AI Lab?,software_compatibility_check,AI Lab,,VMware Workstation,
q04411,Suggest an OS for computers in AI Lab.,os_recommendation,AI Lab,Windows 11,,
q04412,What applications are compatible with AI Lab computers?,reverse_software_lookup,AI Lab,,Oracle Database,
q04413,What applications are compatible with Library computers?,reverse_software_lookup,Library,,PyCharm,
q04414,Find software that runs on AI Lab.,reverse_software_lookup,AI Lab,,Blender,
q04415,Can computers in AI Lab run MATLAB?,software_compatibility_check,AI Lab,,MATLAB,
q04416,Which systems support Android Studio in AI Lab?,software_compatibility_check,AI Lab,,Android Studio,
q04417,Recommend the best OS for Block C.,os_recommendation,Block C,Linux Mint 22,,
q04418,Find software that runs on Library.,reverse_software_lookup,Library,,MATLAB,
q04419,What upgrades are required in Block B?,upgrade_planning,Block B,Windows 10,Android Studio,GPU
q04420,List software supported by PCs in AI Lab.,reverse_software_lookup,AI Lab,,Visual Studio Code,
q04421,Which computers need RAM upgrade for Oracle Database?,upgrade_planning,Block B,Debian 13,Oracle Database,RAM upgrade
q04422,Suggest an OS for computers in Programming Lab.,os_recommendation,Programming Lab,Linux Mint 22,,
q04423,Can systems in Block B support Ubuntu 24.04?,os_compatibility_check,Block B,Ubuntu 24.04,,
q04424,Which software can run on computers in Lab 2?,reverse_software_lookup,Lab 2,,MATLAB,
q04425,Find software that runs on Network Lab.,reverse_software_lookup,Network Lab,,Blender,
q04426,Which operating system is most suitable for Lab 2?,os_recommendation,Lab 2,Windows 10,,
q04427,Can systems in Lab 2 support Debian 13?,os_compatibility_check,Lab 2,Debian 13,,
q04428,What upgrades are required in Block C?,upgrade_planning,Block C,Ubuntu 24.04,AutoCAD,CPU
q04429,List software supported by PCs in Programming Lab.,reverse_software_lookup,Programming Lab,,Visual Studio Code,
q04430,Check PyCharm compatibility for Block A.,software_compatibility_check,Block A,,PyCharm,
q04431,Is Oracle Database supported in Library?,software_compatibility_check,Library,,Oracle Database,
q04432,Plan upgrades for AI Lab to run Linux Mint 22.,upgrade_planning,AI Lab,Linux Mint 22,MATLAB,Storage
q04433,Which PCs in Network Lab have 8 GB RAM?,hardware_query,Network Lab,,,
q04434,Which systems support MATLAB in Lab 1?,software_compatibility_check,Lab 1,,MATLAB,
q04435,Can computers in Library run Oracle Database?,software_compatibility_check,Library,,Oracle Database,
q04436,Show PCs in Library incompatible with Windows 10.,os_compatibility_check,Library,Windows 10,,
q04437,Check Android Studio compatibility for Network Lab.,software_compatibility_check,Network Lab,,Android Studio,
q04438,What applications are compatible with Block A computers?,reverse_software_lookup,Block A,,Oracle Database,
q04439,Which computers in Lab 1 can run Linux Mint 22?,os_compatibility_check,Lab 1,Linux Mint 22,,
q04440,Plan upgrades for Library to run Debian 13.,upgrade_planning,Library,Debian 13,AutoCAD,Storage
q04441,What upgrades are required in Block B?,upgrade_planning,Block B,Linux Mint 22,Oracle Database,RAM upgrade
q04442,What applications are compatible with Block B computers?,reverse_software_lookup,Block B,,PyCharm,
q04443,Which software can run on computers in Library?,reverse_software_lookup,Library,,Android Studio,
q04444,Check Blender compatibility for AI Lab.,software_compatibility_check,AI Lab,,Blender,
q04445,List software supported by PCs in Block A.,reverse_software_lookup,Block A,,PyCharm,
q04446,What upgrades are required in Block B?,upgrade_planning,Block B,Debian 13,Visual Studio Code,Storage
q04447,Which operating system is most suitable for Network Lab?,os_recommendation,Network Lab,Linux Mint 22,,
q04448,Which computers in Block B can run Ubuntu 24.04?,os_compatibility_check,Block B,Ubuntu 24.04,,
q04449,Check VMware Workstation compatibility for Lab 2.,software_compatibility_check,Lab 2,,VMware Workstation,
q04450,Recommend the best OS for Network Lab.,os_recommendation,Network Lab,Fedora 42,,
q04451,Which PCs in Programming Lab have 8 GB RAM?,hardware_query,Programming Lab,,,
q04452,Which operating system is most suitable for AI Lab?,os_recommendation,AI Lab,Linux Mint 22,,
q04453,Is MATLAB supported in Lab 2?,software_compatibility_check,Lab 2,,MATLAB,
q04454,Which systems support Oracle Database in Lab 1?,software_compatibility_check,Lab 1,,Oracle Database,
q04455,Find systems needing CPU.,upgrade_planning,Block A,Fedora 42,Blender,CPU
q04456,Plan upgrades for Library to run Debian 13.,upgrade_planning,Library,Debian 13,Visual Studio Code,RAM upgrade
q04457,Best operating system for Lab 1?,os_recommendation,Lab 1,Linux Mint 22,,
q04458,Show hardware details for Block A.,hardware_query,Block A,,,
q04459,Can computers in AI Lab run AutoCAD 2026?,software_compatibility_check,AI Lab,,AutoCAD,
q04460,List machines in Library that meet Ubuntu 24.04 requirements.,os_compatibility_check,Library,Ubuntu 24.04,,
q04461,Check Blender compatibility for Lab 2.,software_compatibility_check,Lab 2,,Blender,
q04462,Can computers in Block C run MATLAB?,software_compatibility_check,Block C,,MATLAB,
q04463,List software supported by PCs in Programming Lab.,reverse_software_lookup,Programming Lab,,MATLAB,
q04464,Show PCs in Lab 2 incompatible with Fedora 42.,os_compatibility_check,Lab 2,Fedora 42,,
q04465,List software supported by PCs in Lab 1.,reverse_software_lookup,Lab 1,,Blender,
q04466,Find software that runs on Lab 1.,reverse_software_lookup,Lab 1,,Android Studio,
q04467,Which computers need Secure Boot for PyCharm?,upgrade_planning,Block B,Windows 11,PyCharm,Secure Boot
q04468,Can computers in Programming Lab run AutoCAD 2026?,software_compatibility_check,Programming Lab,,AutoCAD,
q04469,Which systems support VS Code in Network Lab?,software_compatibility_check,Network Lab,,Visual Studio Code,
q04470,Which PCs in Programming Lab have 8 GB RAM?,hardware_query,Programming Lab,,,
q04471,Which computers need RAM upgrade for PyCharm?,upgrade_planning,Block C,Windows 11,PyCharm,RAM upgrade
q04472,Which systems support MATLAB in Block B?,software_compatibility_check,Block B,,MATLAB,
q04473,List computers with SSD in Programming Lab.,hardware_query,Programming Lab,,,
q04474,Find software that runs on Block B.,reverse_software_lookup,Block B,,MATLAB,
q04475,Best operating system for AI Lab?,os_recommendation,AI Lab,Debian 13,,
q04476,Which PCs in Lab 1 have 8 GB RAM?,hardware_query,Lab 1,,,
q04477,List machines in Lab 2 that meet Windows 10 requirements.,os_compatibility_check,Lab 2,Windows 10,,
q04478,Which systems support VMware Workstation in Network Lab?,software_compatibility_check,Network Lab,,VMware Workstation,
q04479,List computers with SSD in Block B.,hardware_query,Block B,,,
q04480,Suggest an OS for computers in Lab 1.,os_recommendation,Lab 1,Linux Mint 22,,
q04481,Can systems in Block C support Windows 11?,os_compatibility_check,Block C,Windows 11,,
q04482,What applications are compatible with Library computers?,reverse_software_lookup,Library,,Visual Studio Code,
q04483,List machines in Lab 1 that meet Linux Mint 22 requirements.,os_compatibility_check,Lab 1,Linux Mint 22,,
q04484,What applications are compatible with Network Lab computers?,reverse_software_lookup,Network Lab,,PyCharm,
q04485,Best operating system for Library?,os_recommendation,Library,Linux Mint 22,,
q04486,Is AutoCAD 2026 supported in Lab 1?,software_compatibility_check,Lab 1,,AutoCAD,
q04487,Show hardware details for Network Lab.,hardware_query,Network Lab,,,
q04488,Show PCs in AI Lab incompatible with Windows 10.,os_compatibility_check,AI Lab,Windows 10,,
q04489,Plan upgrades for Network Lab to run Debian 13.,upgrade_planning,Network Lab,Debian 13,Blender,CPU
q04490,Can systems in Lab 2 support Linux Mint 22?,os_compatibility_check,Lab 2,Linux Mint 22,,
q04491,Best operating system for Library?,os_recommendation,Library,Fedora 42,,
q04492,Which computers in Block A can run Windows 11?,os_compatibility_check,Block A,Windows 11,,
q04493,List software supported by PCs in Network Lab.,reverse_software_lookup,Network Lab,,Android Studio,
q04494,Show PCs in AI Lab incompatible with Ubuntu 24.04.,os_compatibility_check,AI Lab,Ubuntu 24.04,,
q04495,Can systems in Block B support Windows 10?,os_compatibility_check,Block B,Windows 10,,
q04496,Which software can run on computers in Network Lab?,reverse_software_lookup,Network Lab,,Android Studio,
q04497,Find software that runs on Library.,reverse_software_lookup,Library,,VMware Workstation,
q04498,Can computers in Lab 2 run Oracle Database?,software_compatibility_check,Lab 2,,Oracle Database,
q04499,List computers with SSD in Block A.,hardware_query,Block A,,,
q04500,Can systems in Programming Lab support Windows 11?,os_compatibility_check,Programming Lab,Windows 11,,
q04501,Which software can run on computers in Block A?,reverse_software_lookup,Block A,,VMware Workstation,
q04502,Can computers in Library run Blender?,software_compatibility_check,Library,,Blender,
q04503,Can systems in Programming Lab support Fedora 42?,os_compatibility_check,Programming Lab,Fedora 42,,
q04504,Show PCs in Block C incompatible with Fedora 42.,os_compatibility_check,Block C,Fedora 42,,
q04505,Which computers need RAM upgrade for VS Code?,upgrade_planning,Block C,Fedora 42,Visual Studio Code,RAM upgrade
q04506,Recommend the best OS for Network Lab.,os_recommendation,Network Lab,Debian 13,,
q04507,Find systems needing Secure Boot.,upgrade_planning,Programming Lab,Windows 10,Visual Studio Code,Secure Boot
q04508,Find software that runs on Lab 1.,reverse_software_lookup,Lab 1,,Android Studio,
q04509,Best operating system for Library?,os_recommendation,Library,Fedora 42,,
q04510,Find software that runs on Block C.,reverse_software_lookup,Block C,,Blender,
q04511,List computers with SSD in Lab 1.,hardware_query,Lab 1,,,
q04512,Suggest an OS for computers in Block A.,os_recommendation,Block A,Windows 10,,
q04513,Recommend the best OS for Lab 2.,os_recommendation,Lab 2,Linux Mint 22,,
q04514,List computers with SSD in Library.,hardware_query,Library,,,
q04515,Plan upgrades for Programming Lab to run Windows 11.,upgrade_planning,Programming Lab,Windows 11,VMware Workstation,TPM
q04516,Show PCs in Block A incompatible with Windows 11.,os_compatibility_check,Block A,Windows 11,,
q04517,List machines in Block C that meet Linux Mint 22 requirements.,os_compatibility_check,Block C,Linux Mint 22,,
q04518,Which computers need CPU for Blender?,upgrade_planning,Block B,Debian 13,Blender,CPU
q04519,List computers with SSD in Network Lab.,hardware_query,Network Lab,,,
q04520,Show PCs in Block C incompatible with Ubuntu 24.04.,os_compatibility_check,Block C,Ubuntu 24.04,,
q04521,List computers with SSD in Lab 1.,hardware_query,Lab 1,,,
q04522,Can computers in Block B run Android Studio?,software_compatibility_check,Block B,,Android Studio,
q04523,Best operating system for Library?,os_recommendation,Library,Ubuntu 24.04,,
q04524,Recommend the best OS for Block C.,os_recommendation,Block C,Fedora 42,,
q04525,Show hardware details for Lab 2.,hardware_query,Lab 2,,,
q04526,Best operating system for Block A?,os_recommendation,Block A,Windows 11,,
q04527,Is MATLAB supported in Programming Lab?,software_compatibility_check,Programming Lab,,MATLAB,
q04528,List computers with SSD in Block A.,hardware_query,Block A,,,
q04529,What applications are compatible with Network Lab computers?,reverse_software_lookup,Network Lab,,Android Studio,
q04530,List machines in Programming Lab that meet Fedora 42 requirements.,os_compatibility_check,Programming Lab,Fedora 42,,
q04531,Recommend the best OS for Lab 2.,os_recommendation,Lab 2,Debian 13,,
q04532,Find systems needing Storage.,upgrade_planning,Block C,Windows 11,Android Studio,Storage
q04533,Is Android Studio supported in Block A?,software_compatibility_check,Block A,,Android Studio,
q04534,Display CPU details for Block B.,hardware_query,Block B,,,
q04535,Find software that runs on Lab 1.,reverse_software_lookup,Lab 1,,MATLAB,
q04536,Can computers in AI Lab run Oracle Database?,software_compatibility_check,AI Lab,,Oracle Database,
q04537,Recommend the best OS for Library.,os_recommendation,Library,Linux Mint 22,,
q04538,Check Blender compatibility for Block B.,software_compatibility_check,Block B,,Blender,
q04539,Which computers in Block B can run Windows 10?,os_compatibility_check,Block B,Windows 10,,
q04540,List software supported by PCs in Network Lab.,reverse_software_lookup,Network Lab,,Oracle Database,
q04541,Recommend the best OS for Lab 2.,os_recommendation,Lab 2,Ubuntu 24.04,,
q04542,Can computers in Network Lab run MATLAB?,software_compatibility_check,Network Lab,,MATLAB,
q04543,Is MATLAB supported in Network Lab?,software_compatibility_check,Network Lab,,MATLAB,
q04544,What upgrades are required in Library?,upgrade_planning,Library,Debian 13,VMware Workstation,RAM upgrade
q04545,Which systems support Android Studio in Block B?,software_compatibility_check,Block B,,Android Studio,
q04546,List software supported by PCs in Programming Lab.,reverse_software_lookup,Programming Lab,,Oracle Database,
q04547,Is VMware Workstation supported in AI Lab?,software_compatibility_check,AI Lab,,VMware Workstation,
q04548,Show PCs in Library incompatible with Debian 13.,os_compatibility_check,Library,Debian 13,,
q04549,Is Blender supported in Block C?,software_compatibility_check,Block C,,Blender,
q04550,Show hardware details for Library.,hardware_query,Library,,,
q04551,List machines in Lab 2 that meet Linux Mint 22 requirements.,os_compatibility_check,Lab 2,Linux Mint 22,,
q04552,Is MATLAB supported in Programming Lab?,software_compatibility_check,Programming Lab,,MATLAB,
q04553,Check MATLAB compatibility for Lab 1.,software_compatibility_check,Lab 1,,MATLAB,
q04554,Which operating system is most suitable for Lab 1?,os_recommendation,Lab 1,Fedora 42,,
q04555,Show PCs in Block A incompatible with Windows 11.,os_compatibility_check,Block A,Windows 11,,
q04556,List computers with SSD in Block A.,hardware_query,Block A,,,
q04557,What applications are compatible with Block C computers?,reverse_software_lookup,Block C,,Oracle Database,
q04558,Which computers need RAM upgrade for PyCharm?,upgrade_planning,Programming Lab,Fedora 42,PyCharm,RAM upgrade
q04559,Is Blender supported in Programming Lab?,software_compatibility_check,Programming Lab,,Blender,
q04560,Is AutoCAD 2026 supported in Block A?,software_compatibility_check,Block A,,AutoCAD,
q04561,Recommend the best OS for Lab 1.,os_recommendation,Lab 1,Debian 13,,
q04562,Plan upgrades for Block B to run Ubuntu 24.04.,upgrade_planning,Block B,Ubuntu 24.04,Visual Studio Code,GPU
q04563,List computers with SSD in Network Lab.,hardware_query,Network Lab,,,
q04564,List computers with SSD in Library.,hardware_query,Library,,,
q04565,Display CPU details for Lab 2.,hardware_query,Lab 2,,,
q04566,Which systems support Blender in Library?,software_compatibility_check,Library,,Blender,
q04567,Display CPU details for AI Lab.,hardware_query,AI Lab,,,
q04568,Show PCs in Block A incompatible with Debian 13.,os_compatibility_check,Block A,Debian 13,,
q04569,Show hardware details for Block B.,hardware_query,Block B,,,
q04570,Display CPU details for Programming Lab.,hardware_query,Programming Lab,,,
q04571,Show PCs in Lab 2 incompatible with Debian 13.,os_compatibility_check,Lab 2,Debian 13,,
q04572,Which computers need Storage for Oracle Database?,upgrade_planning,Block A,Windows 10,Oracle Database,Storage
q04573,Which operating system is most suitable for Lab 1?,os_recommendation,Lab 1,Windows 11,,
q04574,Suggest an OS for computers in Programming Lab.,os_recommendation,Programming Lab,Ubuntu 24.04,,
q04575,What applications are compatible with Block A computers?,reverse_software_lookup,Block A,,VMware Workstation,
q04576,Check MATLAB compatibility for Programming Lab.,software_compatibility_check,Programming Lab,,MATLAB,
q04577,Which computers in Programming Lab can run Windows 10?,os_compatibility_check,Programming Lab,Windows 10,,
q04578,Find systems needing Storage.,upgrade_planning,Block C,Debian 13,MATLAB,Storage
q04579,Can computers in Network Lab run Oracle Database?,software_compatibility_check,Network Lab,,Oracle Database,
q04580,Can computers in Network Lab run MATLAB?,software_compatibility_check,Network Lab,,MATLAB,
q04581,Which systems support Blender in Lab 1?,software_compatibility_check,Lab 1,,Blender,
q04582,Can systems in Block C support Linux Mint 22?,os_compatibility_check,Block C,Linux Mint 22,,
q04583,Show hardware details for Block B.,hardware_query,Block B,,,
q04584,List machines in Library that meet Fedora 42 requirements.,os_compatibility_check,Library,Fedora 42,,
q04585,Which operating system is most suitable for Block A?,os_recommendation,Block A,Windows 11,,
q04586,Best operating system for Lab 2?,os_recommendation,Lab 2,Windows 10,,
q04587,Can systems in Lab 1 support Linux Mint 22?,os_compatibility_check,Lab 1,Linux Mint 22,,
q04588,Best operating system for Programming Lab?,os_recommendation,Programming Lab,Fedora 42,,
q04589,List machines in Block C that meet Linux Mint 22 requirements.,os_compatibility_check,Block C,Linux Mint 22,,
q04590,List machines in Lab 1 that meet Windows 11 requirements.,os_compatibility_check,Lab 1,Windows 11,,
q04591,Suggest an OS for computers in Library.,os_recommendation,Library,Windows 10,,
q04592,List machines in AI Lab that meet Windows 10 requirements.,os_compatibility_check,AI Lab,Windows 10,,
q04593,Which PCs in Library have 8 GB RAM?,hardware_query,Library,,,
q04594,Suggest an OS for computers in Lab 2.,os_recommendation,Lab 2,Ubuntu 24.04,,
q04595,Check VMware Workstation compatibility for Block A.,software_compatibility_check,Block A,,VMware Workstation,
q04596,Is AutoCAD 2026 supported in Network Lab?,software_compatibility_check,Network Lab,,AutoCAD,
q04597,Display CPU details for Lab 1.,hardware_query,Lab 1,,,
q04598,List software supported by PCs in Block C.,reverse_software_lookup,Block C,,Oracle Database,
q04599,What upgrades are required in Lab 2?,upgrade_planning,Lab 2,Ubuntu 24.04,Android Studio,TPM
q04600,Suggest an OS for computers in Block C.,os_recommendation,Block C,Linux Mint 22,,
q04601,Show PCs in Programming Lab incompatible with Fedora 42.,os_compatibility_check,Programming Lab,Fedora 42,,
q04602,Best operating system for Lab 1?,os_recommendation,Lab 1,Fedora 42,,
q04603,Is VMware Workstation supported in Programming Lab?,software_compatibility_check,Programming Lab,,VMware Workstation,
q04604,Can computers in Block C run PyCharm?,software_compatibility_check,Block C,,PyCharm,
q04605,Check AutoCAD 2026 compatibility for Block A.,software_compatibility_check,Block A,,AutoCAD,
q04606,Which systems support Android Studio in Block C?,software_compatibility_check,Block C,,Android Studio,
q04607,Which software can run on computers in Network Lab?,reverse_software_lookup,Network Lab,,Oracle Database,
q04608,Find software that runs on Library.,reverse_software_lookup,Library,,PyCharm,
q04609,What upgrades are required in Block B?,upgrade_planning,Block B,Windows 10,Visual Studio Code,RAM upgrade
q04610,Can systems in Network Lab support Ubuntu 24.04?,os_compatibility_check,Network Lab,Ubuntu 24.04,,
q04611,Is Blender supported in Library?,software_compatibility_check,Library,,Blender,
q04612,Can computers in Programming Lab run VS Code?,software_compatibility_check,Programming Lab,,Visual Studio Code,
q04613,Which PCs in Lab 1 have 8 GB RAM?,hardware_query,Lab 1,,,
q04614,Is MATLAB supported in Programming Lab?,software_compatibility_check,Programming Lab,,MATLAB,
q04615,Suggest an OS for computers in Lab 1.,os_recommendation,Lab 1,Debian 13,,
q04616,Can computers in Block B run MATLAB?,software_compatibility_check,Block B,,MATLAB,
q04617,Show hardware details for Lab 1.,hardware_query,Lab 1,,,
q04618,List software supported by PCs in Block C.,reverse_software_lookup,Block C,,Android Studio,
q04619,Recommend the best OS for Block C.,os_recommendation,Block C,Windows 11,,
q04620,Show PCs in Programming Lab incompatible with Debian 13.,os_compatibility_check,Programming Lab,Debian 13,,
q04621,Is Android Studio supported in Programming Lab?,software_compatibility_check,Programming Lab,,Android Studio,
q04622,Is Oracle Database supported in Lab 2?,software_compatibility_check,Lab 2,,Oracle Database,
q04623,Which computers need Storage for VS Code?,upgrade_planning,Block B,Windows 11,Visual Studio Code,Storage
q04624,What applications are compatible with Block B computers?,reverse_software_lookup,Block B,,MATLAB,
q04625,Which PCs in Lab 2 have 8 GB RAM?,hardware_query,Lab 2,,,
q04626,Is AutoCAD 2026 supported in Block C?,software_compatibility_check,Block C,,AutoCAD,
q04627,Which systems support VS Code in Block C?,software_compatibility_check,Block C,,Visual Studio Code,
q04628,Find systems needing TPM.,upgrade_planning,Programming Lab,Ubuntu 24.04,Oracle Database,TPM
q04629,Which systems support VS Code in Block B?,software_compatibility_check,Block B,,Visual Studio Code,
q04630,Suggest an OS for computers in Library.,os_recommendation,Library,Debian 13,,
q04631,Check Blender compatibility for Block A.,software_compatibility_check,Block A,,Blender,
q04632,Which PCs in AI Lab have 8 GB RAM?,hardware_query,AI Lab,,,
q04633,Best operating system for Block B?,os_recommendation,Block B,Fedora 42,,
q04634,Can computers in AI Lab run MATLAB?,software_compatibility_check,AI Lab,,MATLAB,
q04635,Suggest an OS for computers in Lab 1.,os_recommendation,Lab 1,Debian 13,,
q04636,Find systems needing CPU.,upgrade_planning,Lab 1,Debian 13,AutoCAD,CPU
q04637,Which software can run on computers in Block C?,reverse_software_lookup,Block C,,Android Studio,
q04638,Show PCs in Lab 1 incompatible with Fedora 42.,os_compatibility_check,Lab 1,Fedora 42,,
q04639,Which PCs in AI Lab have 8 GB RAM?,hardware_query,AI Lab,,,
q04640,Which computers need Secure Boot for MATLAB?,upgrade_planning,Lab 1,Windows 11,MATLAB,Secure Boot
q04641,Which computers need GPU for VS Code?,upgrade_planning,Network Lab,Debian 13,Visual Studio Code,GPU
q04642,Find software that runs on Lab 2.,reverse_software_lookup,Lab 2,,AutoCAD,
q04643,List machines in Lab 2 that meet Windows 10 requirements.,os_compatibility_check,Lab 2,Windows 10,,
q04644,Which PCs in Lab 2 have 8 GB RAM?,hardware_query,Lab 2,,,
q04645,List computers with SSD in Lab 1.,hardware_query,Lab 1,,,
q04646,Suggest an OS for computers in Programming Lab.,os_recommendation,Programming Lab,Debian 13,,
q04647,Which software can run on computers in Lab 1?,reverse_software_lookup,Lab 1,,Blender,
q04648,Which computers in Block C can run Debian 13?,os_compatibility_check,Block C,Debian 13,,
q04649,List computers with SSD in AI Lab.,hardware_query,AI Lab,,,
q04650,List machines in Programming Lab that meet Fedora 42 requirements.,os_compatibility_check,Programming Lab,Fedora 42,,
q04651,Find software that runs on AI Lab.,reverse_software_lookup,AI Lab,,MATLAB,
q04652,List computers with SSD in Library.,hardware_query,Library,,,
q04653,Recommend the best OS for Block A.,os_recommendation,Block A,Debian 13,,
q04654,List machines in Lab 1 that meet Ubuntu 24.04 requirements.,os_compatibility_check,Lab 1,Ubuntu 24.04,,
q04655,List software supported by PCs in Lab 2.,reverse_software_lookup,Lab 2,,PyCharm,
q04656,Display CPU details for Block C.,hardware_query,Block C,,,
q04657,Best operating system for Network Lab?,os_recommendation,Network Lab,Fedora 42,,
q04658,Which software can run on computers in AI Lab?,reverse_software_lookup,AI Lab,,MATLAB,
q04659,List computers with SSD in Block B.,hardware_query,Block B,,,
q04660,List machines in Library that meet Debian 13 requirements.,os_compatibility_check,Library,Debian 13,,
q04661,Show PCs in Block B incompatible with Linux Mint 22.,os_compatibility_check,Block B,Linux Mint 22,,
q04662,Display CPU details for Network Lab.,hardware_query,Network Lab,,,
q04663,Show PCs in Block A incompatible with Ubuntu 24.04.,os_compatibility_check,Block A,Ubuntu 24.04,,
q04664,Display CPU details for Library.,hardware_query,Library,,,
q04665,Find systems needing RAM upgrade.,upgrade_planning,AI Lab,Debian 13,Blender,RAM upgrade
q04666,Can computers in Library run MATLAB?,software_compatibility_check,Library,,MATLAB,
q04667,Best operating system for Block B?,os_recommendation,Block B,Windows 10,,
q04668,Can computers in Lab 1 run Oracle Database?,software_compatibility_check,Lab 1,,Oracle Database,
q04669,Is Android Studio supported in Library?,software_compatibility_check,Library,,Android Studio,
q04670,Show hardware details for Block A.,hardware_query,Block A,,,
q04671,What applications are compatible with AI Lab computers?,reverse_software_lookup,AI Lab,,AutoCAD,
q04672,Which computers need TPM for Oracle Database?,upgrade_planning,Block A,Debian 13,Oracle Database,TPM
q04673,Show PCs in Block B incompatible with Ubuntu 24.04.,os_compatibility_check,Block B,Ubuntu 24.04,,
q04674,Plan upgrades for Block B to run Windows 11.,upgrade_planning,Block B,Windows 11,Blender,CPU
q04675,Best operating system for AI Lab?,os_recommendation,AI Lab,Linux Mint 22,,
q04676,List machines in Lab 2 that meet Linux Mint 22 requirements.,os_compatibility_check,Lab 2,Linux Mint 22,,
q04677,Which PCs in Lab 2 have 8 GB RAM?,hardware_query,Lab 2,,,
q04678,Recommend the best OS for Block B.,os_recommendation,Block B,Fedora 42,,
q04679,Which operating system is most suitable for Block A?,os_recommendation,Block A,Linux Mint 22,,
q04680,List computers with SSD in AI Lab.,hardware_query,AI Lab,,,
q04681,Check Blender compatibility for AI Lab.,software_compatibility_check,AI Lab,,Blender,
q04682,Which systems support VMware Workstation in Library?,software_compatibility_check,Library,,VMware Workstation,
q04683,Is AutoCAD 2026 supported in Library?,software_compatibility_check,Library,,AutoCAD,
q04684,What upgrades are required in Network Lab?,upgrade_planning,Network Lab,Linux Mint 22,Android Studio,Secure Boot
q04685,Can systems in Lab 1 support Ubuntu 24.04?,os_compatibility_check,Lab 1,Ubuntu 24.04,,
q04686,Plan upgrades for Library to run Ubuntu 24.04.,upgrade_planning,Library,Ubuntu 24.04,VMware Workstation,TPM
q04687,Recommend the best OS for Lab 2.,os_recommendation,Lab 2,Debian 13,,
q04688,What upgrades are required in Block A?,upgrade_planning,Block A,Ubuntu 24.04,Oracle Database,CPU
q04689,Show hardware details for Network Lab.,hardware_query,Network Lab,,,
q04690,Which PCs in Library have 8 GB RAM?,hardware_query,Library,,,
q04691,Which computers in Block B can run Fedora 42?,os_compatibility_check,Block B,Fedora 42,,
q04692,List machines in AI Lab that meet Debian 13 requirements.,os_compatibility_check,AI Lab,Debian 13,,
q04693,Can systems in Lab 1 support Windows 10?,os_compatibility_check,Lab 1,Windows 10,,
q04694,What applications are compatible with Block B computers?,reverse_software_lookup,Block B,,PyCharm,
q04695,Show hardware details for Library.,hardware_query,Library,,,
q04696,Find software that runs on Library.,reverse_software_lookup,Library,,MATLAB,
q04697,Check Android Studio compatibility for Block C.,software_compatibility_check,Block C,,Android Studio,
q04698,List machines in Programming Lab that meet Windows 11 requirements.,os_compatibility_check,Programming Lab,Windows 11,,
q04699,Recommend the best OS for Block B.,os_recommendation,Block B,Debian 13,,
q04700,List computers with SSD in Block B.,hardware_query,Block B,,,
q04701,What upgrades are required in Lab 1?,upgrade_planning,Lab 1,Windows 11,Visual Studio Code,Storage
q04702,Which systems support MATLAB in AI Lab?,software_compatibility_check,AI Lab,,MATLAB,
q04703,Is PyCharm supported in Lab 1?,software_compatibility_check,Lab 1,,PyCharm,
q04704,Check AutoCAD 2026 compatibility for Lab 1.,software_compatibility_check,Lab 1,,AutoCAD,
q04705,Suggest an OS for computers in Programming Lab.,os_recommendation,Programming Lab,Debian 13,,
q04706,Find software that runs on Programming Lab.,reverse_software_lookup,Programming Lab,,Oracle Database,
q04707,Which computers need Secure Boot for VS Code?,upgrade_planning,Block A,Windows 11,Visual Studio Code,Secure Boot
q04708,What upgrades are required in Block A?,upgrade_planning,Block A,Windows 10,Visual Studio Code,Secure Boot
q04709,Which operating system is most suitable for Block A?,os_recommendation,Block A,Windows 11,,
q04710,Check VMware Workstation compatibility for Block A.,software_compatibility_check,Block A,,VMware Workstation,
q04711,Which computers need CPU for MATLAB?,upgrade_planning,Block C,Ubuntu 24.04,MATLAB,CPU
q04712,Show hardware details for AI Lab.,hardware_query,AI Lab,,,
q04713,Which PCs in Lab 1 have 8 GB RAM?,hardware_query,Lab 1,,,
q04714,Which systems support PyCharm in Network Lab?,software_compatibility_check,Network Lab,,PyCharm,
q04715,Which operating system is most suitable for Programming Lab?,os_recommendation,Programming Lab,Fedora 42,,
q04716,What applications are compatible with Lab 1 computers?,reverse_software_lookup,Lab 1,,Visual Studio Code,
q04717,Plan upgrades for Block B to run Windows 11.,upgrade_planning,Block B,Windows 11,Oracle Database,TPM
q04718,Display CPU details for Lab 1.,hardware_query,Lab 1,,,
q04719,Which computers need RAM upgrade for VS Code?,upgrade_planning,Lab 1,Debian 13,Visual Studio Code,RAM upgrade
q04720,Which software can run on computers in Block B?,reverse_software_lookup,Block B,,VMware Workstation,
q04721,What applications are compatible with Programming Lab computers?,reverse_software_lookup,Programming Lab,,Visual Studio Code,
q04722,Which computers need TPM for Android Studio?,upgrade_planning,Block B,Windows 11,Android Studio,TPM
q04723,What applications are compatible with Block B computers?,reverse_software_lookup,Block B,,VMware Workstation,
q04724,Which computers in Network Lab can run Windows 10?,os_compatibility_check,Network Lab,Windows 10,,
q04725,Which computers in Block C can run Windows 10?,os_compatibility_check,Block C,Windows 10,,
q04726,Which PCs in Lab 1 have 8 GB RAM?,hardware_query,Lab 1,,,
q04727,Show hardware details for Library.,hardware_query,Library,,,
q04728,Recommend the best OS for Lab 1.,os_recommendation,Lab 1,Windows 11,,
q04729,What applications are compatible with AI Lab computers?,reverse_software_lookup,AI Lab,,MATLAB,
q04730,Which computers need Secure Boot for VMware Workstation?,upgrade_planning,Block B,Windows 10,VMware Workstation,Secure Boot
q04731,Suggest an OS for computers in Block A.,os_recommendation,Block A,Fedora 42,,
q04732,Suggest an OS for computers in AI Lab.,os_recommendation,AI Lab,Linux Mint 22,,
q04733,Which computers need Secure Boot for Android Studio?,upgrade_planning,Block C,Windows 11,Android Studio,Secure Boot
q04734,Find systems needing CPU.,upgrade_planning,Block C,Debian 13,Blender,CPU
q04735,Which operating system is most suitable for AI Lab?,os_recommendation,AI Lab,Windows 10,,
q04736,Recommend the best OS for Block C.,os_recommendation,Block C,Windows 11,,
q04737,Suggest an OS for computers in Programming Lab.,os_recommendation,Programming Lab,Linux Mint 22,,
q04738,Show hardware details for Block A.,hardware_query,Block A,,,
q04739,Find systems needing TPM.,upgrade_planning,Block B,Windows 11,Oracle Database,TPM
q04740,Can computers in Lab 2 run VMware Workstation?,software_compatibility_check,Lab 2,,VMware Workstation,
q04741,Suggest an OS for computers in Network Lab.,os_recommendation,Network Lab,Ubuntu 24.04,,
q04742,What applications are compatible with Lab 2 computers?,reverse_software_lookup,Lab 2,,MATLAB,
q04743,List computers with SSD in Library.,hardware_query,Library,,,
q04744,Show PCs in Lab 2 incompatible with Windows 10.,os_compatibility_check,Lab 2,Windows 10,,
q04745,Find systems needing CPU.,upgrade_planning,Lab 1,Linux Mint 22,PyCharm,CPU
q04746,Which PCs in Programming Lab have 8 GB RAM?,hardware_query,Programming Lab,,,
q04747,Which computers need Storage for Blender?,upgrade_planning,Block C,Fedora 42,Blender,Storage
q04748,What applications are compatible with Programming Lab computers?,reverse_software_lookup,Programming Lab,,PyCharm,
q04749,Is PyCharm supported in Library?,software_compatibility_check,Library,,PyCharm,
q04750,List machines in Block A that meet Debian 13 requirements.,os_compatibility_check,Block A,Debian 13,,
q04751,Plan upgrades for Block A to run Ubuntu 24.04.,upgrade_planning,Block A,Ubuntu 24.04,VMware Workstation,GPU
q04752,Which computers need TPM for VS Code?,upgrade_planning,Network Lab,Windows 10,Visual Studio Code,TPM
q04753,Find systems needing RAM upgrade.,upgrade_planning,Block B,Ubuntu 24.04,AutoCAD,RAM upgrade
q04754,Which PCs in Lab 2 have 8 GB RAM?,hardware_query,Lab 2,,,
q04755,Is AutoCAD 2026 supported in Lab 1?,software_compatibility_check,Lab 1,,AutoCAD,
q04756,List machines in AI Lab that meet Windows 11 requirements.,os_compatibility_check,AI Lab,Windows 11,,
q04757,List software supported by PCs in Lab 2.,reverse_software_lookup,Lab 2,,MATLAB,
q04758,Can computers in Lab 2 run Oracle Database?,software_compatibility_check,Lab 2,,Oracle Database,
q04759,Display CPU details for Block B.,hardware_query,Block B,,,
q04760,List machines in Network Lab that meet Windows 11 requirements.,os_compatibility_check,Network Lab,Windows 11,,
q04761,What applications are compatible with Block A computers?,reverse_software_lookup,Block A,,Android Studio,
q04762,List software supported by PCs in Network Lab.,reverse_software_lookup,Network Lab,,Android Studio,
q04763,Which systems support AutoCAD 2026 in Block A?,software_compatibility_check,Block A,,AutoCAD,
q04764,Is AutoCAD 2026 supported in Lab 2?,software_compatibility_check,Lab 2,,AutoCAD,
q04765,Can computers in Block C run Blender?,software_compatibility_check,Block C,,Blender,
q04766,Display CPU details for Library.,hardware_query,Library,,,
q04767,List machines in Network Lab that meet Windows 10 requirements.,os_compatibility_check,Network Lab,Windows 10,,
q04768,Which software can run on computers in AI Lab?,reverse_software_lookup,AI Lab,,Blender,
q04769,Is Oracle Database supported in Library?,software_compatibility_check,Library,,Oracle Database,
q04770,Can computers in Block A run MATLAB?,software_compatibility_check,Block A,,MATLAB,
q04771,What upgrades are required in Block A?,upgrade_planning,Block A,Debian 13,Visual Studio Code,RAM upgrade
q04772,Is PyCharm supported in Lab 2?,software_compatibility_check,Lab 2,,PyCharm,
q04773,Display CPU details for Lab 2.,hardware_query,Lab 2,,,
q04774,Which software can run on computers in Lab 1?,reverse_software_lookup,Lab 1,,Android Studio,
q04775,Can computers in AI Lab run Blender?,software_compatibility_check,AI Lab,,Blender,
q04776,Which systems support Oracle Database in Lab 2?,software_compatibility_check,Lab 2,,Oracle Database,
q04777,Recommend the best OS for Network Lab.,os_recommendation,Network Lab,Ubuntu 24.04,,
q04778,Show PCs in Lab 2 incompatible with Ubuntu 24.04.,os_compatibility_check,Lab 2,Ubuntu 24.04,,
q04779,Suggest an OS for computers in Library.,os_recommendation,Library,Linux Mint 22,,
q04780,Plan upgrades for Lab 2 to run Windows 11.,upgrade_planning,Lab 2,Windows 11,MATLAB,CPU
q04781,Can computers in AI Lab run MATLAB?,software_compatibility_check,AI Lab,,MATLAB,
q04782,What applications are compatible with Block C computers?,reverse_software_lookup,Block C,,VMware Workstation,
q04783,Show hardware details for Lab 2.,hardware_query,Lab 2,,,
q04784,Which systems support MATLAB in Network Lab?,software_compatibility_check,Network Lab,,MATLAB,
q04785,Can computers in Library run MATLAB?,software_compatibility_check,Library,,MATLAB,
q04786,Which operating system is most suitable for Block B?,os_recommendation,Block B,Windows 11,,
q04787,Best operating system for Lab 2?,os_recommendation,Lab 2,Windows 10,,
q04788,What upgrades are required in Lab 1?,upgrade_planning,Lab 1,Linux Mint 22,PyCharm,GPU
q04789,List software supported by PCs in Lab 1.,reverse_software_lookup,Lab 1,,VMware Workstation,
q04790,Can systems in Network Lab support Windows 11?,os_compatibility_check,Network Lab,Windows 11,,
q04791,Check Android Studio compatibility for Network Lab.,software_compatibility_check,Network Lab,,Android Studio,
q04792,Which systems support PyCharm in Programming Lab?,software_compatibility_check,Programming Lab,,PyCharm,
q04793,Plan upgrades for Network Lab to run Linux Mint 22.,upgrade_planning,Network Lab,Linux Mint 22,VMware Workstation,TPM
q04794,Which PCs in Block A have 8 GB RAM?,hardware_query,Block A,,,
q04795,Recommend the best OS for Block A.,os_recommendation,Block A,Windows 11,,
q04796,Which PCs in Block A have 8 GB RAM?,hardware_query,Block A,,,
q04797,Is AutoCAD 2026 supported in Network Lab?,software_compatibility_check,Network Lab,,AutoCAD,
q04798,Show hardware details for Library.,hardware_query,Library,,,
q04799,Best operating system for Network Lab?,os_recommendation,Network Lab,Debian 13,,
q04800,Plan upgrades for Network Lab to run Fedora 42.,upgrade_planning,Network Lab,Fedora 42,Blender,TPM
q04801,Find systems needing CPU.,upgrade_planning,Lab 1,Fedora 42,Visual Studio Code,CPU
q04802,Which systems support VS Code in Programming Lab?,software_compatibility_check,Programming Lab,,Visual Studio Code,
q04803,Best operating system for AI Lab?,os_recommendation,AI Lab,Linux Mint 22,,
q04804,Which systems support VMware Workstation in Block A?,software_compatibility_check,Block A,,VMware Workstation,
q04805,Which computers in Lab 2 can run Fedora 42?,os_compatibility_check,Lab 2,Fedora 42,,
q04806,What upgrades are required in Block B?,upgrade_planning,Block B,Ubuntu 24.04,MATLAB,Secure Boot
q04807,Is VMware Workstation supported in Block A?,software_compatibility_check,Block A,,VMware Workstation,
q04808,Recommend the best OS for Library.,os_recommendation,Library,Ubuntu 24.04,,
q04809,List software supported by PCs in Lab 2.,reverse_software_lookup,Lab 2,,Android Studio,
q04810,Which computers need Storage for Blender?,upgrade_planning,Block B,Debian 13,Blender,Storage
q04811,Check VS Code compatibility for AI Lab.,software_compatibility_check,AI Lab,,Visual Studio Code,
q04812,Plan upgrades for Block B to run Windows 10.,upgrade_planning,Block B,Windows 10,Blender,GPU
q04813,Best operating system for Lab 1?,os_recommendation,Lab 1,Fedora 42,,
q04814,Which PCs in Block B have 8 GB RAM?,hardware_query,Block B,,,
q04815,Show hardware details for Lab 1.,hardware_query,Lab 1,,,
q04816,Which computers need Storage for PyCharm?,upgrade_planning,Block A,Windows 10,PyCharm,Storage
q04817,Find systems needing RAM upgrade.,upgrade_planning,Programming Lab,Windows 10,MATLAB,RAM upgrade
q04818,Which systems support Oracle Database in AI Lab?,software_compatibility_check,AI Lab,,Oracle Database,
q04819,Show hardware details for Lab 1.,hardware_query,Lab 1,,,
q04820,Check VMware Workstation compatibility for Library.,software_compatibility_check,Library,,VMware Workstation,
q04821,Is MATLAB supported in Network Lab?,software_compatibility_check,Network Lab,,MATLAB,
q04822,Which operating system is most suitable for Library?,os_recommendation,Library,Fedora 42,,
q04823,Is VS Code supported in Block B?,software_compatibility_check,Block B,,Visual Studio Code,
q04824,What applications are compatible with Block A computers?,reverse_software_lookup,Block A,,Android Studio,
q04825,Find systems needing RAM upgrade.,upgrade_planning,AI Lab,Ubuntu 24.04,PyCharm,RAM upgrade
q04826,Plan upgrades for Block A to run Windows 10.,upgrade_planning,Block A,Windows 10,VMware Workstation,Secure Boot
q04827,Which operating system is most suitable for Block B?,os_recommendation,Block B,Linux Mint 22,,
q04828,Which PCs in Programming Lab have 8 GB RAM?,hardware_query,Programming Lab,,,
q04829,Find systems needing TPM.,upgrade_planning,Library,Linux Mint 22,Android Studio,TPM
q04830,Which systems support PyCharm in Block A?,software_compatibility_check,Block A,,PyCharm,
q04831,Show PCs in Block B incompatible with Windows 10.,os_compatibility_check,Block B,Windows 10,,
q04832,Which PCs in Block B have 8 GB RAM?,hardware_query,Block B,,,
q04833,Which software can run on computers in Block C?,reverse_software_lookup,Block C,,Android Studio,
q04834,Which systems support PyCharm in Block C?,software_compatibility_check,Block C,,PyCharm,
q04835,Display CPU details for Block B.,hardware_query,Block B,,,
q04836,Find software that runs on AI Lab.,reverse_software_lookup,AI Lab,,PyCharm,
q04837,Show PCs in Library incompatible with Ubuntu 24.04.,os_compatibility_check,Library,Ubuntu 24.04,,
q04838,Which software can run on computers in Programming Lab?,reverse_software_lookup,Programming Lab,,MATLAB,
q04839,Best operating system for Programming Lab?,os_recommendation,Programming Lab,Ubuntu 24.04,,
q04840,List software supported by PCs in Block C.,reverse_software_lookup,Block C,,Blender,
q04841,What upgrades are required in Network Lab?,upgrade_planning,Network Lab,Fedora 42,AutoCAD,Storage
q04842,Which operating system is most suitable for AI Lab?,os_recommendation,AI Lab,Windows 10,,
q04843,Show PCs in AI Lab incompatible with Ubuntu 24.04.,os_compatibility_check,AI Lab,Ubuntu 24.04,,
q04844,Suggest an OS for computers in AI Lab.,os_recommendation,AI Lab,Ubuntu 24.04,,
q04845,Best operating system for Library?,os_recommendation,Library,Linux Mint 22,,
q04846,Which computers in Block C can run Fedora 42?,os_compatibility_check,Block C,Fedora 42,,
q04847,What upgrades are required in AI Lab?,upgrade_planning,AI Lab,Linux Mint 22,Blender,CPU
q04848,Can computers in Library run VMware Workstation?,software_compatibility_check,Library,,VMware Workstation,
q04849,Is PyCharm supported in Library?,software_compatibility_check,Library,,PyCharm,
q04850,Which systems support Blender in Block A?,software_compatibility_check,Block A,,Blender,
q04851,Which software can run on computers in AI Lab?,reverse_software_lookup,AI Lab,,MATLAB,
q04852,Which operating system is most suitable for Block C?,os_recommendation,Block C,Linux Mint 22,,
q04853,What upgrades are required in Library?,upgrade_planning,Library,Linux Mint 22,VMware Workstation,CPU
q04854,Which PCs in AI Lab have 8 GB RAM?,hardware_query,AI Lab,,,
q04855,What upgrades are required in Programming Lab?,upgrade_planning,Programming Lab,Debian 13,Blender,Storage
q04856,Find systems needing TPM.,upgrade_planning,Network Lab,Linux Mint 22,VMware Workstation,TPM
q04857,Can computers in Network Lab run VMware Workstation?,software_compatibility_check,Network Lab,,VMware Workstation,
q04858,Which PCs in Block B have 8 GB RAM?,hardware_query,Block B,,,
q04859,Which PCs in Library have 8 GB RAM?,hardware_query,Library,,,
q04860,Which systems support PyCharm in Library?,software_compatibility_check,Library,,PyCharm,
q04861,Find systems needing Secure Boot.,upgrade_planning,Lab 2,Linux Mint 22,MATLAB,Secure Boot
q04862,List software supported by PCs in AI Lab.,reverse_software_lookup,AI Lab,,MATLAB,
q04863,Display CPU details for Block C.,hardware_query,Block C,,,
q04864,Suggest an OS for computers in Lab 2.,os_recommendation,Lab 2,Fedora 42,,
q04865,Show PCs in Block C incompatible with Ubuntu 24.04.,os_compatibility_check,Block C,Ubuntu 24.04,,
q04866,Is Blender supported in Block B?,software_compatibility_check,Block B,,Blender,
q04867,Display CPU details for Block A.,hardware_query,Block A,,,
q04868,What applications are compatible with Network Lab computers?,reverse_software_lookup,Network Lab,,Blender,
q04869,Which computers need GPU for AutoCAD 2026?,upgrade_planning,Library,Debian 13,AutoCAD,GPU
q04870,Which PCs in Lab 2 have 8 GB RAM?,hardware_query,Lab 2,,,
q04871,List computers with SSD in Lab 1.,hardware_query,Lab 1,,,
q04872,Display CPU details for Lab 1.,hardware_query,Lab 1,,,
q04873,List computers with SSD in Lab 2.,hardware_query,Lab 2,,,
q04874,What upgrades are required in Programming Lab?,upgrade_planning,Programming Lab,Linux Mint 22,Android Studio,TPM
q04875,Is PyCharm supported in Block B?,software_compatibility_check,Block B,,PyCharm,
q04876,Is Android Studio supported in Block C?,software_compatibility_check,Block C,,Android Studio,
q04877,List computers with SSD in Network Lab.,hardware_query,Network Lab,,,
q04878,Display CPU details for Network Lab.,hardware_query,Network Lab,,,
q04879,Best operating system for Block C?,os_recommendation,Block C,Fedora 42,,
q04880,Which software can run on computers in Lab 2?,reverse_software_lookup,Lab 2,,AutoCAD,
q04881,Which PCs in Library have 8 GB RAM?,hardware_query,Library,,,
q04882,Which computers in Block C can run Linux Mint 22?,os_compatibility_check,Block C,Linux Mint 22,,
q04883,Which computers in Network Lab can run Debian 13?,os_compatibility_check,Network Lab,Debian 13,,
q04884,What upgrades are required in Programming Lab?,upgrade_planning,Programming Lab,Linux Mint 22,Blender,CPU
q04885,Which software can run on computers in Block B?,reverse_software_lookup,Block B,,Android Studio,
q04886,List computers with SSD in AI Lab.,hardware_query,AI Lab,,,
q04887,Which computers in AI Lab can run Windows 10?,os_compatibility_check,AI Lab,Windows 10,,
q04888,Best operating system for Block A?,os_recommendation,Block A,Ubuntu 24.04,,
q04889,Show PCs in Lab 1 incompatible with Linux Mint 22.,os_compatibility_check,Lab 1,Linux Mint 22,,
q04890,Best operating system for Block A?,os_recommendation,Block A,Windows 10,,
q04891,What upgrades are required in Lab 1?,upgrade_planning,Lab 1,Linux Mint 22,Blender,GPU
q04892,Can systems in Lab 1 support Debian 13?,os_compatibility_check,Lab 1,Debian 13,,
q04893,List computers with SSD in Block A.,hardware_query,Block A,,,
q04894,Best operating system for Block C?,os_recommendation,Block C,Ubuntu 24.04,,
q04895,Which software can run on computers in Lab 2?,reverse_software_lookup,Lab 2,,Blender,
q04896,Can computers in Programming Lab run Blender?,software_compatibility_check,Programming Lab,,Blender,
q04897,Recommend the best OS for Programming Lab.,os_recommendation,Programming Lab,Fedora 42,,
q04898,Which computers need Storage for PyCharm?,upgrade_planning,Lab 2,Ubuntu 24.04,PyCharm,Storage
q04899,Show PCs in Network Lab incompatible with Windows 10.,os_compatibility_check,Network Lab,Windows 10,,
q04900,Find software that runs on Network Lab.,reverse_software_lookup,Network Lab,,AutoCAD,
q04901,Which software can run on computers in Programming Lab?,reverse_software_lookup,Programming Lab,,Blender,
q04902,Find software that runs on Lab 1.,reverse_software_lookup,Lab 1,,Visual Studio Code,
q04903,Find software that runs on Library.,reverse_software_lookup,Library,,MATLAB,
q04904,Plan upgrades for Programming Lab to run Debian 13.,upgrade_planning,Programming Lab,Debian 13,Blender,Secure Boot
q04905,Is PyCharm supported in Block B?,software_compatibility_check,Block B,,PyCharm,
q04906,Display CPU details for Library.,hardware_query,Library,,,
q04907,Suggest an OS for computers in Network Lab.,os_recommendation,Network Lab,Fedora 42,,
q04908,Check Oracle Database compatibility for Block B.,software_compatibility_check,Block B,,Oracle Database,
q04909,Is VMware Workstation supported in Programming Lab?,software_compatibility_check,Programming Lab,,VMware Workstation,
q04910,What upgrades are required in Block A?,upgrade_planning,Block A,Ubuntu 24.04,MATLAB,TPM
q04911,What applications are compatible with AI Lab computers?,reverse_software_lookup,AI Lab,,Oracle Database,
q04912,Can systems in Block C support Windows 11?,os_compatibility_check,Block C,Windows 11,,
q04913,Can systems in AI Lab support Windows 10?,os_compatibility_check,AI Lab,Windows 10,,
q04914,Which PCs in Lab 2 have 8 GB RAM?,hardware_query,Lab 2,,,
q04915,Show hardware details for Lab 1.,hardware_query,Lab 1,,,
q04916,What applications are compatible with Block A computers?,reverse_software_lookup,Block A,,AutoCAD,
q04917,Show hardware details for Programming Lab.,hardware_query,Programming Lab,,,
q04918,Is AutoCAD 2026 supported in Block B?,software_compatibility_check,Block B,,AutoCAD,
q04919,Can systems in Programming Lab support Debian 13?,os_compatibility_check,Programming Lab,Debian 13,,
q04920,Show PCs in Library incompatible with Windows 11.,os_compatibility_check,Library,Windows 11,,
q04921,Can computers in Lab 2 run VMware Workstation?,software_compatibility_check,Lab 2,,VMware Workstation,
q04922,Recommend the best OS for Programming Lab.,os_recommendation,Programming Lab,Windows 11,,
q04923,List computers with SSD in AI Lab.,hardware_query,AI Lab,,,
q04924,Which computers need GPU for AutoCAD 2026?,upgrade_planning,Block B,Ubuntu 24.04,AutoCAD,GPU
q04925,Is VS Code supported in AI Lab?,software_compatibility_check,AI Lab,,Visual Studio Code,
q04926,Which computers need Storage for VMware Workstation?,upgrade_planning,Block B,Ubuntu 24.04,VMware Workstation,Storage
q04927,Suggest an OS for computers in Block B.,os_recommendation,Block B,Debian 13,,
q04928,Display CPU details for Programming Lab.,hardware_query,Programming Lab,,,
q04929,Recommend the best OS for Lab 1.,os_recommendation,Lab 1,Linux Mint 22,,
q04930,Best operating system for Block C?,os_recommendation,Block C,Windows 10,,
q04931,Can computers in Network Lab run Blender?,software_compatibility_check,Network Lab,,Blender,
q04932,Display CPU details for AI Lab.,hardware_query,AI Lab,,,
q04933,What applications are compatible with Lab 2 computers?,reverse_software_lookup,Lab 2,,VMware Workstation,
q04934,Which PCs in AI Lab have 8 GB RAM?,hardware_query,AI Lab,,,
q04935,Plan upgrades for Lab 1 to run Windows 10.,upgrade_planning,Lab 1,Windows 10,Oracle Database,RAM upgrade
q04936,Plan upgrades for Library to run Linux Mint 22.,upgrade_planning,Library,Linux Mint 22,VMware Workstation,GPU
q04937,Find software that runs on Library.,reverse_software_lookup,Library,,AutoCAD,
q04938,Display CPU details for Block B.,hardware_query,Block B,,,
q04939,Which software can run on computers in Block B?,reverse_software_lookup,Block B,,Blender,
q04940,What applications are compatible with Lab 1 computers?,reverse_software_lookup,Lab 1,,VMware Workstation,
q04941,Which systems support VS Code in Lab 2?,software_compatibility_check,Lab 2,,Visual Studio Code,
q04942,Which systems support Android Studio in Block B?,software_compatibility_check,Block B,,Android Studio,
q04943,Check AutoCAD 2026 compatibility for Block A.,software_compatibility_check,Block A,,AutoCAD,
q04944,Suggest an OS for computers in Lab 2.,os_recommendation,Lab 2,Windows 11,,
q04945,Plan upgrades for Network Lab to run Fedora 42.,upgrade_planning,Network Lab,Fedora 42,PyCharm,RAM upgrade
q04946,Find systems needing RAM upgrade.,upgrade_planning,AI Lab,Linux Mint 22,PyCharm,RAM upgrade
q04947,Which PCs in Network Lab have 8 GB RAM?,hardware_query,Network Lab,,,
q04948,Check MATLAB compatibility for Block A.,software_compatibility_check,Block A,,MATLAB,
q04949,Find software that runs on Block A.,reverse_software_lookup,Block A,,PyCharm,
q04950,Can systems in Lab 1 support Windows 10?,os_compatibility_check,Lab 1,Windows 10,,
q04951,Which software can run on computers in Block B?,reverse_software_lookup,Block B,,PyCharm,
q04952,What upgrades are required in Lab 2?,upgrade_planning,Lab 2,Debian 13,Android Studio,GPU
q04953,Is AutoCAD 2026 supported in Library?,software_compatibility_check,Library,,AutoCAD,
q04954,Which systems support MATLAB in AI Lab?,software_compatibility_check,AI Lab,,MATLAB,
q04955,Suggest an OS for computers in Network Lab.,os_recommendation,Network Lab,Linux Mint 22,,
q04956,Which computers in Lab 1 can run Fedora 42?,os_compatibility_check,Lab 1,Fedora 42,,
q04957,List machines in Lab 1 that meet Fedora 42 requirements.,os_compatibility_check,Lab 1,Fedora 42,,
q04958,Which software can run on computers in Lab 2?,reverse_software_lookup,Lab 2,,Visual Studio Code,
q04959,What applications are compatible with Lab 2 computers?,reverse_software_lookup,Lab 2,,PyCharm,
q04960,Find software that runs on Programming Lab.,reverse_software_lookup,Programming Lab,,Android Studio,
q04961,Can computers in Block B run PyCharm?,software_compatibility_check,Block B,,PyCharm,
q04962,Which computers in Library can run Fedora 42?,os_compatibility_check,Library,Fedora 42,,
q04963,Suggest an OS for computers in AI Lab.,os_recommendation,AI Lab,Windows 11,,
q04964,Check VMware Workstation compatibility for Block C.,software_compatibility_check,Block C,,VMware Workstation,
q04965,Which computers need TPM for VMware Workstation?,upgrade_planning,Network Lab,Windows 11,VMware Workstation,TPM
q04966,Suggest an OS for computers in Block B.,os_recommendation,Block B,Windows 11,,
q04967,Which systems support VMware Workstation in Library?,software_compatibility_check,Library,,VMware Workstation,
q04968,What applications are compatible with Block C computers?,reverse_software_lookup,Block C,,PyCharm,
q04969,Can computers in Lab 2 run VMware Workstation?,software_compatibility_check,Lab 2,,VMware Workstation,
q04970,Is PyCharm supported in Network Lab?,software_compatibility_check,Network Lab,,PyCharm,
q04971,What upgrades are required in Block C?,upgrade_planning,Block C,Fedora 42,VMware Workstation,RAM upgrade
q04972,Which systems support MATLAB in Block C?,software_compatibility_check,Block C,,MATLAB,
q04973,Recommend the best OS for Lab 2.,os_recommendation,Lab 2,Fedora 42,,
q04974,Which software can run on computers in Lab 2?,reverse_software_lookup,Lab 2,,VMware Workstation,
q04975,Which PCs in Lab 1 have 8 GB RAM?,hardware_query,Lab 1,,,
q04976,Recommend the best OS for Block C.,os_recommendation,Block C,Ubuntu 24.04,,
q04977,Plan upgrades for Programming Lab to run Windows 10.,upgrade_planning,Programming Lab,Windows 10,Android Studio,Storage
q04978,List computers with SSD in Block B.,hardware_query,Block B,,,
q04979,Check MATLAB compatibility for Block B.,software_compatibility_check,Block B,,MATLAB,
q04980,Can computers in Block A run Oracle Database?,software_compatibility_check,Block A,,Oracle Database,
q04981,Find software that runs on Block C.,reverse_software_lookup,Block C,,Oracle Database,
q04982,Plan upgrades for Block B to run Windows 11.,upgrade_planning,Block B,Windows 11,Android Studio,Secure Boot
q04983,Which PCs in Lab 1 have 8 GB RAM?,hardware_query,Lab 1,,,
q04984,Which PCs in Library have 8 GB RAM?,hardware_query,Library,,,
q04985,Which software can run on computers in Network Lab?,reverse_software_lookup,Network Lab,,VMware Workstation,
q04986,What upgrades are required in Lab 2?,upgrade_planning,Lab 2,Fedora 42,AutoCAD,Secure Boot
q04987,Show hardware details for AI Lab.,hardware_query,AI Lab,,,
q04988,Plan upgrades for Programming Lab to run Fedora 42.,upgrade_planning,Programming Lab,Fedora 42,VMware Workstation,Storage
q04989,List computers with SSD in Network Lab.,hardware_query,Network Lab,,,
q04990,Is MATLAB supported in Programming Lab?,software_compatibility_check,Programming Lab,,MATLAB,
q04991,Is Android Studio supported in Block A?,software_compatibility_check,Block A,,Android Studio,
q04992,List computers with SSD in Library.,hardware_query,Library,,,
q04993,Which systems support VMware Workstation in AI Lab?,software_compatibility_check,AI Lab,,VMware Workstation,
q04994,Which computers need GPU for Android Studio?,upgrade_planning,Lab 1,Ubuntu 24.04,Android Studio,GPU
q04995,Show PCs in AI Lab incompatible with Fedora 42.,os_compatibility_check,AI Lab,Fedora 42,,
q04996,Which computers need Storage for PyCharm?,upgrade_planning,Lab 1,Ubuntu 24.04,PyCharm,Storage
q04997,Find software that runs on Lab 1.,reverse_software_lookup,Lab 1,,Android Studio,
q04998,Show hardware details for AI Lab.,hardware_query,AI Lab,,,
q04999,Show PCs in AI Lab incompatible with Debian 13.,os_compatibility_check,AI Lab,Debian 13,,
q05000,Can computers in Network Lab run Blender?,software_compatibility_check,Network Lab,,Blender,
q05001,Which operating system is most suitable for Block B?,os_recommendation,Block B,Debian 13,,
q05002,List software supported by PCs in Block C.,reverse_software_lookup,Block C,,VMware Workstation,
q05003,Can systems in Lab 1 support Linux Mint 22?,os_compatibility_check,Lab 1,Linux Mint 22,,
q05004,Display CPU details for Library.,hardware_query,Library,,,
q05005,What upgrades are required in Block B?,upgrade_planning,Block B,Fedora 42,AutoCAD,RAM upgrade
q05006,Which PCs in Block C have 8 GB RAM?,hardware_query,Block C,,,
q05007,What upgrades are required in Block C?,upgrade_planning,Block C,Ubuntu 24.04,PyCharm,TPM
q05008,Show PCs in AI Lab incompatible with Windows 10.,os_compatibility_check,AI Lab,Windows 10,,
q05009,Which PCs in Block B have 8 GB RAM?,hardware_query,Block B,,,
q05010,Which software can run on computers in Block C?,reverse_software_lookup,Block C,,AutoCAD,
q05011,Show hardware details for Block B.,hardware_query,Block B,,,
q05012,Recommend the best OS for Block B.,os_recommendation,Block B,Linux Mint 22,,
q05013,Show hardware details for Block C.,hardware_query,Block C,,,
q05014,What applications are compatible with Block A computers?,reverse_software_lookup,Block A,,Android Studio,
q05015,Display CPU details for Block A.,hardware_query,Block A,,,
q05016,What applications are compatible with Network Lab computers?,reverse_software_lookup,Network Lab,,MATLAB,
q05017,Display CPU details for Block B.,hardware_query,Block B,,,
q05018,Which PCs in Lab 1 have 8 GB RAM?,hardware_query,Lab 1,,,
q05019,Is Android Studio supported in Library?,software_compatibility_check,Library,,Android Studio,
q05020,Which systems support Android Studio in AI Lab?,software_compatibility_check,AI Lab,,Android Studio,
q05021,Which operating system is most suitable for Programming Lab?,os_recommendation,Programming Lab,Debian 13,,
q05022,What upgrades are required in Block C?,upgrade_planning,Block C,Debian 13,Blender,Secure Boot
q05023,Plan upgrades for Block A to run Ubuntu 24.04.,upgrade_planning,Block A,Ubuntu 24.04,Visual Studio Code,TPM
q05024,List software supported by PCs in Block A.,reverse_software_lookup,Block A,,Visual Studio Code,
q05025,List computers with SSD in Library.,hardware_query,Library,,,
q05026,Which software can run on computers in Library?,reverse_software_lookup,Library,,VMware Workstation,
q05027,Best operating system for Programming Lab?,os_recommendation,Programming Lab,Windows 11,,
q05028,Plan upgrades for Lab 1 to run Windows 10.,upgrade_planning,Lab 1,Windows 10,Oracle Database,Secure Boot
q05029,Suggest an OS for computers in AI Lab.,os_recommendation,AI Lab,Linux Mint 22,,
q05030,Show hardware details for Programming Lab.,hardware_query,Programming Lab,,,
q05031,Is Oracle Database supported in Block C?,software_compatibility_check,Block C,,Oracle Database,
q05032,What upgrades are required in Library?,upgrade_planning,Library,Linux Mint 22,PyCharm,Storage
q05033,What applications are compatible with AI Lab computers?,reverse_software_lookup,AI Lab,,Visual Studio Code,
q05034,Can computers in AI Lab run Oracle Database?,software_compatibility_check,AI Lab,,Oracle Database,
q05035,What applications are compatible with Block C computers?,reverse_software_lookup,Block C,,AutoCAD,
q05036,Check AutoCAD 2026 compatibility for Block B.,software_compatibility_check,Block B,,AutoCAD,
q05037,Display CPU details for Lab 1.,hardware_query,Lab 1,,,
q05038,Can computers in Programming Lab run VS Code?,software_compatibility_check,Programming Lab,,Visual Studio Code,
q05039,List computers with SSD in Network Lab.,hardware_query,Network Lab,,,
q05040,Which computers need TPM for Android Studio?,upgrade_planning,AI Lab,Windows 11,Android Studio,TPM
q05041,Plan upgrades for Block B to run Debian 13.,upgrade_planning,Block B,Debian 13,AutoCAD,TPM
q05042,Can systems in AI Lab support Ubuntu 24.04?,os_compatibility_check,AI Lab,Ubuntu 24.04,,
q05043,Which systems support Blender in AI Lab?,software_compatibility_check,AI Lab,,Blender,
q05044,Which operating system is most suitable for Network Lab?,os_recommendation,Network Lab,Windows 11,,
q05045,Can systems in Lab 2 support Linux Mint 22?,os_compatibility_check,Lab 2,Linux Mint 22,,
q05046,Display CPU details for Network Lab.,hardware_query,Network Lab,,,
q05047,Which computers in Block C can run Windows 11?,os_compatibility_check,Block C,Windows 11,,
q05048,Which operating system is most suitable for Library?,os_recommendation,Library,Windows 11,,
q05049,Which computers need TPM for Blender?,upgrade_planning,AI Lab,Windows 11,Blender,TPM
q05050,Show hardware details for Lab 2.,hardware_query,Lab 2,,,
q05051,List software supported by PCs in Block C.,reverse_software_lookup,Block C,,Android Studio,
q05052,List software supported by PCs in Network Lab.,reverse_software_lookup,Network Lab,,MATLAB,
q05053,Which computers in Block C can run Windows 11?,os_compatibility_check,Block C,Windows 11,,
q05054,List machines in Lab 2 that meet Debian 13 requirements.,os_compatibility_check,Lab 2,Debian 13,,
q05055,Which PCs in Programming Lab have 8 GB RAM?,hardware_query,Programming Lab,,,
q05056,Check Oracle Database compatibility for Block B.,software_compatibility_check,Block B,,Oracle Database,
q05057,Display CPU details for Block B.,hardware_query,Block B,,,
q05058,Which computers in Lab 2 can run Linux Mint 22?,os_compatibility_check,Lab 2,Linux Mint 22,,
q05059,What applications are compatible with AI Lab computers?,reverse_software_lookup,AI Lab,,Visual Studio Code,
q05060,Which PCs in Lab 2 have 8 GB RAM?,hardware_query,Lab 2,,,
q05061,Which PCs in AI Lab have 8 GB RAM?,hardware_query,AI Lab,,,
q05062,Show PCs in Network Lab incompatible with Fedora 42.,os_compatibility_check,Network Lab,Fedora 42,,
q05063,List machines in Library that meet Fedora 42 requirements.,os_compatibility_check,Library,Fedora 42,,
q05064,Display CPU details for Block A.,hardware_query,Block A,,,
q05065,What upgrades are required in Block C?,upgrade_planning,Block C,Windows 10,AutoCAD,Secure Boot
q05066,Suggest an OS for computers in Programming Lab.,os_recommendation,Programming Lab,Linux Mint 22,,
q05067,Which computers need Secure Boot for Oracle Database?,upgrade_planning,Lab 2,Windows 10,Oracle Database,Secure Boot
q05068,List software supported by PCs in Block C.,reverse_software_lookup,Block C,,Blender,
q05069,What applications are compatible with Network Lab computers?,reverse_software_lookup,Network Lab,,MATLAB,
q05070,Check MATLAB compatibility for Block A.,software_compatibility_check,Block A,,MATLAB,
q05071,What applications are compatible with Block C computers?,reverse_software_lookup,Block C,,AutoCAD,
q05072,List machines in Block A that meet Debian 13 requirements.,os_compatibility_check,Block A,Debian 13,,
q05073,Display CPU details for Network Lab.,hardware_query,Network Lab,,,
q05074,List computers with SSD in AI Lab.,hardware_query,AI Lab,,,
q05075,Display CPU details for Lab 2.,hardware_query,Lab 2,,,
q05076,Best operating system for AI Lab?,os_recommendation,AI Lab,Ubuntu 24.04,,
q05077,List computers with SSD in Block A.,hardware_query,Block A,,,
q05078,Show PCs in AI Lab incompatible with Fedora 42.,os_compatibility_check,AI Lab,Fedora 42,,
q05079,Suggest an OS for computers in Network Lab.,os_recommendation,Network Lab,Linux Mint 22,,
q05080,Can computers in Lab 2 run VMware Workstation?,software_compatibility_check,Lab 2,,VMware Workstation,
q05081,Find systems needing GPU.,upgrade_planning,AI Lab,Linux Mint 22,Android Studio,GPU
q05082,Which systems support AutoCAD 2026 in Lab 1?,software_compatibility_check,Lab 1,,AutoCAD,
q05083,Which PCs in Block A have 8 GB RAM?,hardware_query,Block A,,,
q05084,Which PCs in Lab 2 have 8 GB RAM?,hardware_query,Lab 2,,,
q05085,Can computers in Programming Lab run Blender?,software_compatibility_check,Programming Lab,,Blender,
q05086,Find systems needing Storage.,upgrade_planning,Block B,Fedora 42,MATLAB,Storage
q05087,List software supported by PCs in Library.,reverse_software_lookup,Library,,PyCharm,
q05088,Recommend the best OS for Network Lab.,os_recommendation,Network Lab,Fedora 42,,
q05089,List computers with SSD in Block B.,hardware_query,Block B,,,
q05090,Show hardware details for Block C.,hardware_query,Block C,,,
q05091,Find software that runs on Lab 1.,reverse_software_lookup,Lab 1,,Visual Studio Code,
q05092,Find systems needing TPM.,upgrade_planning,Block C,Windows 10,AutoCAD,TPM
q05093,Which systems support AutoCAD 2026 in AI Lab?,software_compatibility_check,AI Lab,,AutoCAD,
q05094,Plan upgrades for Block A to run Windows 11.,upgrade_planning,Block A,Windows 11,Visual Studio Code,Storage
q05095,Can computers in Network Lab run Android Studio?,software_compatibility_check,Network Lab,,Android Studio,
q05096,Which computers in Block A can run Windows 10?,os_compatibility_check,Block A,Windows 10,,
q05097,Recommend the best OS for AI Lab.,os_recommendation,AI Lab,Windows 11,,
q05098,Which software can run on computers in Block A?,reverse_software_lookup,Block A,,Visual Studio Code,
q05099,Best operating system for Lab 1?,os_recommendation,Lab 1,Linux Mint 22,,
q05100,List computers with SSD in Block A.,hardware_query,Block A,,,
q05101,Plan upgrades for Library to run Windows 10.,upgrade_planning,Library,Windows 10,Blender,Storage
q05102,Is MATLAB supported in Block B?,software_compatibility_check,Block B,,MATLAB,
q05103,List software supported by PCs in Network Lab.,reverse_software_lookup,Network Lab,,Blender,
q05104,Show hardware details for Library.,hardware_query,Library,,,
q05105,Find systems needing GPU.,upgrade_planning,Block C,Ubuntu 24.04,VMware Workstation,GPU
q05106,Which computers need RAM upgrade for MATLAB?,upgrade_planning,Lab 1,Debian 13,MATLAB,RAM upgrade
q05107,Can systems in Lab 1 support Windows 11?,os_compatibility_check,Lab 1,Windows 11,,
q05108,Check AutoCAD 2026 compatibility for Network Lab.,software_compatibility_check,Network Lab,,AutoCAD,
q05109,What applications are compatible with Programming Lab computers?,reverse_software_lookup,Programming Lab,,Oracle Database,
q05110,Which computers in AI Lab can run Fedora 42?,os_compatibility_check,AI Lab,Fedora 42,,
q05111,Plan upgrades for Block B to run Debian 13.,upgrade_planning,Block B,Debian 13,MATLAB,RAM upgrade
q05112,Show PCs in Library incompatible with Windows 10.,os_compatibility_check,Library,Windows 10,,
q05113,Which PCs in Programming Lab have 8 GB RAM?,hardware_query,Programming Lab,,,
q05114,Check Oracle Database compatibility for Lab 2.,software_compatibility_check,Lab 2,,Oracle Database,
q05115,Can computers in Block B run Android Studio?,software_compatibility_check,Block B,,Android Studio,
q05116,Which computers need Secure Boot for AutoCAD 2026?,upgrade_planning,Network Lab,Ubuntu 24.04,AutoCAD,Secure Boot
q05117,Is VS Code supported in AI Lab?,software_compatibility_check,AI Lab,,Visual Studio Code,
q05118,Find software that runs on Block B.,reverse_software_lookup,Block B,,AutoCAD,
q05119,Which PCs in Programming Lab have 8 GB RAM?,hardware_query,Programming Lab,,,
q05120,Can computers in Programming Lab run AutoCAD 2026?,software_compatibility_check,Programming Lab,,AutoCAD,
q05121,Which computers need TPM for Oracle Database?,upgrade_planning,Block B,Linux Mint 22,Oracle Database,TPM
q05122,Find software that runs on Programming Lab.,reverse_software_lookup,Programming Lab,,MATLAB,
q05123,List computers with SSD in Programming Lab.,hardware_query,Programming Lab,,,
q05124,List computers with SSD in Network Lab.,hardware_query,Network Lab,,,
q05125,Plan upgrades for Block B to run Debian 13.,upgrade_planning,Block B,Debian 13,Blender,TPM
q05126,Which computers need TPM for MATLAB?,upgrade_planning,Library,Linux Mint 22,MATLAB,TPM
q05127,Which computers in Network Lab can run Windows 11?,os_compatibility_check,Network Lab,Windows 11,,
q05128,Best operating system for Network Lab?,os_recommendation,Network Lab,Windows 10,,
q05129,Find software that runs on Block C.,reverse_software_lookup,Block C,,Visual Studio Code,
q05130,List machines in AI Lab that meet Windows 11 requirements.,os_compatibility_check,AI Lab,Windows 11,,
q05131,Can systems in Library support Linux Mint 22?,os_compatibility_check,Library,Linux Mint 22,,
q05132,List machines in AI Lab that meet Fedora 42 requirements.,os_compatibility_check,AI Lab,Fedora 42,,
q05133,Which operating system is most suitable for Library?,os_recommendation,Library,Debian 13,,
q05134,Is VMware Workstation supported in Programming Lab?,software_compatibility_check,Programming Lab,,VMware Workstation,
q05135,Can computers in AI Lab run VMware Workstation?,software_compatibility_check,AI Lab,,VMware Workstation,
q05136,Can systems in Library support Windows 11?,os_compatibility_check,Library,Windows 11,,
q05137,Is Android Studio supported in Lab 1?,software_compatibility_check,Lab 1,,Android Studio,
q05138,List computers with SSD in Library.,hardware_query,Library,,,
q05139,Which systems support AutoCAD 2026 in Lab 2?,software_compatibility_check,Lab 2,,AutoCAD,
q05140,Which operating system is most suitable for Network Lab?,os_recommendation,Network Lab,Windows 10,,
q05141,Is Blender supported in AI Lab?,software_compatibility_check,AI Lab,,Blender,
q05142,Show hardware details for AI Lab.,hardware_query,AI Lab,,,
q05143,Which systems support VS Code in Lab 2?,software_compatibility_check,Lab 2,,Visual Studio Code,
q05144,Which PCs in Lab 2 have 8 GB RAM?,hardware_query,Lab 2,,,
q05145,List machines in Block A that meet Windows 10 requirements.,os_compatibility_check,Block A,Windows 10,,
q05146,What applications are compatible with Programming Lab computers?,reverse_software_lookup,Programming Lab,,PyCharm,
q05147,List software supported by PCs in Lab 1.,reverse_software_lookup,Lab 1,,Visual Studio Code,
q05148,Which software can run on computers in Network Lab?,reverse_software_lookup,Network Lab,,Visual Studio Code,
q05149,List software supported by PCs in Lab 2.,reverse_software_lookup,Lab 2,,Visual Studio Code,
q05150,Find software that runs on Library.,reverse_software_lookup,Library,,Oracle Database,
q05151,What upgrades are required in Lab 1?,upgrade_planning,Lab 1,Debian 13,AutoCAD,Storage
q05152,Which systems support AutoCAD 2026 in Network Lab?,software_compatibility_check,Network Lab,,AutoCAD,
q05153,Find systems needing Storage.,upgrade_planning,Programming Lab,Linux Mint 22,Oracle Database,Storage
q05154,What upgrades are required in Programming Lab?,upgrade_planning,Programming Lab,Debian 13,Oracle Database,RAM upgrade
q05155,Find software that runs on Block C.,reverse_software_lookup,Block C,,VMware Workstation,
q05156,List software supported by PCs in Block B.,reverse_software_lookup,Block B,,Visual Studio Code,
q05157,Is VMware Workstation supported in Block B?,software_compatibility_check,Block B,,VMware Workstation,
q05158,Show hardware details for Lab 1.,hardware_query,Lab 1,,,
q05159,Find software that runs on Programming Lab.,reverse_software_lookup,Programming Lab,,Blender,
q05160,Find software that runs on Lab 2.,reverse_software_lookup,Lab 2,,Visual Studio Code,
q05161,Is AutoCAD 2026 supported in Block A?,software_compatibility_check,Block A,,AutoCAD,
q05162,Which PCs in Block C have 8 GB RAM?,hardware_query,Block C,,,
q05163,Can computers in Block B run Blender?,software_compatibility_check,Block B,,Blender,
q05164,Which systems support Blender in Block C?,software_compatibility_check,Block C,,Blender,
q05165,What applications are compatible with Programming Lab computers?,reverse_software_lookup,Programming Lab,,Android Studio,
q05166,Which PCs in Lab 2 have 8 GB RAM?,hardware_query,Lab 2,,,
q05167,Show PCs in Programming Lab incompatible with Windows 10.,os_compatibility_check,Programming Lab,Windows 10,,
q05168,Show PCs in Lab 1 incompatible with Windows 10.,os_compatibility_check,Lab 1,Windows 10,,
q05169,Check Oracle Database compatibility for Library.,software_compatibility_check,Library,,Oracle Database,
q05170,Plan upgrades for Network Lab to run Windows 10.,upgrade_planning,Network Lab,Windows 10,AutoCAD,Secure Boot
q05171,Can systems in Network Lab support Ubuntu 24.04?,os_compatibility_check,Network Lab,Ubuntu 24.04,,
q05172,Show PCs in Block B incompatible with Debian 13.,os_compatibility_check,Block B,Debian 13,,
q05173,List computers with SSD in Lab 2.,hardware_query,Lab 2,,,
q05174,Which computers in Block B can run Linux Mint 22?,os_compatibility_check,Block B,Linux Mint 22,,
q05175,Which software can run on computers in Lab 1?,reverse_software_lookup,Lab 1,,Visual Studio Code,
q05176,Find systems needing RAM upgrade.,upgrade_planning,Block B,Linux Mint 22,PyCharm,RAM upgrade
q05177,Plan upgrades for Lab 1 to run Ubuntu 24.04.,upgrade_planning,Lab 1,Ubuntu 24.04,VMware Workstation,Storage
q05178,List software supported by PCs in Lab 1.,reverse_software_lookup,Lab 1,,MATLAB,
q05179,Check Oracle Database compatibility for Programming Lab.,software_compatibility_check,Programming Lab,,Oracle Database,
q05180,Find software that runs on Programming Lab.,reverse_software_lookup,Programming Lab,,Android Studio,
q05181,Plan upgrades for Block B to run Windows 11.,upgrade_planning,Block B,Windows 11,Oracle Database,Secure Boot
q05182,Display CPU details for Network Lab.,hardware_query,Network Lab,,,
q05183,Which software can run on computers in Lab 2?,reverse_software_lookup,Lab 2,,MATLAB,
q05184,Show hardware details for AI Lab.,hardware_query,AI Lab,,,
q05185,Plan upgrades for Library to run Windows 10.,upgrade_planning,Library,Windows 10,MATLAB,RAM upgrade
q05186,Recommend the best OS for Network Lab.,os_recommendation,Network Lab,Windows 10,,
q05187,Check AutoCAD 2026 compatibility for Library.,software_compatibility_check,Library,,AutoCAD,
q05188,What upgrades are required in Block B?,upgrade_planning,Block B,Ubuntu 24.04,Visual Studio Code,GPU
q05189,Best operating system for Block C?,os_recommendation,Block C,Ubuntu 24.04,,
q05190,Find software that runs on Block B.,reverse_software_lookup,Block B,,PyCharm,
q05191,Which operating system is most suitable for Network Lab?,os_recommendation,Network Lab,Windows 10,,
q05192,Check PyCharm compatibility for Lab 1.,software_compatibility_check,Lab 1,,PyCharm,
q05193,Best operating system for Library?,os_recommendation,Library,Debian 13,,
q05194,Show PCs in AI Lab incompatible with Linux Mint 22.,os_compatibility_check,AI Lab,Linux Mint 22,,
q05195,Plan upgrades for Library to run Linux Mint 22.,upgrade_planning,Library,Linux Mint 22,Android Studio,Secure Boot
q05196,Find software that runs on Block A.,reverse_software_lookup,Block A,,Oracle Database,
q05197,Check MATLAB compatibility for Programming Lab.,software_compatibility_check,Programming Lab,,MATLAB,
q05198,Which operating system is most suitable for Network Lab?,os_recommendation,Network Lab,Windows 10,,
q05199,Check VMware Workstation compatibility for Block C.,software_compatibility_check,Block C,,VMware Workstation,
q05200,Which computers in Lab 2 can run Windows 10?,os_compatibility_check,Lab 2,Windows 10,,
q05201,Recommend the best OS for Programming Lab.,os_recommendation,Programming Lab,Debian 13,,
q05202,List computers with SSD in Lab 2.,hardware_query,Lab 2,,,
q05203,Show PCs in AI Lab incompatible with Linux Mint 22.,os_compatibility_check,AI Lab,Linux Mint 22,,
q05204,Find software that runs on Library.,reverse_software_lookup,Library,,Blender,
q05205,Find software that runs on AI Lab.,reverse_software_lookup,AI Lab,,VMware Workstation,
q05206,Which computers need GPU for PyCharm?,upgrade_planning,Lab 1,Windows 10,PyCharm,GPU
q05207,Which software can run on computers in Programming Lab?,reverse_software_lookup,Programming Lab,,Oracle Database,
q05208,List machines in Block B that meet Linux Mint 22 requirements.,os_compatibility_check,Block B,Linux Mint 22,,
q05209,Is VS Code supported in Block C?,software_compatibility_check,Block C,,Visual Studio Code,
q05210,Is Android Studio supported in Block B?,software_compatibility_check,Block B,,Android Studio,
q05211,Recommend the best OS for Lab 1.,os_recommendation,Lab 1,Debian 13,,
q05212,Which computers need Storage for MATLAB?,upgrade_planning,Block B,Windows 11,MATLAB,Storage
q05213,Find software that runs on Library.,reverse_software_lookup,Library,,Visual Studio Code,
q05214,Which PCs in Block B have 8 GB RAM?,hardware_query,Block B,,,
q05215,What upgrades are required in Block B?,upgrade_planning,Block B,Windows 10,PyCharm,Secure Boot
q05216,What upgrades are required in Block B?,upgrade_planning,Block B,Ubuntu 24.04,Oracle Database,RAM upgrade
q05217,Which operating system is most suitable for Programming Lab?,os_recommendation,Programming Lab,Windows 10,,
q05218,List machines in Library that meet Debian 13 requirements.,os_compatibility_check,Library,Debian 13,,
q05219,List machines in Block B that meet Windows 10 requirements.,os_compatibility_check,Block B,Windows 10,,
q05220,Find systems needing GPU.,upgrade_planning,Library,Fedora 42,Visual Studio Code,GPU
q05221,Which operating system is most suitable for Lab 1?,os_recommendation,Lab 1,Fedora 42,,
q05222,Best operating system for Lab 2?,os_recommendation,Lab 2,Debian 13,,
q05223,Check Blender compatibility for Block A.,software_compatibility_check,Block A,,Blender,
q05224,Can systems in Block B support Windows 10?,os_compatibility_check,Block B,Windows 10,,
q05225,Is Android Studio supported in Block A?,software_compatibility_check,Block A,,Android Studio,
q05226,Show PCs in Block B incompatible with Ubuntu 24.04.,os_compatibility_check,Block B,Ubuntu 24.04,,
q05227,Which PCs in Network Lab have 8 GB RAM?,hardware_query,Network Lab,,,
q05228,Which computers need Secure Boot for AutoCAD 2026?,upgrade_planning,AI Lab,Linux Mint 22,AutoCAD,Secure Boot
q05229,Suggest an OS for computers in AI Lab.,os_recommendation,AI Lab,Windows 11,,
q05230,Which software can run on computers in Block A?,reverse_software_lookup,Block A,,VMware Workstation,
q05231,List machines in Block B that meet Linux Mint 22 requirements.,os_compatibility_check,Block B,Linux Mint 22,,
q05232,Which operating system is most suitable for Programming Lab?,os_recommendation,Programming Lab,Fedora 42,,
q05233,Which systems support Android Studio in Lab 1?,software_compatibility_check,Lab 1,,Android Studio,
q05234,Which operating system is most suitable for Library?,os_recommendation,Library,Fedora 42,,
q05235,Show hardware details for AI Lab.,hardware_query,AI Lab,,,
q05236,Which software can run on computers in Lab 1?,reverse_software_lookup,Lab 1,,Oracle Database,
q05237,Plan upgrades for Block B to run Windows 11.,upgrade_planning,Block B,Windows 11,Android Studio,CPU
q05238,What applications are compatible with AI Lab computers?,reverse_software_lookup,AI Lab,,VMware Workstation,
q05239,Plan upgrades for Block A to run Linux Mint 22.,upgrade_planning,Block A,Linux Mint 22,PyCharm,CPU
q05240,Which computers in Programming Lab can run Linux Mint 22?,os_compatibility_check,Programming Lab,Linux Mint 22,,
q05241,Show PCs in Block A incompatible with Linux Mint 22.,os_compatibility_check,Block A,Linux Mint 22,,
q05242,Check PyCharm compatibility for Block C.,software_compatibility_check,Block C,,PyCharm,
q05243,Can computers in Block C run AutoCAD 2026?,software_compatibility_check,Block C,,AutoCAD,
q05244,List software supported by PCs in Block A.,reverse_software_lookup,Block A,,Android Studio,
q05245,Best operating system for Block C?,os_recommendation,Block C,Debian 13,,
q05246,Display CPU details for AI Lab.,hardware_query,AI Lab,,,
q05247,Which operating system is most suitable for Block A?,os_recommendation,Block A,Linux Mint 22,,
q05248,Plan upgrades for Library to run Windows 10.,upgrade_planning,Library,Windows 10,VMware Workstation,CPU
q05249,List computers with SSD in Network Lab.,hardware_query,Network Lab,,,
q05250,Which operating system is most suitable for AI Lab?,os_recommendation,AI Lab,Linux Mint 22,,
q05251,Find software that runs on Library.,reverse_software_lookup,Library,,PyCharm,
q05252,Show PCs in Block C incompatible with Fedora 42.,os_compatibility_check,Block C,Fedora 42,,
q05253,Can computers in Block A run Oracle Database?,software_compatibility_check,Block A,,Oracle Database,
q05254,Show hardware details for AI Lab.,hardware_query,AI Lab,,,
q05255,Can systems in Library support Linux Mint 22?,os_compatibility_check,Library,Linux Mint 22,,
q05256,What applications are compatible with AI Lab computers?,reverse_software_lookup,AI Lab,,MATLAB,
q05257,Which PCs in Programming Lab have 8 GB RAM?,hardware_query,Programming Lab,,,
q05258,Is MATLAB supported in Network Lab?,software_compatibility_check,Network Lab,,MATLAB,
q05259,List machines in Block C that meet Windows 11 requirements.,os_compatibility_check,Block C,Windows 11,,
q05260,List computers with SSD in Lab 1.,hardware_query,Lab 1,,,
q05261,List computers with SSD in Programming Lab.,hardware_query,Programming Lab,,,
q05262,Show hardware details for Lab 2.,hardware_query,Lab 2,,,
q05263,List machines in Programming Lab that meet Ubuntu 24.04 requirements.,os_compatibility_check,Programming Lab,Ubuntu 24.04,,
q05264,Is VMware Workstation supported in Block C?,software_compatibility_check,Block C,,VMware Workstation,
q05265,Which computers need GPU for PyCharm?,upgrade_planning,Programming Lab,Linux Mint 22,PyCharm,GPU
q05266,Recommend the best OS for Lab 1.,os_recommendation,Lab 1,Debian 13,,
q05267,Which software can run on computers in AI Lab?,reverse_software_lookup,AI Lab,,AutoCAD,
q05268,Display CPU details for Programming Lab.,hardware_query,Programming Lab,,,
q05269,What applications are compatible with Block C computers?,reverse_software_lookup,Block C,,VMware Workstation,
q05270,Display CPU details for Lab 1.,hardware_query,Lab 1,,,
q05271,Show PCs in Lab 1 incompatible with Windows 11.,os_compatibility_check,Lab 1,Windows 11,,
q05272,Suggest an OS for computers in Lab 2.,os_recommendation,Lab 2,Debian 13,,
q05273,Which operating system is most suitable for Block B?,os_recommendation,Block B,Fedora 42,,
q05274,Which computers need Storage for VS Code?,upgrade_planning,Block C,Linux Mint 22,Visual Studio Code,Storage
q05275,List computers with SSD in Programming Lab.,hardware_query,Programming Lab,,,
q05276,Is Blender supported in Block A?,software_compatibility_check,Block A,,Blender,
q05277,What applications are compatible with Block C computers?,reverse_software_lookup,Block C,,Android Studio,
q05278,List machines in Block C that meet Ubuntu 24.04 requirements.,os_compatibility_check,Block C,Ubuntu 24.04,,
q05279,Show hardware details for Network Lab.,hardware_query,Network Lab,,,
q05280,Is Blender supported in Library?,software_compatibility_check,Library,,Blender,
q05281,Check Android Studio compatibility for Library.,software_compatibility_check,Library,,Android Studio,
q05282,Show hardware details for Network Lab.,hardware_query,Network Lab,,,
q05283,Plan upgrades for Network Lab to run Linux Mint 22.,upgrade_planning,Network Lab,Linux Mint 22,Android Studio,GPU
q05284,Plan upgrades for Programming Lab to run Debian 13.,upgrade_planning,Programming Lab,Debian 13,AutoCAD,GPU
q05285,Which computers in Lab 1 can run Windows 11?,os_compatibility_check,Lab 1,Windows 11,,
q05286,Find software that runs on Network Lab.,reverse_software_lookup,Network Lab,,Visual Studio Code,
q05287,List machines in Lab 2 that meet Ubuntu 24.04 requirements.,os_compatibility_check,Lab 2,Ubuntu 24.04,,
q05288,Find software that runs on Lab 2.,reverse_software_lookup,Lab 2,,Oracle Database,
q05289,Is Oracle Database supported in Programming Lab?,software_compatibility_check,Programming Lab,,Oracle Database,
q05290,Check Android Studio compatibility for Block C.,software_compatibility_check,Block C,,Android Studio,
q05291,What applications are compatible with Lab 2 computers?,reverse_software_lookup,Lab 2,,AutoCAD,
q05292,Display CPU details for Block B.,hardware_query,Block B,,,
q05293,Which computers in Network Lab can run Ubuntu 24.04?,os_compatibility_check,Network Lab,Ubuntu 24.04,,
q05294,List computers with SSD in AI Lab.,hardware_query,AI Lab,,,
q05295,Plan upgrades for Block B to run Fedora 42.,upgrade_planning,Block B,Fedora 42,MATLAB,Secure Boot
q05296,Display CPU details for Lab 2.,hardware_query,Lab 2,,,
q05297,Find systems needing TPM.,upgrade_planning,Lab 1,Windows 10,Android Studio,TPM
q05298,Best operating system for Library?,os_recommendation,Library,Linux Mint 22,,
q05299,What applications are compatible with AI Lab computers?,reverse_software_lookup,AI Lab,,AutoCAD,
q05300,Check Oracle Database compatibility for Library.,software_compatibility_check,Library,,Oracle Database,
q05301,Show PCs in Lab 2 incompatible with Fedora 42.,os_compatibility_check,Lab 2,Fedora 42,,
q05302,Can computers in Lab 1 run PyCharm?,software_compatibility_check,Lab 1,,PyCharm,
q05303,Recommend the best OS for Lab 2.,os_recommendation,Lab 2,Ubuntu 24.04,,
q05304,What upgrades are required in Lab 2?,upgrade_planning,Lab 2,Linux Mint 22,Android Studio,CPU
q05305,List machines in Block B that meet Ubuntu 24.04 requirements.,os_compatibility_check,Block B,Ubuntu 24.04,,
q05306,Is Oracle Database supported in Lab 2?,software_compatibility_check,Lab 2,,Oracle Database,
q05307,What applications are compatible with AI Lab computers?,reverse_software_lookup,AI Lab,,Blender,
q05308,Find software that runs on Lab 2.,reverse_software_lookup,Lab 2,,Android Studio,
q05309,List software supported by PCs in AI Lab.,reverse_software_lookup,AI Lab,,Android Studio,
q05310,What applications are compatible with AI Lab computers?,reverse_software_lookup,AI Lab,,PyCharm,
q05311,Which computers in Network Lab can run Ubuntu 24.04?,os_compatibility_check,Network Lab,Ubuntu 24.04,,
q05312,Display CPU details for Block A.,hardware_query,Block A,,,
q05313,Best operating system for Lab 1?,os_recommendation,Lab 1,Debian 13,,
q05314,Which systems support VS Code in Block B?,software_compatibility_check,Block B,,Visual Studio Code,
q05315,Show PCs in Block B incompatible with Windows 10.,os_compatibility_check,Block B,Windows 10,,
q05316,Which software can run on computers in Programming Lab?,reverse_software_lookup,Programming Lab,,Oracle Database,
q05317,Is VMware Workstation supported in Network Lab?,software_compatibility_check,Network Lab,,VMware Workstation,
q05318,What applications are compatible with Lab 2 computers?,reverse_software_lookup,Lab 2,,Visual Studio Code,
q05319,Check MATLAB compatibility for AI Lab.,software_compatibility_check,AI Lab,,MATLAB,
q05320,Which computers need TPM for Blender?,upgrade_planning,AI Lab,Windows 11,Blender,TPM
q05321,Which computers need RAM upgrade for AutoCAD 2026?,upgrade_planning,Lab 2,Fedora 42,AutoCAD,RAM upgrade
q05322,Recommend the best OS for Lab 1.,os_recommendation,Lab 1,Windows 11,,
q05323,Find software that runs on Block A.,reverse_software_lookup,Block A,,AutoCAD,
q05324,Suggest an OS for computers in Lab 1.,os_recommendation,Lab 1,Windows 11,,
q05325,List machines in Programming Lab that meet Linux Mint 22 requirements.,os_compatibility_check,Programming Lab,Linux Mint 22,,
q05326,Can systems in Lab 2 support Debian 13?,os_compatibility_check,Lab 2,Debian 13,,
q05327,List software supported by PCs in Programming Lab.,reverse_software_lookup,Programming Lab,,Android Studio,
q05328,Display CPU details for Library.,hardware_query,Library,,,
q05329,Show hardware details for AI Lab.,hardware_query,AI Lab,,,
q05330,Which systems support PyCharm in Programming Lab?,software_compatibility_check,Programming Lab,,PyCharm,
q05331,Best operating system for Block B?,os_recommendation,Block B,Ubuntu 24.04,,
q05332,Can computers in Block B run VMware Workstation?,software_compatibility_check,Block B,,VMware Workstation,
q05333,Recommend the best OS for Block B.,os_recommendation,Block B,Fedora 42,,
q05334,List machines in AI Lab that meet Windows 11 requirements.,os_compatibility_check,AI Lab,Windows 11,,
q05335,Is VMware Workstation supported in AI Lab?,software_compatibility_check,AI Lab,,VMware Workstation,
q05336,Plan upgrades for Lab 1 to run Ubuntu 24.04.,upgrade_planning,Lab 1,Ubuntu 24.04,Android Studio,Storage
q05337,Show PCs in Lab 2 incompatible with Ubuntu 24.04.,os_compatibility_check,Lab 2,Ubuntu 24.04,,
q05338,Show hardware details for Block C.,hardware_query,Block C,,,
q05339,Find software that runs on Network Lab.,reverse_software_lookup,Network Lab,,Oracle Database,
q05340,Display CPU details for Lab 1.,hardware_query,Lab 1,,,
q05341,List software supported by PCs in Lab 2.,reverse_software_lookup,Lab 2,,Oracle Database,
q05342,Show PCs in Library incompatible with Fedora 42.,os_compatibility_check,Library,Fedora 42,,
q05343,Plan upgrades for Lab 2 to run Debian 13.,upgrade_planning,Lab 2,Debian 13,AutoCAD,GPU
q05344,Recommend the best OS for Block C.,os_recommendation,Block C,Linux Mint 22,,
q05345,Show PCs in Lab 2 incompatible with Windows 10.,os_compatibility_check,Lab 2,Windows 10,,
q05346,Is Blender supported in Programming Lab?,software_compatibility_check,Programming Lab,,Blender,
q05347,Suggest an OS for computers in Lab 2.,os_recommendation,Lab 2,Debian 13,,
q05348,Display CPU details for Lab 1.,hardware_query,Lab 1,,,
q05349,Which PCs in Block A have 8 GB RAM?,hardware_query,Block A,,,
q05350,List computers with SSD in Block C.,hardware_query,Block C,,,
q05351,Which systems support VMware Workstation in Block B?,software_compatibility_check,Block B,,VMware Workstation,
q05352,What applications are compatible with Library computers?,reverse_software_lookup,Library,,MATLAB,
q05353,Show PCs in Block C incompatible with Debian 13.,os_compatibility_check,Block C,Debian 13,,
q05354,Suggest an OS for computers in Network Lab.,os_recommendation,Network Lab,Windows 10,,
q05355,Which systems support VMware Workstation in Programming Lab?,software_compatibility_check,Programming Lab,,VMware Workstation,
q05356,List software supported by PCs in Library.,reverse_software_lookup,Library,,Oracle Database,
q05357,Find software that runs on Block C.,reverse_software_lookup,Block C,,Android Studio,
q05358,Suggest an OS for computers in Block A.,os_recommendation,Block A,Debian 13,,
q05359,Which software can run on computers in AI Lab?,reverse_software_lookup,AI Lab,,Visual Studio Code,
q05360,Which systems support MATLAB in Lab 2?,software_compatibility_check,Lab 2,,MATLAB,
q05361,Which systems support VS Code in Block B?,software_compatibility_check,Block B,,Visual Studio Code,
q05362,Suggest an OS for computers in Block C.,os_recommendation,Block C,Debian 13,,
q05363,Which systems support VS Code in Library?,software_compatibility_check,Library,,Visual Studio Code,
q05364,Which PCs in Block B have 8 GB RAM?,hardware_query,Block B,,,
q05365,Find software that runs on Block A.,reverse_software_lookup,Block A,,Visual Studio Code,
q05366,Display CPU details for Programming Lab.,hardware_query,Programming Lab,,,
q05367,Can computers in Network Lab run Android Studio?,software_compatibility_check,Network Lab,,Android Studio,
q05368,List machines in Network Lab that meet Windows 11 requirements.,os_compatibility_check,Network Lab,Windows 11,,
q05369,What upgrades are required in Block A?,upgrade_planning,Block A,Linux Mint 22,Visual Studio Code,Storage
q05370,Is Blender supported in Lab 2?,software_compatibility_check,Lab 2,,Blender,
q05371,Best operating system for Programming Lab?,os_recommendation,Programming Lab,Windows 11,,
q05372,Which PCs in Network Lab have 8 GB RAM?,hardware_query,Network Lab,,,
q05373,Find systems needing CPU.,upgrade_planning,Block A,Debian 13,AutoCAD,CPU
q05374,Show PCs in Block C incompatible with Fedora 42.,os_compatibility_check,Block C,Fedora 42,,
q05375,Which PCs in Block A have 8 GB RAM?,hardware_query,Block A,,,
q05376,Which operating system is most suitable for Block B?,os_recommendation,Block B,Linux Mint 22,,
q05377,Suggest an OS for computers in Library.,os_recommendation,Library,Ubuntu 24.04,,
q05378,Which computers in Library can run Linux Mint 22?,os_compatibility_check,Library,Linux Mint 22,,
q05379,List machines in Block B that meet Windows 11 requirements.,os_compatibility_check,Block B,Windows 11,,
q05380,What applications are compatible with Block C computers?,reverse_software_lookup,Block C,,VMware Workstation,
q05381,Can computers in Block B run Android Studio?,software_compatibility_check,Block B,,Android Studio,
q05382,List machines in Block C that meet Debian 13 requirements.,os_compatibility_check,Block C,Debian 13,,
q05383,Show hardware details for AI Lab.,hardware_query,AI Lab,,,
q05384,Display CPU details for AI Lab.,hardware_query,AI Lab,,,
q05385,Check Android Studio compatibility for Lab 1.,software_compatibility_check,Lab 1,,Android Studio,
q05386,Check PyCharm compatibility for Block A.,software_compatibility_check,Block A,,PyCharm,
q05387,Check Android Studio compatibility for Network Lab.,software_compatibility_check,Network Lab,,Android Studio,
q05388,Plan upgrades for Block B to run Ubuntu 24.04.,upgrade_planning,Block B,Ubuntu 24.04,VMware Workstation,CPU
q05389,Is VS Code supported in Lab 1?,software_compatibility_check,Lab 1,,Visual Studio Code,
q05390,What upgrades are required in Lab 2?,upgrade_planning,Lab 2,Windows 10,PyCharm,GPU
q05391,List machines in Lab 1 that meet Ubuntu 24.04 requirements.,os_compatibility_check,Lab 1,Ubuntu 24.04,,
q05392,Which computers need RAM upgrade for Blender?,upgrade_planning,Lab 2,Ubuntu 24.04,Blender,RAM upgrade
q05393,Which operating system is most suitable for Network Lab?,os_recommendation,Network Lab,Windows 11,,
q05394,List machines in Library that meet Windows 10 requirements.,os_compatibility_check,Library,Windows 10,,
q05395,Is MATLAB supported in Lab 2?,software_compatibility_check,Lab 2,,MATLAB,
q05396,Which software can run on computers in Lab 2?,reverse_software_lookup,Lab 2,,Android Studio,
q05397,Which PCs in Lab 1 have 8 GB RAM?,hardware_query,Lab 1,,,
q05398,Check VMware Workstation compatibility for Lab 2.,software_compatibility_check,Lab 2,,VMware Workstation,
q05399,Which operating system is most suitable for Block A?,os_recommendation,Block A,Fedora 42,,
q05400,Plan upgrades for Block B to run Fedora 42.,upgrade_planning,Block B,Fedora 42,Android Studio,TPM
q05401,Show PCs in Lab 1 incompatible with Ubuntu 24.04.,os_compatibility_check,Lab 1,Ubuntu 24.04,,
q05402,Show PCs in Block C incompatible with Fedora 42.,os_compatibility_check,Block C,Fedora 42,,
q05403,What upgrades are required in Programming Lab?,upgrade_planning,Programming Lab,Debian 13,Blender,Storage
q05404,Check PyCharm compatibility for Lab 1.,software_compatibility_check,Lab 1,,PyCharm,
q05405,Plan upgrades for Network Lab to run Windows 11.,upgrade_planning,Network Lab,Windows 11,MATLAB,RAM upgrade
q05406,List machines in AI Lab that meet Windows 11 requirements.,os_compatibility_check,AI Lab,Windows 11,,
q05407,List machines in Block C that meet Windows 10 requirements.,os_compatibility_check,Block C,Windows 10,,
q05408,Is VS Code supported in Block C?,software_compatibility_check,Block C,,Visual Studio Code,
q05409,Display CPU details for Lab 2.,hardware_query,Lab 2,,,
q05410,Check Blender compatibility for Library.,software_compatibility_check,Library,,Blender,
q05411,Show hardware details for Block C.,hardware_query,Block C,,,
q05412,Show hardware details for AI Lab.,hardware_query,AI Lab,,,
q05413,Find software that runs on Lab 1.,reverse_software_lookup,Lab 1,,Blender,
q05414,Show hardware details for Lab 2.,hardware_query,Lab 2,,,
q05415,Which computers in AI Lab can run Windows 11?,os_compatibility_check,AI Lab,Windows 11,,
q05416,Find systems needing RAM upgrade.,upgrade_planning,Network Lab,Windows 11,Blender,RAM upgrade
q05417,Which software can run on computers in AI Lab?,reverse_software_lookup,AI Lab,,Android Studio,
q05418,Best operating system for Lab 1?,os_recommendation,Lab 1,Fedora 42,,
q05419,Which software can run on computers in Network Lab?,reverse_software_lookup,Network Lab,,Android Studio,
q05420,Which computers in Lab 1 can run Ubuntu 24.04?,os_compatibility_check,Lab 1,Ubuntu 24.04,,
q05421,Can computers in Block B run PyCharm?,software_compatibility_check,Block B,,PyCharm,
q05422,Display CPU details for Programming Lab.,hardware_query,Programming Lab,,,
q05423,Which computers need TPM for VS Code?,upgrade_planning,Programming Lab,Linux Mint 22,Visual Studio Code,TPM
q05424,List machines in Block B that meet Windows 11 requirements.,os_compatibility_check,Block B,Windows 11,,
q05425,Show PCs in Library incompatible with Linux Mint 22.,os_compatibility_check,Library,Linux Mint 22,,
q05426,Which systems support Android Studio in Lab 2?,software_compatibility_check,Lab 2,,Android Studio,
q05427,Recommend the best OS for Block A.,os_recommendation,Block A,Windows 11,,
q05428,Can systems in AI Lab support Debian 13?,os_compatibility_check,AI Lab,Debian 13,,
q05429,Find software that runs on Block B.,reverse_software_lookup,Block B,,Android Studio,
q05430,Show PCs in AI Lab incompatible with Fedora 42.,os_compatibility_check,AI Lab,Fedora 42,,
q05431,Which computers need TPM for Oracle Database?,upgrade_planning,Block C,Windows 11,Oracle Database,TPM
q05432,Which computers need Storage for Oracle Database?,upgrade_planning,Lab 1,Ubuntu 24.04,Oracle Database,Storage
q05433,Show hardware details for Block B.,hardware_query,Block B,,,
q05434,Find software that runs on Block C.,reverse_software_lookup,Block C,,VMware Workstation,
q05435,Show PCs in Lab 2 incompatible with Ubuntu 24.04.,os_compatibility_check,Lab 2,Ubuntu 24.04,,
q05436,Which PCs in Network Lab have 8 GB RAM?,hardware_query,Network Lab,,,
q05437,List software supported by PCs in Block C.,reverse_software_lookup,Block C,,Oracle Database,
q05438,Suggest an OS for computers in AI Lab.,os_recommendation,AI Lab,Ubuntu 24.04,,
q05439,Which systems support MATLAB in Lab 1?,software_compatibility_check,Lab 1,,MATLAB,
q05440,Is VS Code supported in Block B?,software_compatibility_check,Block B,,Visual Studio Code,
q05441,Find systems needing CPU.,upgrade_planning,Lab 1,Debian 13,Oracle Database,CPU
q05442,Suggest an OS for computers in Lab 2.,os_recommendation,Lab 2,Debian 13,,
q05443,Show PCs in Programming Lab incompatible with Linux Mint 22.,os_compatibility_check,Programming Lab,Linux Mint 22,,
q05444,Show hardware details for Block A.,hardware_query,Block A,,,
q05445,Find systems needing GPU.,upgrade_planning,AI Lab,Windows 11,Blender,GPU
q05446,Which PCs in Lab 1 have 8 GB RAM?,hardware_query,Lab 1,,,
q05447,Show PCs in Library incompatible with Debian 13.,os_compatibility_check,Library,Debian 13,,
q05448,Recommend the best OS for Block A.,os_recommendation,Block A,Linux Mint 22,,
q05449,Recommend the best OS for Block B.,os_recommendation,Block B,Ubuntu 24.04,,
q05450,Which operating system is most suitable for Block C?,os_recommendation,Block C,Windows 11,,
q05451,Which computers need RAM upgrade for Oracle Database?,upgrade_planning,Library,Debian 13,Oracle Database,RAM upgrade
q05452,Which computers need GPU for VS Code?,upgrade_planning,Block B,Windows 11,Visual Studio Code,GPU
q05453,Which software can run on computers in Network Lab?,reverse_software_lookup,Network Lab,,PyCharm,
q05454,Suggest an OS for computers in Block B.,os_recommendation,Block B,Ubuntu 24.04,,
q05455,Show PCs in Lab 1 incompatible with Windows 10.,os_compatibility_check,Lab 1,Windows 10,,
q05456,Can computers in Block B run VMware Workstation?,software_compatibility_check,Block B,,VMware Workstation,
q05457,List software supported by PCs in Network Lab.,reverse_software_lookup,Network Lab,,Android Studio,
q05458,Check AutoCAD 2026 compatibility for Network Lab.,software_compatibility_check,Network Lab,,AutoCAD,
q05459,Which PCs in Block A have 8 GB RAM?,hardware_query,Block A,,,
q05460,Find software that runs on Block C.,reverse_software_lookup,Block C,,MATLAB,
q05461,What applications are compatible with Block B computers?,reverse_software_lookup,Block B,,MATLAB,
q05462,Check AutoCAD 2026 compatibility for Library.,software_compatibility_check,Library,,AutoCAD,
q05463,Suggest an OS for computers in Block C.,os_recommendation,Block C,Fedora 42,,
q05464,Plan upgrades for Block C to run Linux Mint 22.,upgrade_planning,Block C,Linux Mint 22,Oracle Database,GPU
q05465,Can computers in Block B run Android Studio?,software_compatibility_check,Block B,,Android Studio,
q05466,List computers with SSD in Lab 1.,hardware_query,Lab 1,,,
q05467,Best operating system for Block B?,os_recommendation,Block B,Debian 13,,
q05468,Show hardware details for AI Lab.,hardware_query,AI Lab,,,
q05469,Best operating system for Block C?,os_recommendation,Block C,Fedora 42,,
q05470,Can computers in Lab 1 run AutoCAD 2026?,software_compatibility_check,Lab 1,,AutoCAD,
q05471,Find systems needing TPM.,upgrade_planning,Library,Debian 13,MATLAB,TPM
q05472,Best operating system for AI Lab?,os_recommendation,AI Lab,Linux Mint 22,,
q05473,Can computers in Lab 1 run Android Studio?,software_compatibility_check,Lab 1,,Android Studio,
q05474,List computers with SSD in Library.,hardware_query,Library,,,
q05475,Show hardware details for Network Lab.,hardware_query,Network Lab,,,
q05476,Best operating system for Block C?,os_recommendation,Block C,Ubuntu 24.04,,
q05477,Which computers in Block A can run Debian 13?,os_compatibility_check,Block A,Debian 13,,
q05478,List machines in Block B that meet Fedora 42 requirements.,os_compatibility_check,Block B,Fedora 42,,
q05479,Which systems support PyCharm in Programming Lab?,software_compatibility_check,Programming Lab,,PyCharm,
q05480,Which systems support Blender in Lab 1?,software_compatibility_check,Lab 1,,Blender,
q05481,Which PCs in Programming Lab have 8 GB RAM?,hardware_query,Programming Lab,,,
q05482,Which computers in Network Lab can run Fedora 42?,os_compatibility_check,Network Lab,Fedora 42,,
q05483,Find software that runs on Lab 1.,reverse_software_lookup,Lab 1,,MATLAB,
q05484,Which computers need TPM for Android Studio?,upgrade_planning,Lab 1,Linux Mint 22,Android Studio,TPM
q05485,List computers with SSD in Programming Lab.,hardware_query,Programming Lab,,,
q05486,Which computers need CPU for Android Studio?,upgrade_planning,Lab 1,Windows 11,Android Studio,CPU
q05487,Show hardware details for Lab 1.,hardware_query,Lab 1,,,
q05488,What applications are compatible with Lab 2 computers?,reverse_software_lookup,Lab 2,,Visual Studio Code,
q05489,Find systems needing CPU.,upgrade_planning,Block A,Ubuntu 24.04,MATLAB,CPU
q05490,Which computers need Storage for Oracle Database?,upgrade_planning,Network Lab,Linux Mint 22,Oracle Database,Storage
q05491,Which computers need TPM for Blender?,upgrade_planning,Library,Debian 13,Blender,TPM
q05492,Which software can run on computers in Programming Lab?,reverse_software_lookup,Programming Lab,,Blender,
q05493,What upgrades are required in Programming Lab?,upgrade_planning,Programming Lab,Debian 13,Android Studio,GPU
q05494,Which systems support VS Code in Library?,software_compatibility_check,Library,,Visual Studio Code,
q05495,Which computers in AI Lab can run Debian 13?,os_compatibility_check,AI Lab,Debian 13,,
q05496,List computers with SSD in Block C.,hardware_query,Block C,,,
q05497,Recommend the best OS for Network Lab.,os_recommendation,Network Lab,Windows 10,,
q05498,Find software that runs on Lab 1.,reverse_software_lookup,Lab 1,,Oracle Database,
q05499,Is VS Code supported in Programming Lab?,software_compatibility_check,Programming Lab,,Visual Studio Code,
q05500,What applications are compatible with Block C computers?,reverse_software_lookup,Block C,,AutoCAD,
q05501,Best operating system for Lab 2?,os_recommendation,Lab 2,Debian 13,,
q05502,Is Android Studio supported in Block C?,software_compatibility_check,Block C,,Android Studio,
q05503,List computers with SSD in Lab 2.,hardware_query,Lab 2,,,
q05504,Suggest an OS for computers in Lab 1.,os_recommendation,Lab 1,Windows 11,,
q05505,List computers with SSD in Lab 1.,hardware_query,Lab 1,,,
q05506,Which software can run on computers in Block B?,reverse_software_lookup,Block B,,PyCharm,
q05507,List machines in Network Lab that meet Fedora 42 requirements.,os_compatibility_check,Network Lab,Fedora 42,,
q05508,Can systems in AI Lab support Ubuntu 24.04?,os_compatibility_check,AI Lab,Ubuntu 24.04,,
q05509,What applications are compatible with Library computers?,reverse_software_lookup,Library,,Android Studio,
q05510,Suggest an OS for computers in Network Lab.,os_recommendation,Network Lab,Windows 11,,
q05511,What upgrades are required in Library?,upgrade_planning,Library,Debian 13,VMware Workstation,Secure Boot
q05512,Find software that runs on Block A.,reverse_software_lookup,Block A,,Oracle Database,
q05513,Which software can run on computers in Library?,reverse_software_lookup,Library,,MATLAB,
q05514,Can computers in Lab 1 run Android Studio?,software_compatibility_check,Lab 1,,Android Studio,
q05515,Which PCs in Network Lab have 8 GB RAM?,hardware_query,Network Lab,,,
q05516,List software supported by PCs in Programming Lab.,reverse_software_lookup,Programming Lab,,Android Studio,
q05517,List computers with SSD in Network Lab.,hardware_query,Network Lab,,,
q05518,Recommend the best OS for Lab 2.,os_recommendation,Lab 2,Ubuntu 24.04,,
q05519,Which computers need TPM for MATLAB?,upgrade_planning,Programming Lab,Fedora 42,MATLAB,TPM
q05520,Find systems needing Secure Boot.,upgrade_planning,AI Lab,Windows 10,AutoCAD,Secure Boot
q05521,Which software can run on computers in AI Lab?,reverse_software_lookup,AI Lab,,PyCharm,
q05522,Is VS Code supported in Block B?,software_compatibility_check,Block B,,Visual Studio Code,
q05523,List machines in Library that meet Debian 13 requirements.,os_compatibility_check,Library,Debian 13,,
q05524,What upgrades are required in Lab 2?,upgrade_planning,Lab 2,Fedora 42,Visual Studio Code,CPU
q05525,Best operating system for AI Lab?,os_recommendation,AI Lab,Windows 11,,
q05526,Which systems support MATLAB in Programming Lab?,software_compatibility_check,Programming Lab,,MATLAB,
q05527,Which PCs in Block C have 8 GB RAM?,hardware_query,Block C,,,
q05528,Can computers in Library run VMware Workstation?,software_compatibility_check,Library,,VMware Workstation,
q05529,Which computers in Lab 1 can run Debian 13?,os_compatibility_check,Lab 1,Debian 13,,
q05530,Show PCs in Block A incompatible with Ubuntu 24.04.,os_compatibility_check,Block A,Ubuntu 24.04,,
q05531,Display CPU details for Block C.,hardware_query,Block C,,,
q05532,Find systems needing Storage.,upgrade_planning,Block B,Windows 10,MATLAB,Storage
q05533,Best operating system for Library?,os_recommendation,Library,Windows 10,,
q05534,Is PyCharm supported in Block A?,software_compatibility_check,Block A,,PyCharm,
q05535,Plan upgrades for Lab 2 to run Windows 10.,upgrade_planning,Lab 2,Windows 10,Blender,TPM
q05536,Which computers need RAM upgrade for PyCharm?,upgrade_planning,Lab 2,Windows 10,PyCharm,RAM upgrade
q05537,Which computers need Secure Boot for VS Code?,upgrade_planning,AI Lab,Ubuntu 24.04,Visual Studio Code,Secure Boot
q05538,List machines in Programming Lab that meet Windows 11 requirements.,os_compatibility_check,Programming Lab,Windows 11,,
q05539,Display CPU details for Block C.,hardware_query,Block C,,,
q05540,List computers with SSD in Programming Lab.,hardware_query,Programming Lab,,,
q05541,Which systems support VMware Workstation in Block B?,software_compatibility_check,Block B,,VMware Workstation,
q05542,Find systems needing Secure Boot.,upgrade_planning,Block C,Windows 10,Visual Studio Code,Secure Boot
q05543,Which software can run on computers in Lab 1?,reverse_software_lookup,Lab 1,,Visual Studio Code,
q05544,Find systems needing RAM upgrade.,upgrade_planning,Lab 2,Windows 11,VMware Workstation,RAM upgrade
q05545,Find software that runs on AI Lab.,reverse_software_lookup,AI Lab,,Blender,
q05546,What applications are compatible with Block A computers?,reverse_software_lookup,Block A,,VMware Workstation,
q05547,Recommend the best OS for Library.,os_recommendation,Library,Debian 13,,
q05548,Suggest an OS for computers in Block C.,os_recommendation,Block C,Ubuntu 24.04,,
q05549,List computers with SSD in Lab 2.,hardware_query,Lab 2,,,
q05550,Which computers in AI Lab can run Debian 13?,os_compatibility_check,AI Lab,Debian 13,,
q05551,What applications are compatible with AI Lab computers?,reverse_software_lookup,AI Lab,,Blender,
q05552,What applications are compatible with Library computers?,reverse_software_lookup,Library,,VMware Workstation,
q05553,Recommend the best OS for Block B.,os_recommendation,Block B,Windows 10,,
q05554,Display CPU details for Block A.,hardware_query,Block A,,,
q05555,List machines in Block A that meet Windows 10 requirements.,os_compatibility_check,Block A,Windows 10,,
q05556,Which systems support VS Code in Programming Lab?,software_compatibility_check,Programming Lab,,Visual Studio Code,
q05557,List machines in AI Lab that meet Windows 11 requirements.,os_compatibility_check,AI Lab,Windows 11,,
q05558,Plan upgrades for AI Lab to run Linux Mint 22.,upgrade_planning,AI Lab,Linux Mint 22,Blender,Storage
q05559,Plan upgrades for Lab 1 to run Windows 10.,upgrade_planning,Lab 1,Windows 10,Android Studio,RAM upgrade
q05560,Recommend the best OS for Programming Lab.,os_recommendation,Programming Lab,Windows 10,,
q05561,Which PCs in Block B have 8 GB RAM?,hardware_query,Block B,,,
q05562,Plan upgrades for Block A to run Debian 13.,upgrade_planning,Block A,Debian 13,PyCharm,GPU
q05563,Suggest an OS for computers in Block C.,os_recommendation,Block C,Debian 13,,
q05564,What upgrades are required in Block B?,upgrade_planning,Block B,Ubuntu 24.04,Android Studio,Secure Boot
q05565,What upgrades are required in Block B?,upgrade_planning,Block B,Linux Mint 22,VMware Workstation,RAM upgrade
q05566,List computers with SSD in Network Lab.,hardware_query,Network Lab,,,
q05567,Suggest an OS for computers in Block B.,os_recommendation,Block B,Linux Mint 22,,
q05568,Plan upgrades for Block A to run Ubuntu 24.04.,upgrade_planning,Block A,Ubuntu 24.04,MATLAB,CPU
q05569,Plan upgrades for Block A to run Ubuntu 24.04.,upgrade_planning,Block A,Ubuntu 24.04,Visual Studio Code,CPU
q05570,Which computers need CPU for PyCharm?,upgrade_planning,Network Lab,Windows 10,PyCharm,CPU
q05571,Plan upgrades for Block A to run Ubuntu 24.04.,upgrade_planning,Block A,Ubuntu 24.04,VMware Workstation,CPU
q05572,Which systems support PyCharm in Lab 1?,software_compatibility_check,Lab 1,,PyCharm,
q05573,List machines in Block A that meet Windows 11 requirements.,os_compatibility_check,Block A,Windows 11,,
q05574,Can systems in Block A support Fedora 42?,os_compatibility_check,Block A,Fedora 42,,
q05575,Is Android Studio supported in Programming Lab?,software_compatibility_check,Programming Lab,,Android Studio,
q05576,What upgrades are required in Lab 2?,upgrade_planning,Lab 2,Ubuntu 24.04,AutoCAD,CPU
q05577,Which systems support VS Code in Block B?,software_compatibility_check,Block B,,Visual Studio Code,
q05578,Which computers need CPU for Oracle Database?,upgrade_planning,Network Lab,Windows 11,Oracle Database,CPU
q05579,Recommend the best OS for Block C.,os_recommendation,Block C,Windows 11,,
q05580,Best operating system for Lab 2?,os_recommendation,Lab 2,Fedora 42,,
q05581,Best operating system for Library?,os_recommendation,Library,Linux Mint 22,,
q05582,Which operating system is most suitable for Library?,os_recommendation,Library,Windows 11,,
q05583,List computers with SSD in Library.,hardware_query,Library,,,
q05584,Plan upgrades for Block B to run Debian 13.,upgrade_planning,Block B,Debian 13,MATLAB,Storage
q05585,Which software can run on computers in Block C?,reverse_software_lookup,Block C,,VMware Workstation,
q05586,Best operating system for Block C?,os_recommendation,Block C,Windows 10,,
q05587,What applications are compatible with Library computers?,reverse_software_lookup,Library,,Android Studio,
q05588,Suggest an OS for computers in Programming Lab.,os_recommendation,Programming Lab,Linux Mint 22,,
q05589,Display CPU details for Block C.,hardware_query,Block C,,,
q05590,What applications are compatible with Library computers?,reverse_software_lookup,Library,,PyCharm,
q05591,Which operating system is most suitable for Library?,os_recommendation,Library,Fedora 42,,
q05592,Plan upgrades for AI Lab to run Fedora 42.,upgrade_planning,AI Lab,Fedora 42,Visual Studio Code,Secure Boot
q05593,Find software that runs on Library.,reverse_software_lookup,Library,,AutoCAD,
q05594,Find systems needing TPM.,upgrade_planning,Lab 2,Debian 13,VMware Workstation,TPM
q05595,Which software can run on computers in Lab 2?,reverse_software_lookup,Lab 2,,PyCharm,
q05596,Which computers need RAM upgrade for VMware Workstation?,upgrade_planning,Lab 2,Windows 11,VMware Workstation,RAM upgrade
q05597,Show hardware details for Lab 2.,hardware_query,Lab 2,,,
q05598,Show PCs in Programming Lab incompatible with Ubuntu 24.04.,os_compatibility_check,Programming Lab,Ubuntu 24.04,,
q05599,Which operating system is most suitable for Network Lab?,os_recommendation,Network Lab,Ubuntu 24.04,,
q05600,Plan upgrades for Block C to run Ubuntu 24.04.,upgrade_planning,Block C,Ubuntu 24.04,Oracle Database,CPU
q05601,Can computers in Block A run AutoCAD 2026?,software_compatibility_check,Block A,,AutoCAD,
q05602,What applications are compatible with Lab 2 computers?,reverse_software_lookup,Lab 2,,Blender,
q05603,Display CPU details for Programming Lab.,hardware_query,Programming Lab,,,
q05604,Best operating system for Block C?,os_recommendation,Block C,Windows 11,,
q05605,Can computers in Block C run VMware Workstation?,software_compatibility_check,Block C,,VMware Workstation,
q05606,List machines in Block A that meet Linux Mint 22 requirements.,os_compatibility_check,Block A,Linux Mint 22,,
q05607,Find systems needing CPU.,upgrade_planning,Block B,Windows 11,VMware Workstation,CPU
q05608,What upgrades are required in Network Lab?,upgrade_planning,Network Lab,Debian 13,Blender,GPU
q05609,Which software can run on computers in Programming Lab?,reverse_software_lookup,Programming Lab,,Blender,
q05610,Suggest an OS for computers in Lab 1.,os_recommendation,Lab 1,Ubuntu 24.04,,
q05611,Best operating system for Programming Lab?,os_recommendation,Programming Lab,Windows 10,,
q05612,What upgrades are required in Block C?,upgrade_planning,Block C,Windows 11,Blender,CPU
q05613,List computers with SSD in Network Lab.,hardware_query,Network Lab,,,
q05614,Can systems in Lab 2 support Debian 13?,os_compatibility_check,Lab 2,Debian 13,,
q05615,Which computers in Block C can run Windows 11?,os_compatibility_check,Block C,Windows 11,,
q05616,Which PCs in Programming Lab have 8 GB RAM?,hardware_query,Programming Lab,,,
q05617,Which computers in Block B can run Ubuntu 24.04?,os_compatibility_check,Block B,Ubuntu 24.04,,
q05618,Plan upgrades for Block A to run Windows 10.,upgrade_planning,Block A,Windows 10,PyCharm,CPU
q05619,Is Oracle Database supported in Block A?,software_compatibility_check,Block A,,Oracle Database,
q05620,What applications are compatible with Block B computers?,reverse_software_lookup,Block B,,VMware Workstation,
q05621,Can computers in Programming Lab run Android Studio?,software_compatibility_check,Programming Lab,,Android Studio,
q05622,Which PCs in Network Lab have 8 GB RAM?,hardware_query,Network Lab,,,
q05623,List machines in AI Lab that meet Fedora 42 requirements.,os_compatibility_check,AI Lab,Fedora 42,,
q05624,Which software can run on computers in Block C?,reverse_software_lookup,Block C,,AutoCAD,
q05625,Which computers need RAM upgrade for AutoCAD 2026?,upgrade_planning,Block B,Windows 11,AutoCAD,RAM upgrade
q05626,Find software that runs on Lab 2.,reverse_software_lookup,Lab 2,,MATLAB,
q05627,List machines in Network Lab that meet Debian 13 requirements.,os_compatibility_check,Network Lab,Debian 13,,
q05628,Which computers in Programming Lab can run Debian 13?,os_compatibility_check,Programming Lab,Debian 13,,
q05629,What applications are compatible with Block C computers?,reverse_software_lookup,Block C,,Blender,
q05630,Which operating system is most suitable for Library?,os_recommendation,Library,Debian 13,,
q05631,Find systems needing GPU.,upgrade_planning,Block A,Windows 10,Visual Studio Code,GPU
q05632,Can computers in Network Lab run VMware Workstation?,software_compatibility_check,Network Lab,,VMware Workstation,
q05633,Suggest an OS for computers in Library.,os_recommendation,Library,Linux Mint 22,,
q05634,List machines in AI Lab that meet Fedora 42 requirements.,os_compatibility_check,AI Lab,Fedora 42,,
q05635,Which software can run on computers in Lab 1?,reverse_software_lookup,Lab 1,,Visual Studio Code,
q05636,Check VS Code compatibility for Lab 1.,software_compatibility_check,Lab 1,,Visual Studio Code,
q05637,Which PCs in Block C have 8 GB RAM?,hardware_query,Block C,,,
q05638,What applications are compatible with Programming Lab computers?,reverse_software_lookup,Programming Lab,,PyCharm,
q05639,List computers with SSD in Lab 1.,hardware_query,Lab 1,,,
q05640,Is Android Studio supported in Library?,software_compatibility_check,Library,,Android Studio,
q05641,Plan upgrades for Block A to run Linux Mint 22.,upgrade_planning,Block A,Linux Mint 22,Visual Studio Code,Secure Boot
q05642,Find software that runs on Lab 1.,reverse_software_lookup,Lab 1,,MATLAB,
q05643,Best operating system for Block C?,os_recommendation,Block C,Linux Mint 22,,
q05644,Which operating system is most suitable for Block C?,os_recommendation,Block C,Debian 13,,
q05645,List machines in Block B that meet Debian 13 requirements.,os_compatibility_check,Block B,Debian 13,,
q05646,Best operating system for Programming Lab?,os_recommendation,Programming Lab,Windows 10,,
q05647,Find systems needing Storage.,upgrade_planning,Network Lab,Linux Mint 22,Visual Studio Code,Storage
q05648,Suggest an OS for computers in Block A.,os_recommendation,Block A,Ubuntu 24.04,,
q05649,Can computers in Block A run Blender?,software_compatibility_check,Block A,,Blender,
q05650,Can computers in Lab 1 run PyCharm?,software_compatibility_check,Lab 1,,PyCharm,
q05651,List software supported by PCs in Block A.,reverse_software_lookup,Block A,,AutoCAD,
q05652,Which software can run on computers in Block B?,reverse_software_lookup,Block B,,PyCharm,
q05653,Can systems in Lab 1 support Debian 13?,os_compatibility_check,Lab 1,Debian 13,,
q05654,Show PCs in Programming Lab incompatible with Windows 10.,os_compatibility_check,Programming Lab,Windows 10,,
q05655,List machines in Programming Lab that meet Windows 11 requirements.,os_compatibility_check,Programming Lab,Windows 11,,
q05656,Which systems support Blender in Lab 1?,software_compatibility_check,Lab 1,,Blender,
q05657,Find software that runs on Block A.,reverse_software_lookup,Block A,,Visual Studio Code,
q05658,What upgrades are required in Block B?,upgrade_planning,Block B,Debian 13,Oracle Database,GPU
q05659,Show hardware details for Block A.,hardware_query,Block A,,,
q05660,Can computers in Lab 1 run Oracle Database?,software_compatibility_check,Lab 1,,Oracle Database,
q05661,List computers with SSD in Programming Lab.,hardware_query,Programming Lab,,,
q05662,List software supported by PCs in Lab 2.,reverse_software_lookup,Lab 2,,VMware Workstation,
q05663,Plan upgrades for Programming Lab to run Windows 10.,upgrade_planning,Programming Lab,Windows 10,Blender,GPU
q05664,Can computers in Programming Lab run VMware Workstation?,software_compatibility_check,Programming Lab,,VMware Workstation,
q05665,Can systems in Network Lab support Fedora 42?,os_compatibility_check,Network Lab,Fedora 42,,
q05666,List machines in Block C that meet Ubuntu 24.04 requirements.,os_compatibility_check,Block C,Ubuntu 24.04,,
q05667,Can computers in Lab 1 run MATLAB?,software_compatibility_check,Lab 1,,MATLAB,
q05668,Find systems needing Storage.,upgrade_planning,Block C,Ubuntu 24.04,Blender,Storage
q05669,Can systems in Lab 2 support Windows 10?,os_compatibility_check,Lab 2,Windows 10,,
q05670,Best operating system for Library?,os_recommendation,Library,Debian 13,,
q05671,Which PCs in Library have 8 GB RAM?,hardware_query,Library,,,
q05672,Which software can run on computers in Programming Lab?,reverse_software_lookup,Programming Lab,,VMware Workstation,
q05673,Recommend the best OS for Programming Lab.,os_recommendation,Programming Lab,Windows 11,,
q05674,Show PCs in Network Lab incompatible with Windows 10.,os_compatibility_check,Network Lab,Windows 10,,
q05675,Which operating system is most suitable for Block B?,os_recommendation,Block B,Debian 13,,
q05676,What applications are compatible with Block A computers?,reverse_software_lookup,Block A,,MATLAB,
q05677,Show PCs in Library incompatible with Windows 11.,os_compatibility_check,Library,Windows 11,,
q05678,Which software can run on computers in Library?,reverse_software_lookup,Library,,MATLAB,
q05679,Which PCs in AI Lab have 8 GB RAM?,hardware_query,AI Lab,,,
q05680,List computers with SSD in Lab 2.,hardware_query,Lab 2,,,
q05681,What upgrades are required in Block A?,upgrade_planning,Block A,Windows 11,PyCharm,Secure Boot
q05682,Find systems needing Storage.,upgrade_planning,Lab 1,Windows 11,VMware Workstation,Storage
q05683,Which computers in Block C can run Debian 13?,os_compatibility_check,Block C,Debian 13,,
q05684,List software supported by PCs in AI Lab.,reverse_software_lookup,AI Lab,,Visual Studio Code,
q05685,List computers with SSD in Block C.,hardware_query,Block C,,,
q05686,Find systems needing Storage.,upgrade_planning,Block C,Linux Mint 22,Android Studio,Storage
q05687,Find software that runs on Block B.,reverse_software_lookup,Block B,,Visual Studio Code,
q05688,Which systems support AutoCAD 2026 in Block B?,software_compatibility_check,Block B,,AutoCAD,
q05689,Plan upgrades for Lab 2 to run Windows 10.,upgrade_planning,Lab 2,Windows 10,PyCharm,TPM
q05690,Display CPU details for Block C.,hardware_query,Block C,,,
q05691,List software supported by PCs in Block A.,reverse_software_lookup,Block A,,AutoCAD,
q05692,What applications are compatible with Network Lab computers?,reverse_software_lookup,Network Lab,,AutoCAD,
q05693,What upgrades are required in Network Lab?,upgrade_planning,Network Lab,Windows 10,Oracle Database,Secure Boot
q05694,Check Oracle Database compatibility for AI Lab.,software_compatibility_check,AI Lab,,Oracle Database,
q05695,Recommend the best OS for Block A.,os_recommendation,Block A,Linux Mint 22,,
q05696,Find software that runs on Programming Lab.,reverse_software_lookup,Programming Lab,,Visual Studio Code,
q05697,Which computers in Block A can run Ubuntu 24.04?,os_compatibility_check,Block A,Ubuntu 24.04,,
q05698,Which computers need GPU for Oracle Database?,upgrade_planning,Network Lab,Windows 11,Oracle Database,GPU
q05699,Which systems support Android Studio in Block B?,software_compatibility_check,Block B,,Android Studio,
q05700,List computers with SSD in Block C.,hardware_query,Block C,,,
q05701,Which computers in Lab 1 can run Windows 10?,os_compatibility_check,Lab 1,Windows 10,,
q05702,Find software that runs on Network Lab.,reverse_software_lookup,Network Lab,,Blender,
q05703,Which computers need GPU for AutoCAD 2026?,upgrade_planning,Lab 1,Linux Mint 22,AutoCAD,GPU
q05704,Which PCs in Network Lab have 8 GB RAM?,hardware_query,Network Lab,,,
q05705,Which systems support Oracle Database in Programming Lab?,software_compatibility_check,Programming Lab,,Oracle Database,
q05706,Display CPU details for Programming Lab.,hardware_query,Programming Lab,,,
q05707,Is VS Code supported in AI Lab?,software_compatibility_check,AI Lab,,Visual Studio Code,
q05708,Which operating system is most suitable for Programming Lab?,os_recommendation,Programming Lab,Windows 11,,
q05709,Which PCs in Library have 8 GB RAM?,hardware_query,Library,,,
q05710,Can computers in Lab 1 run Blender?,software_compatibility_check,Lab 1,,Blender,
q05711,List machines in Library that meet Windows 11 requirements.,os_compatibility_check,Library,Windows 11,,
q05712,Which computers need RAM upgrade for AutoCAD 2026?,upgrade_planning,Lab 2,Debian 13,AutoCAD,RAM upgrade
q05713,List computers with SSD in Programming Lab.,hardware_query,Programming Lab,,,
q05714,Best operating system for Block A?,os_recommendation,Block A,Windows 11,,
q05715,Show PCs in Block A incompatible with Ubuntu 24.04.,os_compatibility_check,Block A,Ubuntu 24.04,,
q05716,Which software can run on computers in Programming Lab?,reverse_software_lookup,Programming Lab,,MATLAB,
q05717,Find systems needing TPM.,upgrade_planning,Block C,Ubuntu 24.04,Oracle Database,TPM
q05718,Which computers need RAM upgrade for Oracle Database?,upgrade_planning,Block A,Linux Mint 22,Oracle Database,RAM upgrade
q05719,Find systems needing Secure Boot.,upgrade_planning,Block B,Windows 10,Android Studio,Secure Boot
q05720,List computers with SSD in Library.,hardware_query,Library,,,
q05721,Which systems support Oracle Database in Programming Lab?,software_compatibility_check,Programming Lab,,Oracle Database,
q05722,Show hardware details for AI Lab.,hardware_query,AI Lab,,,
q05723,Which systems support PyCharm in Block B?,software_compatibility_check,Block B,,PyCharm,
q05724,Show PCs in Block A incompatible with Windows 11.,os_compatibility_check,Block A,Windows 11,,
q05725,Best operating system for AI Lab?,os_recommendation,AI Lab,Debian 13,,
q05726,Show PCs in Block A incompatible with Windows 10.,os_compatibility_check,Block A,Windows 10,,
q05727,Plan upgrades for Programming Lab to run Ubuntu 24.04.,upgrade_planning,Programming Lab,Ubuntu 24.04,PyCharm,RAM upgrade
q05728,Which computers in AI Lab can run Debian 13?,os_compatibility_check,AI Lab,Debian 13,,
q05729,Suggest an OS for computers in Programming Lab.,os_recommendation,Programming Lab,Windows 11,,
q05730,Which systems support PyCharm in Block C?,software_compatibility_check,Block C,,PyCharm,
q05731,Which software can run on computers in Programming Lab?,reverse_software_lookup,Programming Lab,,Blender,
q05732,What upgrades are required in Lab 1?,upgrade_planning,Lab 1,Fedora 42,Oracle Database,TPM
q05733,Suggest an OS for computers in Library.,os_recommendation,Library,Windows 11,,
q05734,Which computers in Block B can run Windows 10?,os_compatibility_check,Block B,Windows 10,,
q05735,Find software that runs on Block B.,reverse_software_lookup,Block B,,PyCharm,
q05736,Which PCs in Block B have 8 GB RAM?,hardware_query,Block B,,,
q05737,What upgrades are required in Library?,upgrade_planning,Library,Ubuntu 24.04,Android Studio,GPU
q05738,Is AutoCAD 2026 supported in Block B?,software_compatibility_check,Block B,,AutoCAD,
q05739,Can systems in Block A support Fedora 42?,os_compatibility_check,Block A,Fedora 42,,
q05740,Display CPU details for Lab 1.,hardware_query,Lab 1,,,
q05741,Plan upgrades for Lab 2 to run Fedora 42.,upgrade_planning,Lab 2,Fedora 42,PyCharm,Secure Boot
q05742,Is PyCharm supported in Programming Lab?,software_compatibility_check,Programming Lab,,PyCharm,
q05743,Is PyCharm supported in Lab 1?,software_compatibility_check,Lab 1,,PyCharm,
q05744,Display CPU details for AI Lab.,hardware_query,AI Lab,,,
q05745,What applications are compatible with Network Lab computers?,reverse_software_lookup,Network Lab,,Android Studio,
q05746,Find systems needing CPU.,upgrade_planning,Programming Lab,Windows 10,MATLAB,CPU
q05747,Display CPU details for Lab 1.,hardware_query,Lab 1,,,
q05748,Which systems support Blender in Lab 2?,software_compatibility_check,Lab 2,,Blender,
q05749,Can computers in AI Lab run Blender?,software_compatibility_check,AI Lab,,Blender,
q05750,List software supported by PCs in Lab 2.,reverse_software_lookup,Lab 2,,Oracle Database,
q05751,Which PCs in Block B have 8 GB RAM?,hardware_query,Block B,,,
q05752,Suggest an OS for computers in Network Lab.,os_recommendation,Network Lab,Windows 10,,
q05753,Which PCs in Block B have 8 GB RAM?,hardware_query,Block B,,,
q05754,What applications are compatible with Block A computers?,reverse_software_lookup,Block A,,Visual Studio Code,
q05755,List machines in Block B that meet Ubuntu 24.04 requirements.,os_compatibility_check,Block B,Ubuntu 24.04,,
q05756,Which computers need RAM upgrade for Oracle Database?,upgrade_planning,Block B,Ubuntu 24.04,Oracle Database,RAM upgrade
q05757,List software supported by PCs in Block A.,reverse_software_lookup,Block A,,AutoCAD,
q05758,Suggest an OS for computers in Block C.,os_recommendation,Block C,Ubuntu 24.04,,
q05759,Plan upgrades for Library to run Windows 10.,upgrade_planning,Library,Windows 10,Oracle Database,Storage
q05760,Show hardware details for Block A.,hardware_query,Block A,,,
q05761,What applications are compatible with AI Lab computers?,reverse_software_lookup,AI Lab,,VMware Workstation,
q05762,Which operating system is most suitable for Lab 2?,os_recommendation,Lab 2,Linux Mint 22,,
q05763,Show hardware details for Block A.,hardware_query,Block A,,,
q05764,List machines in Block C that meet Linux Mint 22 requirements.,os_compatibility_check,Block C,Linux Mint 22,,
q05765,List machines in Programming Lab that meet Windows 10 requirements.,os_compatibility_check,Programming Lab,Windows 10,,
q05766,List software supported by PCs in Block C.,reverse_software_lookup,Block C,,MATLAB,
q05767,Can systems in Lab 1 support Debian 13?,os_compatibility_check,Lab 1,Debian 13,,
q05768,Find software that runs on Block B.,reverse_software_lookup,Block B,,VMware Workstation,
q05769,Plan upgrades for Block A to run Windows 11.,upgrade_planning,Block A,Windows 11,MATLAB,TPM
q05770,Which systems support Android Studio in Library?,software_compatibility_check,Library,,Android Studio,
q05771,Check Oracle Database compatibility for Lab 1.,software_compatibility_check,Lab 1,,Oracle Database,
q05772,List machines in Block C that meet Windows 11 requirements.,os_compatibility_check,Block C,Windows 11,,
q05773,List software supported by PCs in AI Lab.,reverse_software_lookup,AI Lab,,Oracle Database,
q05774,Which computers in Block C can run Linux Mint 22?,os_compatibility_check,Block C,Linux Mint 22,,
q05775,Suggest an OS for computers in Block C.,os_recommendation,Block C,Linux Mint 22,,
q05776,Show hardware details for Lab 1.,hardware_query,Lab 1,,,
q05777,Which operating system is most suitable for Block C?,os_recommendation,Block C,Ubuntu 24.04,,
q05778,Can computers in Lab 2 run VS Code?,software_compatibility_check,Lab 2,,Visual Studio Code,
q05779,Check Oracle Database compatibility for Library.,software_compatibility_check,Library,,Oracle Database,
q05780,List computers with SSD in Network Lab.,hardware_query,Network Lab,,,
q05781,Which software can run on computers in Block A?,reverse_software_lookup,Block A,,Oracle Database,
q05782,List software supported by PCs in AI Lab.,reverse_software_lookup,AI Lab,,VMware Workstation,
q05783,Find systems needing TPM.,upgrade_planning,AI Lab,Windows 10,Oracle Database,TPM
q05784,What applications are compatible with Lab 1 computers?,reverse_software_lookup,Lab 1,,AutoCAD,
q05785,Show hardware details for Lab 1.,hardware_query,Lab 1,,,
q05786,Display CPU details for AI Lab.,hardware_query,AI Lab,,,
q05787,Show PCs in Library incompatible with Windows 11.,os_compatibility_check,Library,Windows 11,,
q05788,Find systems needing RAM upgrade.,upgrade_planning,Block B,Windows 11,MATLAB,RAM upgrade
q05789,Which operating system is most suitable for Library?,os_recommendation,Library,Linux Mint 22,,
q05790,Which computers need GPU for Blender?,upgrade_planning,Lab 2,Windows 11,Blender,GPU
q05791,Can systems in Lab 1 support Fedora 42?,os_compatibility_check,Lab 1,Fedora 42,,
q05792,Suggest an OS for computers in Programming Lab.,os_recommendation,Programming Lab,Ubuntu 24.04,,
q05793,Suggest an OS for computers in Lab 1.,os_recommendation,Lab 1,Windows 11,,
q05794,Find systems needing Secure Boot.,upgrade_planning,Block B,Fedora 42,Android Studio,Secure Boot
q05795,Best operating system for Programming Lab?,os_recommendation,Programming Lab,Linux Mint 22,,
q05796,Show PCs in Network Lab incompatible with Linux Mint 22.,os_compatibility_check,Network Lab,Linux Mint 22,,
q05797,Which systems support VS Code in AI Lab?,software_compatibility_check,AI Lab,,Visual Studio Code,
q05798,Find systems needing RAM upgrade.,upgrade_planning,Lab 2,Fedora 42,AutoCAD,RAM upgrade
q05799,Display CPU details for Block A.,hardware_query,Block A,,,
q05800,Plan upgrades for AI Lab to run Fedora 42.,upgrade_planning,AI Lab,Fedora 42,Blender,TPM
q05801,Best operating system for AI Lab?,os_recommendation,AI Lab,Windows 11,,
q05802,List machines in Programming Lab that meet Debian 13 requirements.,os_compatibility_check,Programming Lab,Debian 13,,
q05803,Show PCs in Programming Lab incompatible with Windows 11.,os_compatibility_check,Programming Lab,Windows 11,,
q05804,What applications are compatible with Block B computers?,reverse_software_lookup,Block B,,VMware Workstation,
q05805,What applications are compatible with AI Lab computers?,reverse_software_lookup,AI Lab,,MATLAB,
q05806,Plan upgrades for Library to run Windows 10.,upgrade_planning,Library,Windows 10,VMware Workstation,Secure Boot
q05807,List computers with SSD in Programming Lab.,hardware_query,Programming Lab,,,
q05808,Plan upgrades for Lab 2 to run Windows 10.,upgrade_planning,Lab 2,Windows 10,Oracle Database,CPU
q05809,Which systems support MATLAB in Lab 2?,software_compatibility_check,Lab 2,,MATLAB,
q05810,Find software that runs on Lab 1.,reverse_software_lookup,Lab 1,,PyCharm,
q05811,Find software that runs on Block A.,reverse_software_lookup,Block A,,Visual Studio Code,
q05812,Can computers in Block A run Blender?,software_compatibility_check,Block A,,Blender,
q05813,Which computers in Network Lab can run Debian 13?,os_compatibility_check,Network Lab,Debian 13,,
q05814,Recommend the best OS for Programming Lab.,os_recommendation,Programming Lab,Fedora 42,,
q05815,Can computers in Block B run Blender?,software_compatibility_check,Block B,,Blender,
q05816,Find software that runs on Network Lab.,reverse_software_lookup,Network Lab,,Blender,
q05817,Can systems in Programming Lab support Windows 10?,os_compatibility_check,Programming Lab,Windows 10,,
q05818,Check Android Studio compatibility for Lab 2.,software_compatibility_check,Lab 2,,Android Studio,
q05819,Show hardware details for Lab 2.,hardware_query,Lab 2,,,
q05820,Which software can run on computers in Programming Lab?,reverse_software_lookup,Programming Lab,,Visual Studio Code,
q05821,Which computers need RAM upgrade for AutoCAD 2026?,upgrade_planning,Programming Lab,Debian 13,AutoCAD,RAM upgrade
q05822,Plan upgrades for AI Lab to run Windows 11.,upgrade_planning,AI Lab,Windows 11,Oracle Database,RAM upgrade
q05823,List computers with SSD in Lab 2.,hardware_query,Lab 2,,,
q05824,Can computers in Lab 1 run VS Code?,software_compatibility_check,Lab 1,,Visual Studio Code,
q05825,Show hardware details for Lab 2.,hardware_query,Lab 2,,,
q05826,Recommend the best OS for Lab 2.,os_recommendation,Lab 2,Windows 11,,
q05827,Which PCs in Library have 8 GB RAM?,hardware_query,Library,,,
q05828,Which computers in Block A can run Linux Mint 22?,os_compatibility_check,Block A,Linux Mint 22,,
q05829,Is VS Code supported in Lab 1?,software_compatibility_check,Lab 1,,Visual Studio Code,
q05830,Check AutoCAD 2026 compatibility for Network Lab.,software_compatibility_check,Network Lab,,AutoCAD,
q05831,Find software that runs on Block C.,reverse_software_lookup,Block C,,Blender,
q05832,Best operating system for Lab 2?,os_recommendation,Lab 2,Fedora 42,,
q05833,Show hardware details for Programming Lab.,hardware_query,Programming Lab,,,
q05834,List computers with SSD in Block A.,hardware_query,Block A,,,
q05835,Check Android Studio compatibility for Network Lab.,software_compatibility_check,Network Lab,,Android Studio,
q05836,Find software that runs on Lab 2.,reverse_software_lookup,Lab 2,,MATLAB,
q05837,Show hardware details for Block C.,hardware_query,Block C,,,
q05838,Check VS Code compatibility for Network Lab.,software_compatibility_check,Network Lab,,Visual Studio Code,
q05839,Show PCs in Block C incompatible with Linux Mint 22.,os_compatibility_check,Block C,Linux Mint 22,,
q05840,Which operating system is most suitable for AI Lab?,os_recommendation,AI Lab,Linux Mint 22,,
q05841,Which PCs in Block C have 8 GB RAM?,hardware_query,Block C,,,
q05842,Which computers in Block C can run Windows 10?,os_compatibility_check,Block C,Windows 10,,
q05843,Which PCs in Programming Lab have 8 GB RAM?,hardware_query,Programming Lab,,,
q05844,Which software can run on computers in Block A?,reverse_software_lookup,Block A,,MATLAB,
q05845,Display CPU details for Library.,hardware_query,Library,,,
q05846,Find software that runs on Network Lab.,reverse_software_lookup,Network Lab,,PyCharm,
q05847,Is MATLAB supported in Block B?,software_compatibility_check,Block B,,MATLAB,
q05848,Find systems needing CPU.,upgrade_planning,Lab 1,Fedora 42,VMware Workstation,CPU
q05849,Which systems support VS Code in Block A?,software_compatibility_check,Block A,,Visual Studio Code,
q05850,What applications are compatible with Block A computers?,reverse_software_lookup,Block A,,Blender,
q05851,Which computers in Block A can run Linux Mint 22?,os_compatibility_check,Block A,Linux Mint 22,,
q05852,Which software can run on computers in AI Lab?,reverse_software_lookup,AI Lab,,Visual Studio Code,
q05853,List software supported by PCs in Block B.,reverse_software_lookup,Block B,,AutoCAD,
q05854,List computers with SSD in Library.,hardware_query,Library,,,
q05855,Plan upgrades for Block A to run Debian 13.,upgrade_planning,Block A,Debian 13,AutoCAD,Secure Boot
q05856,Display CPU details for AI Lab.,hardware_query,AI Lab,,,
q05857,Find systems needing TPM.,upgrade_planning,Network Lab,Linux Mint 22,Oracle Database,TPM
q05858,Plan upgrades for Library to run Windows 11.,upgrade_planning,Library,Windows 11,AutoCAD,CPU
q05859,List computers with SSD in Block C.,hardware_query,Block C,,,
q05860,Which systems support Android Studio in Block C?,software_compatibility_check,Block C,,Android Studio,
q05861,Recommend the best OS for Programming Lab.,os_recommendation,Programming Lab,Windows 10,,
q05862,What applications are compatible with Lab 1 computers?,reverse_software_lookup,Lab 1,,AutoCAD,
q05863,What applications are compatible with Lab 1 computers?,reverse_software_lookup,Lab 1,,Android Studio,
q05864,Can systems in Library support Windows 11?,os_compatibility_check,Library,Windows 11,,
q05865,Best operating system for AI Lab?,os_recommendation,AI Lab,Ubuntu 24.04,,
q05866,List computers with SSD in Lab 2.,hardware_query,Lab 2,,,
q05867,Find software that runs on Library.,reverse_software_lookup,Library,,Android Studio,
q05868,Can systems in Network Lab support Ubuntu 24.04?,os_compatibility_check,Network Lab,Ubuntu 24.04,,
q05869,Which computers need CPU for AutoCAD 2026?,upgrade_planning,Block C,Debian 13,AutoCAD,CPU
q05870,Is AutoCAD 2026 supported in Block B?,software_compatibility_check,Block B,,AutoCAD,
q05871,What applications are compatible with Library computers?,reverse_software_lookup,Library,,MATLAB,
q05872,Find software that runs on Network Lab.,reverse_software_lookup,Network Lab,,AutoCAD,
q05873,What upgrades are required in Block B?,upgrade_planning,Block B,Fedora 42,VMware Workstation,CPU
q05874,Check Android Studio compatibility for Network Lab.,software_compatibility_check,Network Lab,,Android Studio,
q05875,List software supported by PCs in AI Lab.,reverse_software_lookup,AI Lab,,MATLAB,
q05876,Check VMware Workstation compatibility for Programming Lab.,software_compatibility_check,Programming Lab,,VMware Workstation,
q05877,Which software can run on computers in AI Lab?,reverse_software_lookup,AI Lab,,MATLAB,
q05878,Which systems support VS Code in Block B?,software_compatibility_check,Block B,,Visual Studio Code,
q05879,Which computers need Storage for Android Studio?,upgrade_planning,Network Lab,Windows 10,Android Studio,Storage
q05880,Which software can run on computers in Block C?,reverse_software_lookup,Block C,,MATLAB,
q05881,Can systems in Library support Linux Mint 22?,os_compatibility_check,Library,Linux Mint 22,,
q05882,Find software that runs on Library.,reverse_software_lookup,Library,,Oracle Database,
q05883,Find software that runs on Block C.,reverse_software_lookup,Block C,,AutoCAD,
q05884,What applications are compatible with Programming Lab computers?,reverse_software_lookup,Programming Lab,,AutoCAD,
q05885,List software supported by PCs in Programming Lab.,reverse_software_lookup,Programming Lab,,Blender,
q05886,Which PCs in Block A have 8 GB RAM?,hardware_query,Block A,,,
q05887,List computers with SSD in Block A.,hardware_query,Block A,,,
q05888,List machines in Block B that meet Debian 13 requirements.,os_compatibility_check,Block B,Debian 13,,
q05889,Which computers need Storage for VMware Workstation?,upgrade_planning,Block A,Debian 13,VMware Workstation,Storage
q05890,List software supported by PCs in Block A.,reverse_software_lookup,Block A,,Oracle Database,
q05891,What applications are compatible with Programming Lab computers?,reverse_software_lookup,Programming Lab,,Visual Studio Code,
q05892,Find software that runs on Network Lab.,reverse_software_lookup,Network Lab,,AutoCAD,
q05893,Recommend the best OS for Programming Lab.,os_recommendation,Programming Lab,Windows 10,,
q05894,Recommend the best OS for Lab 2.,os_recommendation,Lab 2,Linux Mint 22,,
q05895,Recommend the best OS for Network Lab.,os_recommendation,Network Lab,Windows 11,,
q05896,What applications are compatible with AI Lab computers?,reverse_software_lookup,AI Lab,,Visual Studio Code,
q05897,What applications are compatible with Block C computers?,reverse_software_lookup,Block C,,VMware Workstation,
q05898,What applications are compatible with Lab 2 computers?,reverse_software_lookup,Lab 2,,VMware Workstation,
q05899,Which computers need Storage for Oracle Database?,upgrade_planning,Library,Linux Mint 22,Oracle Database,Storage
q05900,What upgrades are required in Network Lab?,upgrade_planning,Network Lab,Ubuntu 24.04,VMware Workstation,RAM upgrade
q05901,Which systems support Oracle Database in Block B?,software_compatibility_check,Block B,,Oracle Database,
q05902,Best operating system for Library?,os_recommendation,Library,Ubuntu 24.04,,
q05903,What upgrades are required in Programming Lab?,upgrade_planning,Programming Lab,Windows 10,Android Studio,CPU
q05904,Show hardware details for Library.,hardware_query,Library,,,
q05905,Can systems in Programming Lab support Ubuntu 24.04?,os_compatibility_check,Programming Lab,Ubuntu 24.04,,
q05906,Can systems in Block B support Fedora 42?,os_compatibility_check,Block B,Fedora 42,,
q05907,Suggest an OS for computers in Block B.,os_recommendation,Block B,Fedora 42,,
q05908,Which computers in AI Lab can run Windows 11?,os_compatibility_check,AI Lab,Windows 11,,
q05909,Which PCs in Block C have 8 GB RAM?,hardware_query,Block C,,,
q05910,Show hardware details for AI Lab.,hardware_query,AI Lab,,,
q05911,Can systems in Lab 2 support Fedora 42?,os_compatibility_check,Lab 2,Fedora 42,,
q05912,List computers with SSD in Lab 2.,hardware_query,Lab 2,,,
q05913,Check PyCharm compatibility for Programming Lab.,software_compatibility_check,Programming Lab,,PyCharm,
q05914,Best operating system for Block A?,os_recommendation,Block A,Linux Mint 22,,
q05915,Find systems needing GPU.,upgrade_planning,Block A,Fedora 42,Oracle Database,GPU
q05916,What applications are compatible with AI Lab computers?,reverse_software_lookup,AI Lab,,Visual Studio Code,
q05917,Which operating system is most suitable for Lab 2?,os_recommendation,Lab 2,Ubuntu 24.04,,
q05918,Which PCs in Library have 8 GB RAM?,hardware_query,Library,,,
q05919,Check VS Code compatibility for Library.,software_compatibility_check,Library,,Visual Studio Code,
q05920,List machines in Lab 1 that meet Ubuntu 24.04 requirements.,os_compatibility_check,Lab 1,Ubuntu 24.04,,
q05921,Check Android Studio compatibility for Network Lab.,software_compatibility_check,Network Lab,,Android Studio,
q05922,Find systems needing TPM.,upgrade_planning,Network Lab,Linux Mint 22,Oracle Database,TPM
q05923,Which systems support Android Studio in Network Lab?,software_compatibility_check,Network Lab,,Android Studio,
q05924,Can systems in Network Lab support Windows 11?,os_compatibility_check,Network Lab,Windows 11,,
q05925,Can systems in Lab 2 support Windows 10?,os_compatibility_check,Lab 2,Windows 10,,
q05926,Show hardware details for Programming Lab.,hardware_query,Programming Lab,,,
q05927,Which computers in Programming Lab can run Windows 10?,os_compatibility_check,Programming Lab,Windows 10,,
q05928,Find software that runs on Block B.,reverse_software_lookup,Block B,,Visual Studio Code,
q05929,Find systems needing Storage.,upgrade_planning,Lab 1,Ubuntu 24.04,Blender,Storage
q05930,Which computers in Network Lab can run Windows 11?,os_compatibility_check,Network Lab,Windows 11,,
q05931,Best operating system for Lab 2?,os_recommendation,Lab 2,Windows 10,,
q05932,Which PCs in Programming Lab have 8 GB RAM?,hardware_query,Programming Lab,,,
q05933,Can computers in AI Lab run Android Studio?,software_compatibility_check,AI Lab,,Android Studio,
q05934,Suggest an OS for computers in Block C.,os_recommendation,Block C,Windows 10,,
q05935,Find systems needing TPM.,upgrade_planning,Block A,Windows 10,MATLAB,TPM
q05936,Which software can run on computers in Lab 2?,reverse_software_lookup,Lab 2,,Oracle Database,
q05937,Recommend the best OS for Block B.,os_recommendation,Block B,Ubuntu 24.04,,
q05938,Find systems needing CPU.,upgrade_planning,Block B,Windows 11,Android Studio,CPU
q05939,Best operating system for Programming Lab?,os_recommendation,Programming Lab,Linux Mint 22,,
q05940,What applications are compatible with AI Lab computers?,reverse_software_lookup,AI Lab,,PyCharm,
q05941,Show PCs in Network Lab incompatible with Windows 10.,os_compatibility_check,Network Lab,Windows 10,,
q05942,Which PCs in Block B have 8 GB RAM?,hardware_query,Block B,,,
q05943,Can systems in Lab 2 support Windows 10?,os_compatibility_check,Lab 2,Windows 10,,
q05944,List software supported by PCs in Block C.,reverse_software_lookup,Block C,,PyCharm,
q05945,Which computers need GPU for PyCharm?,upgrade_planning,Programming Lab,Linux Mint 22,PyCharm,GPU
q05946,Show hardware details for Lab 2.,hardware_query,Lab 2,,,
q05947,Best operating system for Programming Lab?,os_recommendation,Programming Lab,Windows 11,,
q05948,Find software that runs on Network Lab.,reverse_software_lookup,Network Lab,,Visual Studio Code,
q05949,Show hardware details for Lab 2.,hardware_query,Lab 2,,,
q05950,Which computers in Block A can run Debian 13?,os_compatibility_check,Block A,Debian 13,,
q05951,Recommend the best OS for Library.,os_recommendation,Library,Windows 11,,
q05952,List computers with SSD in Library.,hardware_query,Library,,,
q05953,Which operating system is most suitable for Block B?,os_recommendation,Block B,Debian 13,,
q05954,What upgrades are required in Block B?,upgrade_planning,Block B,Fedora 42,VMware Workstation,Secure Boot
q05955,Plan upgrades for Block C to run Fedora 42.,upgrade_planning,Block C,Fedora 42,Android Studio,Storage
q05956,Plan upgrades for Lab 1 to run Fedora 42.,upgrade_planning,Lab 1,Fedora 42,Android Studio,Storage
q05957,Is AutoCAD 2026 supported in Block C?,software_compatibility_check,Block C,,AutoCAD,
q05958,What upgrades are required in Lab 1?,upgrade_planning,Lab 1,Ubuntu 24.04,Visual Studio Code,RAM upgrade
q05959,Which software can run on computers in Library?,reverse_software_lookup,Library,,Visual Studio Code,
q05960,Check Oracle Database compatibility for Library.,software_compatibility_check,Library,,Oracle Database,
q05961,Plan upgrades for Library to run Windows 11.,upgrade_planning,Library,Windows 11,Visual Studio Code,Secure Boot
q05962,What upgrades are required in Programming Lab?,upgrade_planning,Programming Lab,Fedora 42,MATLAB,GPU
q05963,Suggest an OS for computers in Block A.,os_recommendation,Block A,Windows 11,,
q05964,Which software can run on computers in Block A?,reverse_software_lookup,Block A,,MATLAB,
q05965,Can systems in Lab 1 support Ubuntu 24.04?,os_compatibility_check,Lab 1,Ubuntu 24.04,,
q05966,Find software that runs on Lab 2.,reverse_software_lookup,Lab 2,,Oracle Database,
q05967,List computers with SSD in Network Lab.,hardware_query,Network Lab,,,
q05968,What upgrades are required in Programming Lab?,upgrade_planning,Programming Lab,Debian 13,MATLAB,Secure Boot
q05969,Is PyCharm supported in Library?,software_compatibility_check,Library,,PyCharm,
q05970,Can computers in Library run MATLAB?,software_compatibility_check,Library,,MATLAB,
q05971,Suggest an OS for computers in Block A.,os_recommendation,Block A,Ubuntu 24.04,,
q05972,Can computers in Block C run AutoCAD 2026?,software_compatibility_check,Block C,,AutoCAD,
q05973,Check MATLAB compatibility for Block A.,software_compatibility_check,Block A,,MATLAB,
q05974,Check Oracle Database compatibility for Lab 1.,software_compatibility_check,Lab 1,,Oracle Database,
q05975,Which systems support MATLAB in Lab 1?,software_compatibility_check,Lab 1,,MATLAB,
q05976,Which operating system is most suitable for Block C?,os_recommendation,Block C,Windows 10,,
q05977,Which operating system is most suitable for Library?,os_recommendation,Library,Windows 10,,
q05978,List software supported by PCs in Block C.,reverse_software_lookup,Block C,,VMware Workstation,
q05979,Is VMware Workstation supported in Block C?,software_compatibility_check,Block C,,VMware Workstation,
q05980,Show PCs in Lab 1 incompatible with Fedora 42.,os_compatibility_check,Lab 1,Fedora 42,,
q05981,Which PCs in Block A have 8 GB RAM?,hardware_query,Block A,,,
q05982,Find systems needing GPU.,upgrade_planning,Library,Linux Mint 22,Visual Studio Code,GPU
q05983,Which computers in AI Lab can run Fedora 42?,os_compatibility_check,AI Lab,Fedora 42,,
q05984,Find systems needing RAM upgrade.,upgrade_planning,Programming Lab,Windows 11,MATLAB,RAM upgrade
q05985,Which software can run on computers in Network Lab?,reverse_software_lookup,Network Lab,,VMware Workstation,
q05986,Display CPU details for Programming Lab.,hardware_query,Programming Lab,,,
q05987,What applications are compatible with AI Lab computers?,reverse_software_lookup,AI Lab,,Visual Studio Code,
q05988,Check VS Code compatibility for Library.,software_compatibility_check,Library,,Visual Studio Code,
q05989,Plan upgrades for AI Lab to run Debian 13.,upgrade_planning,AI Lab,Debian 13,Android Studio,TPM
q05990,Find systems needing GPU.,upgrade_planning,Library,Fedora 42,AutoCAD,GPU
q05991,Show hardware details for Network Lab.,hardware_query,Network Lab,,,
q05992,Display CPU details for Block B.,hardware_query,Block B,,,
q05993,Find software that runs on Block A.,reverse_software_lookup,Block A,,MATLAB,
q05994,List software supported by PCs in Lab 1.,reverse_software_lookup,Lab 1,,VMware Workstation,
q05995,Can computers in Network Lab run MATLAB?,software_compatibility_check,Network Lab,,MATLAB,
q05996,Which computers need Secure Boot for VMware Workstation?,upgrade_planning,Programming Lab,Linux Mint 22,VMware Workstation,Secure Boot
q05997,What applications are compatible with Library computers?,reverse_software_lookup,Library,,MATLAB,
q05998,List machines in Network Lab that meet Debian 13 requirements.,os_compatibility_check,Network Lab,Debian 13,,
q05999,Recommend the best OS for Lab 2.,os_recommendation,Lab 2,Fedora 42,,
q06000,What upgrades are required in Block A?,upgrade_planning,Block A,Ubuntu 24.04,MATLAB,Secure Boot
q06001,Which PCs in Library have 8 GB RAM?,hardware_query,Library,,,
q06002,List software supported by PCs in Block A.,reverse_software_lookup,Block A,,Android Studio,
q06003,Which PCs in Library have 8 GB RAM?,hardware_query,Library,,,
q06004,Best operating system for Library?,os_recommendation,Library,Windows 11,,
q06005,Which computers in AI Lab can run Windows 11?,os_compatibility_check,AI Lab,Windows 11,,
q06006,Recommend the best OS for Block C.,os_recommendation,Block C,Debian 13,,
q06007,Which operating system is most suitable for Block B?,os_recommendation,Block B,Linux Mint 22,,
q06008,Which software can run on computers in Programming Lab?,reverse_software_lookup,Programming Lab,,Oracle Database,
q06009,List machines in Block B that meet Windows 10 requirements.,os_compatibility_check,Block B,Windows 10,,
q06010,Which computers in Lab 2 can run Ubuntu 24.04?,os_compatibility_check,Lab 2,Ubuntu 24.04,,
q06011,Recommend the best OS for AI Lab.,os_recommendation,AI Lab,Fedora 42,,
q06012,Show PCs in Library incompatible with Debian 13.,os_compatibility_check,Library,Debian 13,,
q06013,List computers with SSD in Lab 2.,hardware_query,Lab 2,,,
q06014,Show PCs in Block A incompatible with Linux Mint 22.,os_compatibility_check,Block A,Linux Mint 22,,
q06015,What applications are compatible with Network Lab computers?,reverse_software_lookup,Network Lab,,PyCharm,
q06016,What applications are compatible with Block A computers?,reverse_software_lookup,Block A,,Visual Studio Code,
q06017,Which systems support AutoCAD 2026 in Programming Lab?,software_compatibility_check,Programming Lab,,AutoCAD,
q06018,Which systems support VS Code in Block B?,software_compatibility_check,Block B,,Visual Studio Code,
q06019,Display CPU details for Lab 1.,hardware_query,Lab 1,,,
q06020,Which systems support PyCharm in AI Lab?,software_compatibility_check,AI Lab,,PyCharm,
q06021,Plan upgrades for Network Lab to run Ubuntu 24.04.,upgrade_planning,Network Lab,Ubuntu 24.04,MATLAB,Secure Boot
q06022,What upgrades are required in Block B?,upgrade_planning,Block B,Debian 13,VMware Workstation,CPU
q06023,Can computers in Programming Lab run Oracle Database?,software_compatibility_check,Programming Lab,,Oracle Database,
q06024,Which computers in Programming Lab can run Debian 13?,os_compatibility_check,Programming Lab,Debian 13,,
q06025,Which computers in Block A can run Ubuntu 24.04?,os_compatibility_check,Block A,Ubuntu 24.04,,
q06026,Which computers in Block A can run Fedora 42?,os_compatibility_check,Block A,Fedora 42,,
q06027,Plan upgrades for Block B to run Linux Mint 22.,upgrade_planning,Block B,Linux Mint 22,VMware Workstation,Storage
q06028,List software supported by PCs in Library.,reverse_software_lookup,Library,,Oracle Database,
q06029,What applications are compatible with Programming Lab computers?,reverse_software_lookup,Programming Lab,,AutoCAD,
q06030,Show PCs in AI Lab incompatible with Ubuntu 24.04.,os_compatibility_check,AI Lab,Ubuntu 24.04,,
q06031,Which operating system is most suitable for AI Lab?,os_recommendation,AI Lab,Linux Mint 22,,
q06032,Can computers in Block C run PyCharm?,software_compatibility_check,Block C,,PyCharm,
q06033,List machines in Library that meet Linux Mint 22 requirements.,os_compatibility_check,Library,Linux Mint 22,,
q06034,Find systems needing Storage.,upgrade_planning,Programming Lab,Ubuntu 24.04,Android Studio,Storage
q06035,Is MATLAB supported in Lab 1?,software_compatibility_check,Lab 1,,MATLAB,
q06036,Best operating system for Library?,os_recommendation,Library,Windows 10,,
q06037,Find systems needing Storage.,upgrade_planning,Block C,Ubuntu 24.04,Blender,Storage
q06038,Which operating system is most suitable for Block C?,os_recommendation,Block C,Debian 13,,
q06039,Check MATLAB compatibility for Lab 1.,software_compatibility_check,Lab 1,,MATLAB,
q06040,What applications are compatible with Network Lab computers?,reverse_software_lookup,Network Lab,,VMware Workstation,
q06041,Which systems support Oracle Database in Lab 1?,software_compatibility_check,Lab 1,,Oracle Database,
q06042,Is Android Studio supported in Lab 2?,software_compatibility_check,Lab 2,,Android Studio,
q06043,Show hardware details for AI Lab.,hardware_query,AI Lab,,,
q06044,What applications are compatible with Block B computers?,reverse_software_lookup,Block B,,Android Studio,
q06045,List machines in Library that meet Windows 10 requirements.,os_compatibility_check,Library,Windows 10,,
q06046,List computers with SSD in AI Lab.,hardware_query,AI Lab,,,
q06047,Is Android Studio supported in Network Lab?,software_compatibility_check,Network Lab,,Android Studio,
q06048,Find software that runs on Lab 1.,reverse_software_lookup,Lab 1,,Oracle Database,
q06049,List computers with SSD in Block B.,hardware_query,Block B,,,
q06050,Display CPU details for Block A.,hardware_query,Block A,,,
q06051,What upgrades are required in Library?,upgrade_planning,Library,Ubuntu 24.04,Blender,RAM upgrade
q06052,Show PCs in Programming Lab incompatible with Windows 11.,os_compatibility_check,Programming Lab,Windows 11,,
q06053,Recommend the best OS for AI Lab.,os_recommendation,AI Lab,Windows 10,,
q06054,List computers with SSD in Network Lab.,hardware_query,Network Lab,,,
q06055,List computers with SSD in AI Lab.,hardware_query,AI Lab,,,
q06056,Is Android Studio supported in Lab 2?,software_compatibility_check,Lab 2,,Android Studio,
q06057,Which software can run on computers in Network Lab?,reverse_software_lookup,Network Lab,,AutoCAD,
q06058,What upgrades are required in Block A?,upgrade_planning,Block A,Debian 13,Android Studio,GPU
q06059,Which PCs in Lab 2 have 8 GB RAM?,hardware_query,Lab 2,,,
q06060,What applications are compatible with Programming Lab computers?,reverse_software_lookup,Programming Lab,,Android Studio,
q06061,Which operating system is most suitable for Programming Lab?,os_recommendation,Programming Lab,Fedora 42,,
q06062,List computers with SSD in Lab 2.,hardware_query,Lab 2,,,
q06063,Plan upgrades for Block C to run Windows 11.,upgrade_planning,Block C,Windows 11,VMware Workstation,Storage
q06064,Which computers in Block A can run Debian 13?,os_compatibility_check,Block A,Debian 13,,
q06065,What upgrades are required in Programming Lab?,upgrade_planning,Programming Lab,Fedora 42,VMware Workstation,Secure Boot
q06066,Show hardware details for Network Lab.,hardware_query,Network Lab,,,
q06067,Display CPU details for Block A.,hardware_query,Block A,,,
q06068,Plan upgrades for Network Lab to run Linux Mint 22.,upgrade_planning,Network Lab,Linux Mint 22,Oracle Database,RAM upgrade
q06069,Which operating system is most suitable for Network Lab?,os_recommendation,Network Lab,Windows 10,,
q06070,Is VMware Workstation supported in Programming Lab?,software_compatibility_check,Programming Lab,,VMware Workstation,
q06071,Find systems needing Storage.,upgrade_planning,Block C,Linux Mint 22,Oracle Database,Storage
q06072,Find software that runs on AI Lab.,reverse_software_lookup,AI Lab,,Visual Studio Code,
q06073,Which operating system is most suitable for AI Lab?,os_recommendation,AI Lab,Linux Mint 22,,
q06074,Which software can run on computers in Network Lab?,reverse_software_lookup,Network Lab,,Oracle Database,
q06075,Which computers need CPU for PyCharm?,upgrade_planning,Library,Linux Mint 22,PyCharm,CPU
q06076,Show hardware details for Network Lab.,hardware_query,Network Lab,,,
q06077,Suggest an OS for computers in Lab 2.,os_recommendation,Lab 2,Ubuntu 24.04,,
q06078,Show hardware details for Library.,hardware_query,Library,,,
q06079,List computers with SSD in Lab 2.,hardware_query,Lab 2,,,
q06080,Check Blender compatibility for Block A.,software_compatibility_check,Block A,,Blender,
q06081,Best operating system for Block B?,os_recommendation,Block B,Ubuntu 24.04,,
q06082,Suggest an OS for computers in AI Lab.,os_recommendation,AI Lab,Windows 10,,
q06083,Display CPU details for Block A.,hardware_query,Block A,,,
q06084,Find systems needing TPM.,upgrade_planning,Block A,Fedora 42,PyCharm,TPM
q06085,Can systems in Lab 1 support Debian 13?,os_compatibility_check,Lab 1,Debian 13,,
q06086,Show hardware details for Block B.,hardware_query,Block B,,,
q06087,List machines in Lab 2 that meet Windows 11 requirements.,os_compatibility_check,Lab 2,Windows 11,,
q06088,Which systems support Blender in Block B?,software_compatibility_check,Block B,,Blender,
q06089,Display CPU details for AI Lab.,hardware_query,AI Lab,,,
q06090,Plan upgrades for Block B to run Ubuntu 24.04.,upgrade_planning,Block B,Ubuntu 24.04,Android Studio,Storage
q06091,Find systems needing CPU.,upgrade_planning,Network Lab,Windows 10,Blender,CPU
q06092,Best operating system for Library?,os_recommendation,Library,Ubuntu 24.04,,
q06093,Is MATLAB supported in Block B?,software_compatibility_check,Block B,,MATLAB,
q06094,Find software that runs on AI Lab.,reverse_software_lookup,AI Lab,,Android Studio,
q06095,List computers with SSD in Library.,hardware_query,Library,,,
q06096,Which PCs in AI Lab have 8 GB RAM?,hardware_query,AI Lab,,,
q06097,List computers with SSD in AI Lab.,hardware_query,AI Lab,,,
q06098,Which operating system is most suitable for Block C?,os_recommendation,Block C,Linux Mint 22,,
q06099,Can computers in Network Lab run VMware Workstation?,software_compatibility_check,Network Lab,,VMware Workstation,
q06100,Suggest an OS for computers in Block B.,os_recommendation,Block B,Windows 10,,
q06101,Which systems support VMware Workstation in AI Lab?,software_compatibility_check,AI Lab,,VMware Workstation,
q06102,Which computers in Block A can run Debian 13?,os_compatibility_check,Block A,Debian 13,,
q06103,Show PCs in Block B incompatible with Windows 11.,os_compatibility_check,Block B,Windows 11,,
q06104,Which PCs in Lab 1 have 8 GB RAM?,hardware_query,Lab 1,,,
q06105,Can systems in Library support Ubuntu 24.04?,os_compatibility_check,Library,Ubuntu 24.04,,
q06106,What upgrades are required in Lab 2?,upgrade_planning,Lab 2,Linux Mint 22,Oracle Database,TPM
q06107,Best operating system for Library?,os_recommendation,Library,Debian 13,,
q06108,Which systems support Oracle Database in Network Lab?,software_compatibility_check,Network Lab,,Oracle Database,
q06109,List machines in Block A that meet Ubuntu 24.04 requirements.,os_compatibility_check,Block A,Ubuntu 24.04,,
q06110,What upgrades are required in Block B?,upgrade_planning,Block B,Windows 10,Blender,TPM
q06111,Can systems in Block A support Windows 10?,os_compatibility_check,Block A,Windows 10,,
q06112,Show hardware details for Programming Lab.,hardware_query,Programming Lab,,,
q06113,Display CPU details for Network Lab.,hardware_query,Network Lab,,,
q06114,Which PCs in Block B have 8 GB RAM?,hardware_query,Block B,,,
q06115,Is Blender supported in Lab 2?,software_compatibility_check,Lab 2,,Blender,
q06116,What upgrades are required in AI Lab?,upgrade_planning,AI Lab,Linux Mint 22,PyCharm,TPM
q06117,Which computers in AI Lab can run Windows 10?,os_compatibility_check,AI Lab,Windows 10,,
q06118,Plan upgrades for Block B to run Windows 10.,upgrade_planning,Block B,Windows 10,Android Studio,RAM upgrade
q06119,Suggest an OS for computers in Lab 1.,os_recommendation,Lab 1,Windows 11,,
q06120,Recommend the best OS for Library.,os_recommendation,Library,Fedora 42,,
q06121,Which computers in Block A can run Windows 11?,os_compatibility_check,Block A,Windows 11,,
q06122,Show PCs in Programming Lab incompatible with Windows 11.,os_compatibility_check,Programming Lab,Windows 11,,
q06123,Is Android Studio supported in Block A?,software_compatibility_check,Block A,,Android Studio,
q06124,Can systems in Block C support Ubuntu 24.04?,os_compatibility_check,Block C,Ubuntu 24.04,,
q06125,Which computers need Storage for AutoCAD 2026?,upgrade_planning,Block A,Fedora 42,AutoCAD,Storage
q06126,Which computers in Block A can run Fedora 42?,os_compatibility_check,Block A,Fedora 42,,
q06127,List machines in Block C that meet Linux Mint 22 requirements.,os_compatibility_check,Block C,Linux Mint 22,,
q06128,Find systems needing CPU.,upgrade_planning,Block A,Linux Mint 22,AutoCAD,CPU
q06129,Which computers in Lab 2 can run Windows 10?,os_compatibility_check,Lab 2,Windows 10,,
q06130,Can systems in Block C support Windows 11?,os_compatibility_check,Block C,Windows 11,,
q06131,Check VMware Workstation compatibility for Lab 2.,software_compatibility_check,Lab 2,,VMware Workstation,
q06132,Recommend the best OS for Lab 2.,os_recommendation,Lab 2,Windows 11,,
q06133,Suggest an OS for computers in Programming Lab.,os_recommendation,Programming Lab,Ubuntu 24.04,,
q06134,Which software can run on computers in Library?,reverse_software_lookup,Library,,VMware Workstation,
q06135,Which systems support Android Studio in Library?,software_compatibility_check,Library,,Android Studio,
q06136,Show hardware details for Library.,hardware_query,Library,,,
q06137,Can systems in AI Lab support Windows 11?,os_compatibility_check,AI Lab,Windows 11,,
q06138,List software supported by PCs in Block C.,reverse_software_lookup,Block C,,Blender,
q06139,Plan upgrades for Programming Lab to run Fedora 42.,upgrade_planning,Programming Lab,Fedora 42,Android Studio,Secure Boot
q06140,Which computers in Block B can run Fedora 42?,os_compatibility_check,Block B,Fedora 42,,
q06141,What upgrades are required in Library?,upgrade_planning,Library,Windows 11,VMware Workstation,Storage
q06142,Find systems needing Secure Boot.,upgrade_planning,Network Lab,Windows 10,Android Studio,Secure Boot
q06143,Show PCs in Network Lab incompatible with Windows 10.,os_compatibility_check,Network Lab,Windows 10,,
q06144,What upgrades are required in Block B?,upgrade_planning,Block B,Windows 10,Blender,Secure Boot
q06145,Can systems in Block B support Windows 11?,os_compatibility_check,Block B,Windows 11,,
q06146,Can systems in AI Lab support Linux Mint 22?,os_compatibility_check,AI Lab,Linux Mint 22,,
q06147,List machines in Block A that meet Debian 13 requirements.,os_compatibility_check,Block A,Debian 13,,
q06148,Find systems needing CPU.,upgrade_planning,AI Lab,Fedora 42,Visual Studio Code,CPU
q06149,Which PCs in Network Lab have 8 GB RAM?,hardware_query,Network Lab,,,
q06150,Which PCs in Lab 1 have 8 GB RAM?,hardware_query,Lab 1,,,
q06151,Which PCs in Network Lab have 8 GB RAM?,hardware_query,Network Lab,,,
q06152,List software supported by PCs in Programming Lab.,reverse_software_lookup,Programming Lab,,VMware Workstation,
q06153,Which computers in Lab 1 can run Ubuntu 24.04?,os_compatibility_check,Lab 1,Ubuntu 24.04,,
q06154,Which computers need GPU for Blender?,upgrade_planning,Programming Lab,Debian 13,Blender,GPU
q06155,Show hardware details for Lab 2.,hardware_query,Lab 2,,,
q06156,Plan upgrades for Programming Lab to run Windows 11.,upgrade_planning,Programming Lab,Windows 11,AutoCAD,CPU
q06157,Show hardware details for Block C.,hardware_query,Block C,,,
q06158,Is VS Code supported in Lab 1?,software_compatibility_check,Lab 1,,Visual Studio Code,
q06159,Which systems support MATLAB in Block B?,software_compatibility_check,Block B,,MATLAB,
q06160,Find systems needing GPU.,upgrade_planning,Block B,Fedora 42,PyCharm,GPU
q06161,Can systems in Block C support Windows 11?,os_compatibility_check,Block C,Windows 11,,
q06162,List machines in Block B that meet Ubuntu 24.04 requirements.,os_compatibility_check,Block B,Ubuntu 24.04,,
q06163,Check AutoCAD 2026 compatibility for Library.,software_compatibility_check,Library,,AutoCAD,
q06164,Can computers in Lab 1 run PyCharm?,software_compatibility_check,Lab 1,,PyCharm,
q06165,Which operating system is most suitable for Programming Lab?,os_recommendation,Programming Lab,Windows 11,,
q06166,Which computers need GPU for Oracle Database?,upgrade_planning,Lab 1,Debian 13,Oracle Database,GPU
q06167,List machines in Lab 1 that meet Windows 10 requirements.,os_compatibility_check,Lab 1,Windows 10,,
q06168,List computers with SSD in AI Lab.,hardware_query,AI Lab,,,
q06169,Which computers need GPU for VS Code?,upgrade_planning,Programming Lab,Windows 11,Visual Studio Code,GPU
q06170,Can computers in Block C run Blender?,software_compatibility_check,Block C,,Blender,
q06171,Recommend the best OS for Network Lab.,os_recommendation,Network Lab,Ubuntu 24.04,,
q06172,Show PCs in Lab 1 incompatible with Ubuntu 24.04.,os_compatibility_check,Lab 1,Ubuntu 24.04,,
q06173,Recommend the best OS for Programming Lab.,os_recommendation,Programming Lab,Debian 13,,
q06174,Recommend the best OS for Block C.,os_recommendation,Block C,Windows 11,,
q06175,Plan upgrades for Block A to run Fedora 42.,upgrade_planning,Block A,Fedora 42,Blender,Secure Boot
q06176,Find software that runs on Lab 2.,reverse_software_lookup,Lab 2,,PyCharm,
q06177,Which operating system is most suitable for Block C?,os_recommendation,Block C,Linux Mint 22,,
q06178,Show PCs in Lab 1 incompatible with Windows 11.,os_compatibility_check,Lab 1,Windows 11,,
q06179,Which operating system is most suitable for Block A?,os_recommendation,Block A,Windows 11,,
q06180,Which operating system is most suitable for Block C?,os_recommendation,Block C,Fedora 42,,
q06181,Can systems in AI Lab support Ubuntu 24.04?,os_compatibility_check,AI Lab,Ubuntu 24.04,,
q06182,Which PCs in Lab 1 have 8 GB RAM?,hardware_query,Lab 1,,,
q06183,Which operating system is most suitable for AI Lab?,os_recommendation,AI Lab,Debian 13,,
q06184,Check MATLAB compatibility for Library.,software_compatibility_check,Library,,MATLAB,
q06185,Best operating system for Block C?,os_recommendation,Block C,Windows 10,,
q06186,Which operating system is most suitable for Block B?,os_recommendation,Block B,Linux Mint 22,,
q06187,Is Blender supported in Lab 2?,software_compatibility_check,Lab 2,,Blender,
q06188,Plan upgrades for Programming Lab to run Ubuntu 24.04.,upgrade_planning,Programming Lab,Ubuntu 24.04,Oracle Database,CPU
q06189,What upgrades are required in Lab 1?,upgrade_planning,Lab 1,Debian 13,Oracle Database,RAM upgrade
q06190,Which software can run on computers in Lab 1?,reverse_software_lookup,Lab 1,,PyCharm,
q06191,Best operating system for Library?,os_recommendation,Library,Linux Mint 22,,
q06192,Check AutoCAD 2026 compatibility for Library.,software_compatibility_check,Library,,AutoCAD,
q06193,Which systems support VMware Workstation in Block A?,software_compatibility_check,Block A,,VMware Workstation,
q06194,Check VMware Workstation compatibility for Library.,software_compatibility_check,Library,,VMware Workstation,
q06195,Can computers in AI Lab run MATLAB?,software_compatibility_check,AI Lab,,MATLAB,
q06196,Which software can run on computers in Network Lab?,reverse_software_lookup,Network Lab,,Blender,
q06197,List machines in Block A that meet Linux Mint 22 requirements.,os_compatibility_check,Block A,Linux Mint 22,,
q06198,Which software can run on computers in AI Lab?,reverse_software_lookup,AI Lab,,PyCharm,
q06199,What upgrades are required in Lab 2?,upgrade_planning,Lab 2,Debian 13,Blender,GPU
q06200,Check MATLAB compatibility for Lab 2.,software_compatibility_check,Lab 2,,MATLAB,
q06201,List computers with SSD in Block C.,hardware_query,Block C,,,
q06202,Which PCs in Block A have 8 GB RAM?,hardware_query,Block A,,,
q06203,What applications are compatible with Lab 2 computers?,reverse_software_lookup,Lab 2,,Android Studio,
q06204,Show PCs in Lab 1 incompatible with Windows 11.,os_compatibility_check,Lab 1,Windows 11,,
q06205,What applications are compatible with Block C computers?,reverse_software_lookup,Block C,,Android Studio,
q06206,Show PCs in Lab 2 incompatible with Linux Mint 22.,os_compatibility_check,Lab 2,Linux Mint 22,,
q06207,Which PCs in Network Lab have 8 GB RAM?,hardware_query,Network Lab,,,
q06208,Is VMware Workstation supported in AI Lab?,software_compatibility_check,AI Lab,,VMware Workstation,
q06209,List software supported by PCs in Block C.,reverse_software_lookup,Block C,,Blender,
q06210,Find software that runs on Library.,reverse_software_lookup,Library,,Visual Studio Code,
q06211,Can computers in Block A run PyCharm?,software_compatibility_check,Block A,,PyCharm,
q06212,Which systems support PyCharm in Block A?,software_compatibility_check,Block A,,PyCharm,
q06213,Show PCs in Block A incompatible with Windows 10.,os_compatibility_check,Block A,Windows 10,,
q06214,Is VS Code supported in Block B?,software_compatibility_check,Block B,,Visual Studio Code,
q06215,Can computers in Block C run VMware Workstation?,software_compatibility_check,Block C,,VMware Workstation,
q06216,Is Oracle Database supported in Block A?,software_compatibility_check,Block A,,Oracle Database,
q06217,Is Oracle Database supported in Lab 1?,software_compatibility_check,Lab 1,,Oracle Database,
q06218,List computers with SSD in Programming Lab.,hardware_query,Programming Lab,,,
q06219,Suggest an OS for computers in Lab 1.,os_recommendation,Lab 1,Windows 11,,
q06220,Which systems support VS Code in Block C?,software_compatibility_check,Block C,,Visual Studio Code,
q06221,Which computers need CPU for Oracle Database?,upgrade_planning,Block B,Fedora 42,Oracle Database,CPU
q06222,Find software that runs on Lab 1.,reverse_software_lookup,Lab 1,,Visual Studio Code,
q06223,List computers with SSD in Programming Lab.,hardware_query,Programming Lab,,,
q06224,What upgrades are required in Library?,upgrade_planning,Library,Ubuntu 24.04,Oracle Database,RAM upgrade
q06225,Check VMware Workstation compatibility for Block C.,software_compatibility_check,Block C,,VMware Workstation,
q06226,Plan upgrades for AI Lab to run Linux Mint 22.,upgrade_planning,AI Lab,Linux Mint 22,Blender,TPM
q06227,Which PCs in Block A have 8 GB RAM?,hardware_query,Block A,,,
q06228,Find software that runs on Block B.,reverse_software_lookup,Block B,,AutoCAD,
q06229,Which software can run on computers in Lab 2?,reverse_software_lookup,Lab 2,,PyCharm,
q06230,Which PCs in Programming Lab have 8 GB RAM?,hardware_query,Programming Lab,,,
q06231,Which computers need Storage for Oracle Database?,upgrade_planning,Programming Lab,Ubuntu 24.04,Oracle Database,Storage
q06232,Show hardware details for Block A.,hardware_query,Block A,,,
q06233,Which computers in AI Lab can run Fedora 42?,os_compatibility_check,AI Lab,Fedora 42,,
q06234,Which PCs in Lab 2 have 8 GB RAM?,hardware_query,Lab 2,,,
q06235,Show hardware details for Block C.,hardware_query,Block C,,,
q06236,Show hardware details for Block B.,hardware_query,Block B,,,
q06237,Which software can run on computers in AI Lab?,reverse_software_lookup,AI Lab,,Blender,
q06238,Best operating system for Library?,os_recommendation,Library,Windows 10,,
q06239,Suggest an OS for computers in Network Lab.,os_recommendation,Network Lab,Linux Mint 22,,
q06240,Which PCs in Programming Lab have 8 GB RAM?,hardware_query,Programming Lab,,,
q06241,List machines in Network Lab that meet Debian 13 requirements.,os_compatibility_check,Network Lab,Debian 13,,
q06242,Which computers in Programming Lab can run Ubuntu 24.04?,os_compatibility_check,Programming Lab,Ubuntu 24.04,,
q06243,Which operating system is most suitable for Library?,os_recommendation,Library,Windows 10,,
q06244,Which systems support VS Code in Library?,software_compatibility_check,Library,,Visual Studio Code,
q06245,Recommend the best OS for Programming Lab.,os_recommendation,Programming Lab,Windows 10,,
q06246,Can systems in Lab 2 support Linux Mint 22?,os_compatibility_check,Lab 2,Linux Mint 22,,
q06247,Can computers in AI Lab run Android Studio?,software_compatibility_check,AI Lab,,Android Studio,
q06248,Which PCs in Block C have 8 GB RAM?,hardware_query,Block C,,,
q06249,Which PCs in Network Lab have 8 GB RAM?,hardware_query,Network Lab,,,
q06250,List computers with SSD in Lab 1.,hardware_query,Lab 1,,,
q06251,Check AutoCAD 2026 compatibility for Lab 2.,software_compatibility_check,Lab 2,,AutoCAD,
q06252,Best operating system for Block A?,os_recommendation,Block A,Windows 11,,
q06253,Find software that runs on AI Lab.,reverse_software_lookup,AI Lab,,Oracle Database,
q06254,Which PCs in Network Lab have 8 GB RAM?,hardware_query,Network Lab,,,
q06255,Which computers in Programming Lab can run Linux Mint 22?,os_compatibility_check,Programming Lab,Linux Mint 22,,
q06256,Which computers need TPM for AutoCAD 2026?,upgrade_planning,Programming Lab,Windows 10,AutoCAD,TPM
q06257,Which systems support PyCharm in Block A?,software_compatibility_check,Block A,,PyCharm,
q06258,Check Oracle Database compatibility for AI Lab.,software_compatibility_check,AI Lab,,Oracle Database,
q06259,Which systems support MATLAB in Programming Lab?,software_compatibility_check,Programming Lab,,MATLAB,
q06260,Best operating system for Block A?,os_recommendation,Block A,Debian 13,,
q06261,What upgrades are required in AI Lab?,upgrade_planning,AI Lab,Windows 11,Android Studio,TPM
q06262,Is Android Studio supported in Block C?,software_compatibility_check,Block C,,Android Studio,
q06263,Find software that runs on Lab 1.,reverse_software_lookup,Lab 1,,Oracle Database,
q06264,Suggest an OS for computers in Lab 1.,os_recommendation,Lab 1,Fedora 42,,
q06265,List software supported by PCs in Lab 1.,reverse_software_lookup,Lab 1,,MATLAB,
q06266,Which systems support AutoCAD 2026 in Lab 1?,software_compatibility_check,Lab 1,,AutoCAD,
q06267,Plan upgrades for Programming Lab to run Fedora 42.,upgrade_planning,Programming Lab,Fedora 42,Visual Studio Code,GPU
q06268,Which software can run on computers in Network Lab?,reverse_software_lookup,Network Lab,,MATLAB,
q06269,List software supported by PCs in Lab 2.,reverse_software_lookup,Lab 2,,PyCharm,
q06270,List machines in Library that meet Windows 10 requirements.,os_compatibility_check,Library,Windows 10,,
q06271,Show PCs in Network Lab incompatible with Windows 11.,os_compatibility_check,Network Lab,Windows 11,,
q06272,List software supported by PCs in Block B.,reverse_software_lookup,Block B,,VMware Workstation,
q06273,Can systems in Library support Ubuntu 24.04?,os_compatibility_check,Library,Ubuntu 24.04,,
q06274,Which operating system is most suitable for Network Lab?,os_recommendation,Network Lab,Ubuntu 24.04,,
q06275,List computers with SSD in Block A.,hardware_query,Block A,,,
q06276,Check Blender compatibility for Lab 1.,software_compatibility_check,Lab 1,,Blender,
q06277,List computers with SSD in Programming Lab.,hardware_query,Programming Lab,,,
q06278,Suggest an OS for computers in Block B.,os_recommendation,Block B,Windows 10,,
q06279,Find systems needing CPU.,upgrade_planning,AI Lab,Windows 11,Android Studio,CPU
q06280,Can computers in Block C run Oracle Database?,software_compatibility_check,Block C,,Oracle Database,
q06281,Which PCs in Block C have 8 GB RAM?,hardware_query,Block C,,,
q06282,What applications are compatible with Block A computers?,reverse_software_lookup,Block A,,VMware Workstation,
q06283,What upgrades are required in AI Lab?,upgrade_planning,AI Lab,Windows 10,AutoCAD,Secure Boot
q06284,Is Blender supported in Block C?,software_compatibility_check,Block C,,Blender,
q06285,Can computers in Programming Lab run AutoCAD 2026?,software_compatibility_check,Programming Lab,,AutoCAD,
q06286,Check VS Code compatibility for Block C.,software_compatibility_check,Block C,,Visual Studio Code,
q06287,What upgrades are required in AI Lab?,upgrade_planning,AI Lab,Windows 10,VMware Workstation,GPU
q06288,Suggest an OS for computers in Block A.,os_recommendation,Block A,Windows 11,,
q06289,Check Android Studio compatibility for Block C.,software_compatibility_check,Block C,,Android Studio,
q06290,List computers with SSD in Network Lab.,hardware_query,Network Lab,,,
q06291,Which computers in Library can run Windows 10?,os_compatibility_check,Library,Windows 10,,
q06292,List software supported by PCs in Block C.,reverse_software_lookup,Block C,,AutoCAD,
q06293,Suggest an OS for computers in Library.,os_recommendation,Library,Windows 10,,
q06294,Which software can run on computers in Programming Lab?,reverse_software_lookup,Programming Lab,,Visual Studio Code,
q06295,List software supported by PCs in Library.,reverse_software_lookup,Library,,Oracle Database,
q06296,Suggest an OS for computers in Lab 2.,os_recommendation,Lab 2,Debian 13,,
q06297,Which operating system is most suitable for Lab 2?,os_recommendation,Lab 2,Ubuntu 24.04,,
q06298,Is Android Studio supported in Programming Lab?,software_compatibility_check,Programming Lab,,Android Studio,
q06299,Check VMware Workstation compatibility for Block A.,software_compatibility_check,Block A,,VMware Workstation,
q06300,Find software that runs on Library.,reverse_software_lookup,Library,,Visual Studio Code,
q06301,Recommend the best OS for Block B.,os_recommendation,Block B,Linux Mint 22,,
q06302,Can computers in Block A run Oracle Database?,software_compatibility_check,Block A,,Oracle Database,
q06303,Best operating system for Block A?,os_recommendation,Block A,Windows 11,,
q06304,Which software can run on computers in Block A?,reverse_software_lookup,Block A,,MATLAB,
q06305,Recommend the best OS for Block B.,os_recommendation,Block B,Debian 13,,
q06306,What upgrades are required in Block A?,upgrade_planning,Block A,Debian 13,Blender,GPU
q06307,Which systems support Android Studio in Programming Lab?,software_compatibility_check,Programming Lab,,Android Studio,
q06308,List software supported by PCs in Block A.,reverse_software_lookup,Block A,,MATLAB,
q06309,Which computers need TPM for VMware Workstation?,upgrade_planning,Lab 1,Debian 13,VMware Workstation,TPM
q06310,Find software that runs on Block B.,reverse_software_lookup,Block B,,VMware Workstation,
q06311,Check Oracle Database compatibility for Block B.,software_compatibility_check,Block B,,Oracle Database,
q06312,Which systems support AutoCAD 2026 in Block C?,software_compatibility_check,Block C,,AutoCAD,
q06313,What upgrades are required in Lab 2?,upgrade_planning,Lab 2,Fedora 42,Android Studio,TPM
q06314,Which PCs in Block B have 8 GB RAM?,hardware_query,Block B,,,
q06315,Check Oracle Database compatibility for Lab 1.,software_compatibility_check,Lab 1,,Oracle Database,
q06316,Find software that runs on Lab 1.,reverse_software_lookup,Lab 1,,PyCharm,
q06317,Display CPU details for Library.,hardware_query,Library,,,
q06318,What upgrades are required in Library?,upgrade_planning,Library,Windows 11,AutoCAD,Storage
q06319,Show hardware details for Lab 1.,hardware_query,Lab 1,,,
q06320,Is VMware Workstation supported in Programming Lab?,software_compatibility_check,Programming Lab,,VMware Workstation,
q06321,List software supported by PCs in Programming Lab.,reverse_software_lookup,Programming Lab,,Oracle Database,
q06322,Plan upgrades for Programming Lab to run Fedora 42.,upgrade_planning,Programming Lab,Fedora 42,Blender,Storage
q06323,Is AutoCAD 2026 supported in Block C?,software_compatibility_check,Block C,,AutoCAD,
q06324,Is Android Studio supported in Network Lab?,software_compatibility_check,Network Lab,,Android Studio,
q06325,Can systems in Block A support Debian 13?,os_compatibility_check,Block A,Debian 13,,
q06326,Recommend the best OS for Library.,os_recommendation,Library,Debian 13,,
q06327,Is MATLAB supported in AI Lab?,software_compatibility_check,AI Lab,,MATLAB,
q06328,Check Oracle Database compatibility for Block B.,software_compatibility_check,Block B,,Oracle Database,
q06329,Recommend the best OS for Network Lab.,os_recommendation,Network Lab,Debian 13,,
q06330,Suggest an OS for computers in Block A.,os_recommendation,Block A,Windows 10,,
q06331,Which PCs in Lab 1 have 8 GB RAM?,hardware_query,Lab 1,,,
q06332,Suggest an OS for computers in Lab 2.,os_recommendation,Lab 2,Windows 10,,
q06333,Which PCs in Block C have 8 GB RAM?,hardware_query,Block C,,,
q06334,Show hardware details for Lab 1.,hardware_query,Lab 1,,,
q06335,List software supported by PCs in Network Lab.,reverse_software_lookup,Network Lab,,Oracle Database,
q06336,Suggest an OS for computers in Lab 2.,os_recommendation,Lab 2,Debian 13,,
q06337,Can computers in Programming Lab run AutoCAD 2026?,software_compatibility_check,Programming Lab,,AutoCAD,
q06338,Show PCs in Library incompatible with Debian 13.,os_compatibility_check,Library,Debian 13,,
q06339,Suggest an OS for computers in Block C.,os_recommendation,Block C,Debian 13,,
q06340,Which software can run on computers in Programming Lab?,reverse_software_lookup,Programming Lab,,Oracle Database,
q06341,Show PCs in Lab 1 incompatible with Linux Mint 22.,os_compatibility_check,Lab 1,Linux Mint 22,,
q06342,Recommend the best OS for AI Lab.,os_recommendation,AI Lab,Windows 10,,
q06343,Can computers in Block C run AutoCAD 2026?,software_compatibility_check,Block C,,AutoCAD,
q06344,List computers with SSD in Block A.,hardware_query,Block A,,,
q06345,Can computers in Programming Lab run Oracle Database?,software_compatibility_check,Programming Lab,,Oracle Database,
q06346,List computers with SSD in AI Lab.,hardware_query,AI Lab,,,
q06347,Display CPU details for Block A.,hardware_query,Block A,,,
q06348,List computers with SSD in AI Lab.,hardware_query,AI Lab,,,
q06349,Show PCs in Library incompatible with Windows 11.,os_compatibility_check,Library,Windows 11,,
q06350,Which computers in Lab 1 can run Fedora 42?,os_compatibility_check,Lab 1,Fedora 42,,
q06351,Suggest an OS for computers in Block C.,os_recommendation,Block C,Fedora 42,,
q06352,Which PCs in Block A have 8 GB RAM?,hardware_query,Block A,,,
q06353,What applications are compatible with Library computers?,reverse_software_lookup,Library,,VMware Workstation,
q06354,Which software can run on computers in Lab 1?,reverse_software_lookup,Lab 1,,AutoCAD,
q06355,Can systems in Block A support Debian 13?,os_compatibility_check,Block A,Debian 13,,
q06356,Can systems in Lab 2 support Linux Mint 22?,os_compatibility_check,Lab 2,Linux Mint 22,,
q06357,Can systems in Programming Lab support Debian 13?,os_compatibility_check,Programming Lab,Debian 13,,
q06358,Show hardware details for Programming Lab.,hardware_query,Programming Lab,,,
q06359,Which computers need Secure Boot for VS Code?,upgrade_planning,Library,Ubuntu 24.04,Visual Studio Code,Secure Boot
q06360,Show PCs in AI Lab incompatible with Linux Mint 22.,os_compatibility_check,AI Lab,Linux Mint 22,,
q06361,List computers with SSD in Block C.,hardware_query,Block C,,,
q06362,Which operating system is most suitable for Lab 1?,os_recommendation,Lab 1,Fedora 42,,
q06363,List machines in Programming Lab that meet Debian 13 requirements.,os_compatibility_check,Programming Lab,Debian 13,,
q06364,Display CPU details for Block B.,hardware_query,Block B,,,
q06365,What upgrades are required in Programming Lab?,upgrade_planning,Programming Lab,Windows 11,Visual Studio Code,Storage
q06366,Which PCs in Library have 8 GB RAM?,hardware_query,Library,,,
q06367,Show PCs in AI Lab incompatible with Ubuntu 24.04.,os_compatibility_check,AI Lab,Ubuntu 24.04,,
q06368,List software supported by PCs in Network Lab.,reverse_software_lookup,Network Lab,,Blender,
q06369,Can computers in Lab 1 run Blender?,software_compatibility_check,Lab 1,,Blender,
q06370,Find systems needing TPM.,upgrade_planning,Block A,Linux Mint 22,AutoCAD,TPM
q06371,Which computers in Library can run Ubuntu 24.04?,os_compatibility_check,Library,Ubuntu 24.04,,
q06372,Check VMware Workstation compatibility for Network Lab.,software_compatibility_check,Network Lab,,VMware Workstation,
q06373,List machines in AI Lab that meet Linux Mint 22 requirements.,os_compatibility_check,AI Lab,Linux Mint 22,,
q06374,Which computers need CPU for Oracle Database?,upgrade_planning,Block A,Windows 10,Oracle Database,CPU
q06375,Which operating system is most suitable for Programming Lab?,os_recommendation,Programming Lab,Ubuntu 24.04,,
q06376,Which systems support Blender in Library?,software_compatibility_check,Library,,Blender,
q06377,Plan upgrades for Block A to run Windows 11.,upgrade_planning,Block A,Windows 11,PyCharm,Storage
q06378,Find systems needing Secure Boot.,upgrade_planning,Lab 2,Windows 11,MATLAB,Secure Boot
q06379,Find software that runs on AI Lab.,reverse_software_lookup,AI Lab,,AutoCAD,
q06380,Display CPU details for AI Lab.,hardware_query,AI Lab,,,
q06381,What upgrades are required in Block B?,upgrade_planning,Block B,Windows 11,VMware Workstation,Secure Boot
q06382,Which systems support Blender in Block A?,software_compatibility_check,Block A,,Blender,
q06383,Which computers need TPM for VS Code?,upgrade_planning,Library,Fedora 42,Visual Studio Code,TPM
q06384,Best operating system for Programming Lab?,os_recommendation,Programming Lab,Fedora 42,,
q06385,Find software that runs on Block B.,reverse_software_lookup,Block B,,Blender,
q06386,Which systems support VS Code in Programming Lab?,software_compatibility_check,Programming Lab,,Visual Studio Code,
q06387,Can systems in Block A support Fedora 42?,os_compatibility_check,Block A,Fedora 42,,
q06388,What applications are compatible with Library computers?,reverse_software_lookup,Library,,Oracle Database,
q06389,Show hardware details for AI Lab.,hardware_query,AI Lab,,,
q06390,Recommend the best OS for Block C.,os_recommendation,Block C,Debian 13,,
q06391,Show hardware details for Block C.,hardware_query,Block C,,,
q06392,Which operating system is most suitable for Block B?,os_recommendation,Block B,Ubuntu 24.04,,
q06393,Can systems in Block A support Ubuntu 24.04?,os_compatibility_check,Block A,Ubuntu 24.04,,
q06394,Show hardware details for Lab 2.,hardware_query,Lab 2,,,
q06395,Which software can run on computers in Programming Lab?,reverse_software_lookup,Programming Lab,,Oracle Database,
q06396,What upgrades are required in Library?,upgrade_planning,Library,Ubuntu 24.04,PyCharm,CPU
q06397,Recommend the best OS for AI Lab.,os_recommendation,AI Lab,Windows 10,,
q06398,What upgrades are required in Block B?,upgrade_planning,Block B,Linux Mint 22,Blender,GPU
q06399,Which operating system is most suitable for Network Lab?,os_recommendation,Network Lab,Windows 10,,
q06400,Recommend the best OS for Library.,os_recommendation,Library,Windows 11,,
q06401,What upgrades are required in Lab 2?,upgrade_planning,Lab 2,Linux Mint 22,Oracle Database,RAM upgrade
q06402,Find systems needing Storage.,upgrade_planning,Network Lab,Windows 11,AutoCAD,Storage
q06403,Which computers need CPU for Oracle Database?,upgrade_planning,Block B,Debian 13,Oracle Database,CPU
q06404,List software supported by PCs in Library.,reverse_software_lookup,Library,,PyCharm,
q06405,Which software can run on computers in Block A?,reverse_software_lookup,Block A,,AutoCAD,
q06406,Find software that runs on AI Lab.,reverse_software_lookup,AI Lab,,AutoCAD,
q06407,Find software that runs on Block B.,reverse_software_lookup,Block B,,AutoCAD,
q06408,Suggest an OS for computers in Programming Lab.,os_recommendation,Programming Lab,Ubuntu 24.04,,
q06409,Find software that runs on Library.,reverse_software_lookup,Library,,MATLAB,
q06410,Show PCs in Block A incompatible with Windows 11.,os_compatibility_check,Block A,Windows 11,,
q06411,Can computers in AI Lab run MATLAB?,software_compatibility_check,AI Lab,,MATLAB,
q06412,Show hardware details for AI Lab.,hardware_query,AI Lab,,,
q06413,Which computers in Block B can run Linux Mint 22?,os_compatibility_check,Block B,Linux Mint 22,,
q06414,Plan upgrades for Library to run Debian 13.,upgrade_planning,Library,Debian 13,Blender,GPU
q06415,Can systems in Programming Lab support Windows 11?,os_compatibility_check,Programming Lab,Windows 11,,
q06416,Find systems needing RAM upgrade.,upgrade_planning,Lab 2,Fedora 42,PyCharm,RAM upgrade
q06417,Plan upgrades for AI Lab to run Windows 11.,upgrade_planning,AI Lab,Windows 11,Android Studio,CPU
q06418,What upgrades are required in Block B?,upgrade_planning,Block B,Debian 13,Oracle Database,RAM upgrade
q06419,Display CPU details for Block A.,hardware_query,Block A,,,
q06420,Which operating system is most suitable for Lab 1?,os_recommendation,Lab 1,Linux Mint 22,,
q06421,Which operating system is most suitable for Library?,os_recommendation,Library,Windows 10,,
q06422,What upgrades are required in Lab 1?,upgrade_planning,Lab 1,Fedora 42,MATLAB,RAM upgrade
q06423,Which operating system is most suitable for Block C?,os_recommendation,Block C,Windows 10,,
q06424,What applications are compatible with Lab 1 computers?,reverse_software_lookup,Lab 1,,PyCharm,
q06425,Which computers need RAM upgrade for AutoCAD 2026?,upgrade_planning,Block C,Ubuntu 24.04,AutoCAD,RAM upgrade
q06426,List machines in Block A that meet Debian 13 requirements.,os_compatibility_check,Block A,Debian 13,,
q06427,Which software can run on computers in Block A?,reverse_software_lookup,Block A,,Visual Studio Code,
q06428,Which operating system is most suitable for Lab 1?,os_recommendation,Lab 1,Debian 13,,
q06429,Find software that runs on Lab 1.,reverse_software_lookup,Lab 1,,Visual Studio Code,
q06430,Recommend the best OS for Programming Lab.,os_recommendation,Programming Lab,Debian 13,,
q06431,Display CPU details for Block A.,hardware_query,Block A,,,
q06432,Plan upgrades for Network Lab to run Fedora 42.,upgrade_planning,Network Lab,Fedora 42,Visual Studio Code,TPM
q06433,Which computers need Secure Boot for AutoCAD 2026?,upgrade_planning,Block C,Fedora 42,AutoCAD,Secure Boot
q06434,List computers with SSD in Block A.,hardware_query,Block A,,,
q06435,Which systems support Android Studio in Block C?,software_compatibility_check,Block C,,Android Studio,
q06436,Which operating system is most suitable for Block A?,os_recommendation,Block A,Windows 11,,
q06437,Which systems support VMware Workstation in Lab 2?,software_compatibility_check,Lab 2,,VMware Workstation,
q06438,Which PCs in Programming Lab have 8 GB RAM?,hardware_query,Programming Lab,,,
q06439,What applications are compatible with Block C computers?,reverse_software_lookup,Block C,,Visual Studio Code,
q06440,Plan upgrades for Lab 1 to run Windows 10.,upgrade_planning,Lab 1,Windows 10,AutoCAD,RAM upgrade
q06441,Find software that runs on Lab 1.,reverse_software_lookup,Lab 1,,Blender,
q06442,Best operating system for Lab 1?,os_recommendation,Lab 1,Linux Mint 22,,
q06443,Which computers need Storage for PyCharm?,upgrade_planning,Lab 2,Linux Mint 22,PyCharm,Storage
q06444,What upgrades are required in Lab 2?,upgrade_planning,Lab 2,Windows 10,PyCharm,CPU
q06445,Recommend the best OS for Programming Lab.,os_recommendation,Programming Lab,Fedora 42,,
q06446,List software supported by PCs in Block B.,reverse_software_lookup,Block B,,Android Studio,
q06447,Recommend the best OS for Lab 2.,os_recommendation,Lab 2,Windows 11,,
q06448,Display CPU details for Lab 2.,hardware_query,Lab 2,,,
q06449,Recommend the best OS for Programming Lab.,os_recommendation,Programming Lab,Fedora 42,,
q06450,List computers with SSD in Lab 1.,hardware_query,Lab 1,,,
q06451,List machines in Library that meet Fedora 42 requirements.,os_compatibility_check,Library,Fedora 42,,
q06452,Show PCs in Block C incompatible with Windows 11.,os_compatibility_check,Block C,Windows 11,,
q06453,Can computers in Network Lab run VMware Workstation?,software_compatibility_check,Network Lab,,VMware Workstation,
q06454,Which systems support Android Studio in Block C?,software_compatibility_check,Block C,,Android Studio,
q06455,What upgrades are required in Lab 2?,upgrade_planning,Lab 2,Windows 11,Oracle Database,RAM upgrade
q06456,Which computers need Secure Boot for PyCharm?,upgrade_planning,Network Lab,Windows 10,PyCharm,Secure Boot
q06457,Which PCs in Lab 1 have 8 GB RAM?,hardware_query,Lab 1,,,
q06458,Best operating system for Library?,os_recommendation,Library,Fedora 42,,
q06459,Plan upgrades for Lab 1 to run Ubuntu 24.04.,upgrade_planning,Lab 1,Ubuntu 24.04,PyCharm,CPU
q06460,Show PCs in Programming Lab incompatible with Ubuntu 24.04.,os_compatibility_check,Programming Lab,Ubuntu 24.04,,
q06461,Can computers in Programming Lab run Blender?,software_compatibility_check,Programming Lab,,Blender,
q06462,Which computers in Block C can run Windows 10?,os_compatibility_check,Block C,Windows 10,,
q06463,Check Android Studio compatibility for Block C.,software_compatibility_check,Block C,,Android Studio,
q06464,Plan upgrades for Lab 2 to run Windows 11.,upgrade_planning,Lab 2,Windows 11,VMware Workstation,TPM
q06465,Which computers need CPU for MATLAB?,upgrade_planning,AI Lab,Fedora 42,MATLAB,CPU
q06466,Show hardware details for Library.,hardware_query,Library,,,
q06467,List machines in Block A that meet Debian 13 requirements.,os_compatibility_check,Block A,Debian 13,,
q06468,Show hardware details for AI Lab.,hardware_query,AI Lab,,,
q06469,Which PCs in Lab 1 have 8 GB RAM?,hardware_query,Lab 1,,,
q06470,Best operating system for Lab 1?,os_recommendation,Lab 1,Debian 13,,
q06471,Which systems support Android Studio in AI Lab?,software_compatibility_check,AI Lab,,Android Studio,
q06472,Show PCs in Programming Lab incompatible with Fedora 42.,os_compatibility_check,Programming Lab,Fedora 42,,
q06473,Show PCs in Programming Lab incompatible with Windows 10.,os_compatibility_check,Programming Lab,Windows 10,,
q06474,Plan upgrades for Lab 2 to run Windows 11.,upgrade_planning,Lab 2,Windows 11,MATLAB,CPU
q06475,List computers with SSD in Block C.,hardware_query,Block C,,,
q06476,Which computers need CPU for VMware Workstation?,upgrade_planning,Block B,Debian 13,VMware Workstation,CPU
q06477,Show hardware details for Block B.,hardware_query,Block B,,,
q06478,Find software that runs on Programming Lab.,reverse_software_lookup,Programming Lab,,Oracle Database,
q06479,What upgrades are required in Block A?,upgrade_planning,Block A,Ubuntu 24.04,VMware Workstation,Secure Boot
q06480,Can systems in Block A support Ubuntu 24.04?,os_compatibility_check,Block A,Ubuntu 24.04,,
q06481,Which systems support Android Studio in Block A?,software_compatibility_check,Block A,,Android Studio,
q06482,Plan upgrades for Block A to run Debian 13.,upgrade_planning,Block A,Debian 13,PyCharm,RAM upgrade
q06483,Which software can run on computers in Block C?,reverse_software_lookup,Block C,,AutoCAD,
q06484,Check Blender compatibility for Programming Lab.,software_compatibility_check,Programming Lab,,Blender,
q06485,List computers with SSD in Lab 2.,hardware_query,Lab 2,,,
q06486,Show PCs in Lab 1 incompatible with Linux Mint 22.,os_compatibility_check,Lab 1,Linux Mint 22,,
q06487,Which operating system is most suitable for Programming Lab?,os_recommendation,Programming Lab,Fedora 42,,
q06488,Show PCs in Block C incompatible with Windows 10.,os_compatibility_check,Block C,Windows 10,,
q06489,List computers with SSD in Lab 2.,hardware_query,Lab 2,,,
q06490,Display CPU details for Block B.,hardware_query,Block B,,,
q06491,Is Android Studio supported in Block A?,software_compatibility_check,Block A,,Android Studio,
q06492,What upgrades are required in Programming Lab?,upgrade_planning,Programming Lab,Linux Mint 22,Oracle Database,Storage
q06493,What upgrades are required in Library?,upgrade_planning,Library,Debian 13,Blender,Storage
q06494,Find systems needing Storage.,upgrade_planning,Block A,Debian 13,AutoCAD,Storage
q06495,Find systems needing RAM upgrade.,upgrade_planning,Programming Lab,Windows 10,Oracle Database,RAM upgrade
q06496,Which operating system is most suitable for Block A?,os_recommendation,Block A,Windows 10,,
q06497,Recommend the best OS for Block C.,os_recommendation,Block C,Linux Mint 22,,
q06498,Check VS Code compatibility for Library.,software_compatibility_check,Library,,Visual Studio Code,
q06499,Which computers in Block B can run Fedora 42?,os_compatibility_check,Block B,Fedora 42,,
q06500,List machines in Network Lab that meet Linux Mint 22 requirements.,os_compatibility_check,Network Lab,Linux Mint 22,,
q06501,Show PCs in Block B incompatible with Debian 13.,os_compatibility_check,Block B,Debian 13,,
q06502,List computers with SSD in Block B.,hardware_query,Block B,,,
q06503,Show PCs in Block B incompatible with Linux Mint 22.,os_compatibility_check,Block B,Linux Mint 22,,
q06504,Which operating system is most suitable for AI Lab?,os_recommendation,AI Lab,Linux Mint 22,,
q06505,Which operating system is most suitable for AI Lab?,os_recommendation,AI Lab,Linux Mint 22,,
q06506,Recommend the best OS for AI Lab.,os_recommendation,AI Lab,Debian 13,,
q06507,Best operating system for Block C?,os_recommendation,Block C,Debian 13,,
q06508,Can computers in AI Lab run VS Code?,software_compatibility_check,AI Lab,,Visual Studio Code,
q06509,Check VMware Workstation compatibility for Lab 1.,software_compatibility_check,Lab 1,,VMware Workstation,
q06510,Show PCs in Block A incompatible with Ubuntu 24.04.,os_compatibility_check,Block A,Ubuntu 24.04,,
q06511,Check Oracle Database compatibility for Block A.,software_compatibility_check,Block A,,Oracle Database,
q06512,List computers with SSD in Lab 1.,hardware_query,Lab 1,,,
q06513,Show hardware details for Lab 1.,hardware_query,Lab 1,,,
q06514,Which software can run on computers in Block C?,reverse_software_lookup,Block C,,Visual Studio Code,
q06515,Which PCs in Block B have 8 GB RAM?,hardware_query,Block B,,,
q06516,Display CPU details for Library.,hardware_query,Library,,,
q06517,Display CPU details for Programming Lab.,hardware_query,Programming Lab,,,
q06518,Which software can run on computers in AI Lab?,reverse_software_lookup,AI Lab,,PyCharm,
q06519,Which systems support PyCharm in Block B?,software_compatibility_check,Block B,,PyCharm,
q06520,List software supported by PCs in AI Lab.,reverse_software_lookup,AI Lab,,AutoCAD,
q06521,Find systems needing Storage.,upgrade_planning,Library,Debian 13,Visual Studio Code,Storage
q06522,Which computers in Network Lab can run Debian 13?,os_compatibility_check,Network Lab,Debian 13,,
q06523,Which PCs in Block A have 8 GB RAM?,hardware_query,Block A,,,
q06524,Best operating system for Programming Lab?,os_recommendation,Programming Lab,Ubuntu 24.04,,
q06525,List machines in Network Lab that meet Ubuntu 24.04 requirements.,os_compatibility_check,Network Lab,Ubuntu 24.04,,
q06526,Can computers in AI Lab run Blender?,software_compatibility_check,AI Lab,,Blender,
q06527,Which software can run on computers in Lab 1?,reverse_software_lookup,Lab 1,,Oracle Database,
q06528,Which PCs in Block B have 8 GB RAM?,hardware_query,Block B,,,
q06529,Show PCs in AI Lab incompatible with Linux Mint 22.,os_compatibility_check,AI Lab,Linux Mint 22,,
q06530,Suggest an OS for computers in AI Lab.,os_recommendation,AI Lab,Windows 11,,
q06531,Best operating system for Block C?,os_recommendation,Block C,Fedora 42,,
q06532,List computers with SSD in Programming Lab.,hardware_query,Programming Lab,,,
q06533,Recommend the best OS for Block B.,os_recommendation,Block B,Debian 13,,
q06534,Can systems in Lab 1 support Debian 13?,os_compatibility_check,Lab 1,Debian 13,,
q06535,What applications are compatible with Programming Lab computers?,reverse_software_lookup,Programming Lab,,Blender,
q06536,List machines in Block C that meet Linux Mint 22 requirements.,os_compatibility_check,Block C,Linux Mint 22,,
q06537,Check Android Studio compatibility for Lab 2.,software_compatibility_check,Lab 2,,Android Studio,
q06538,Find systems needing Storage.,upgrade_planning,Lab 2,Ubuntu 24.04,VMware Workstation,Storage
q06539,Can computers in Block C run MATLAB?,software_compatibility_check,Block C,,MATLAB,
q06540,Recommend the best OS for Block C.,os_recommendation,Block C,Ubuntu 24.04,,
q06541,Which computers in Library can run Windows 11?,os_compatibility_check,Library,Windows 11,,
q06542,Recommend the best OS for Network Lab.,os_recommendation,Network Lab,Ubuntu 24.04,,
q06543,Which operating system is most suitable for Library?,os_recommendation,Library,Debian 13,,
q06544,Display CPU details for Block B.,hardware_query,Block B,,,
q06545,Best operating system for Library?,os_recommendation,Library,Debian 13,,
q06546,Suggest an OS for computers in Lab 2.,os_recommendation,Lab 2,Ubuntu 24.04,,
q06547,Find systems needing TPM.,upgrade_planning,Library,Windows 11,Visual Studio Code,TPM
q06548,List machines in Network Lab that meet Windows 11 requirements.,os_compatibility_check,Network Lab,Windows 11,,
q06549,Best operating system for Lab 1?,os_recommendation,Lab 1,Windows 11,,
q06550,List software supported by PCs in Block B.,reverse_software_lookup,Block B,,MATLAB,
q06551,List machines in AI Lab that meet Windows 10 requirements.,os_compatibility_check,AI Lab,Windows 10,,
q06552,Recommend the best OS for Block A.,os_recommendation,Block A,Windows 11,,
q06553,Check VS Code compatibility for AI Lab.,software_compatibility_check,AI Lab,,Visual Studio Code,
q06554,Suggest an OS for computers in Library.,os_recommendation,Library,Ubuntu 24.04,,
q06555,List computers with SSD in Block C.,hardware_query,Block C,,,
q06556,List software supported by PCs in AI Lab.,reverse_software_lookup,AI Lab,,Android Studio,
q06557,Recommend the best OS for Network Lab.,os_recommendation,Network Lab,Linux Mint 22,,
q06558,Which software can run on computers in Programming Lab?,reverse_software_lookup,Programming Lab,,MATLAB,
q06559,Recommend the best OS for Block A.,os_recommendation,Block A,Linux Mint 22,,
q06560,Show hardware details for Block B.,hardware_query,Block B,,,
q06561,List machines in Block C that meet Debian 13 requirements.,os_compatibility_check,Block C,Debian 13,,
q06562,Show PCs in Programming Lab incompatible with Windows 11.,os_compatibility_check,Programming Lab,Windows 11,,
q06563,Find software that runs on Lab 2.,reverse_software_lookup,Lab 2,,VMware Workstation,
q06564,List machines in Block A that meet Ubuntu 24.04 requirements.,os_compatibility_check,Block A,Ubuntu 24.04,,
q06565,Plan upgrades for Programming Lab to run Windows 11.,upgrade_planning,Programming Lab,Windows 11,Visual Studio Code,TPM
q06566,Display CPU details for Library.,hardware_query,Library,,,
q06567,Check Android Studio compatibility for Library.,software_compatibility_check,Library,,Android Studio,
q06568,Check Oracle Database compatibility for Lab 1.,software_compatibility_check,Lab 1,,Oracle Database,
q06569,List machines in Programming Lab that meet Ubuntu 24.04 requirements.,os_compatibility_check,Programming Lab,Ubuntu 24.04,,
q06570,Best operating system for AI Lab?,os_recommendation,AI Lab,Ubuntu 24.04,,
q06571,Find systems needing GPU.,upgrade_planning,Programming Lab,Linux Mint 22,Blender,GPU
q06572,Best operating system for AI Lab?,os_recommendation,AI Lab,Windows 10,,
q06573,Check VS Code compatibility for Block A.,software_compatibility_check,Block A,,Visual Studio Code,
q06574,Plan upgrades for Block B to run Fedora 42.,upgrade_planning,Block B,Fedora 42,Visual Studio Code,CPU
q06575,Show hardware details for Library.,hardware_query,Library,,,
q06576,List machines in Block A that meet Linux Mint 22 requirements.,os_compatibility_check,Block A,Linux Mint 22,,
q06577,Can computers in Block B run AutoCAD 2026?,software_compatibility_check,Block B,,AutoCAD,
q06578,Which software can run on computers in AI Lab?,reverse_software_lookup,AI Lab,,Oracle Database,
q06579,Plan upgrades for AI Lab to run Ubuntu 24.04.,upgrade_planning,AI Lab,Ubuntu 24.04,Android Studio,RAM upgrade
q06580,Check MATLAB compatibility for AI Lab.,software_compatibility_check,AI Lab,,MATLAB,
q06581,Show hardware details for Programming Lab.,hardware_query,Programming Lab,,,
q06582,Recommend the best OS for Lab 1.,os_recommendation,Lab 1,Debian 13,,
q06583,Which computers in Lab 2 can run Windows 11?,os_compatibility_check,Lab 2,Windows 11,,
q06584,Check Oracle Database compatibility for Block A.,software_compatibility_check,Block A,,Oracle Database,
q06585,Which computers need TPM for MATLAB?,upgrade_planning,Programming Lab,Ubuntu 24.04,MATLAB,TPM
q06586,List machines in Library that meet Ubuntu 24.04 requirements.,os_compatibility_check,Library,Ubuntu 24.04,,
q06587,Plan upgrades for Programming Lab to run Windows 11.,upgrade_planning,Programming Lab,Windows 11,Android Studio,TPM
q06588,Which PCs in Block A have 8 GB RAM?,hardware_query,Block A,,,
q06589,Find software that runs on Network Lab.,reverse_software_lookup,Network Lab,,AutoCAD,
q06590,Can computers in Network Lab run Blender?,software_compatibility_check,Network Lab,,Blender,
q06591,Recommend the best OS for Block A.,os_recommendation,Block A,Debian 13,,
q06592,Which PCs in Programming Lab have 8 GB RAM?,hardware_query,Programming Lab,,,
q06593,Find software that runs on Lab 2.,reverse_software_lookup,Lab 2,,MATLAB,
q06594,Which PCs in Library have 8 GB RAM?,hardware_query,Library,,,
q06595,Check Oracle Database compatibility for AI Lab.,software_compatibility_check,AI Lab,,Oracle Database,
q06596,Can computers in Block C run PyCharm?,software_compatibility_check,Block C,,PyCharm,
q06597,Recommend the best OS for Block C.,os_recommendation,Block C,Windows 10,,
q06598,Is Blender supported in Block B?,software_compatibility_check,Block B,,Blender,
q06599,List machines in Library that meet Ubuntu 24.04 requirements.,os_compatibility_check,Library,Ubuntu 24.04,,
q06600,Which computers in Network Lab can run Linux Mint 22?,os_compatibility_check,Network Lab,Linux Mint 22,,
q06601,Which software can run on computers in Programming Lab?,reverse_software_lookup,Programming Lab,,Android Studio,
q06602,Best operating system for Lab 2?,os_recommendation,Lab 2,Fedora 42,,
q06603,What applications are compatible with Block A computers?,reverse_software_lookup,Block A,,PyCharm,
q06604,List computers with SSD in AI Lab.,hardware_query,AI Lab,,,
q06605,Can computers in Network Lab run Blender?,software_compatibility_check,Network Lab,,Blender,
q06606,Which computers in Lab 2 can run Windows 11?,os_compatibility_check,Lab 2,Windows 11,,
q06607,List machines in Lab 1 that meet Windows 10 requirements.,os_compatibility_check,Lab 1,Windows 10,,
q06608,Is PyCharm supported in Lab 1?,software_compatibility_check,Lab 1,,PyCharm,
q06609,Find systems needing CPU.,upgrade_planning,Block C,Debian 13,PyCharm,CPU
q06610,Which software can run on computers in Lab 1?,reverse_software_lookup,Lab 1,,MATLAB,
q06611,What applications are compatible with AI Lab computers?,reverse_software_lookup,AI Lab,,VMware Workstation,
q06612,Which systems support VS Code in Lab 2?,software_compatibility_check,Lab 2,,Visual Studio Code,
q06613,List computers with SSD in Library.,hardware_query,Library,,,
q06614,Check Blender compatibility for Block C.,software_compatibility_check,Block C,,Blender,
q06615,Display CPU details for Block C.,hardware_query,Block C,,,
q06616,Which systems support Oracle Database in Block A?,software_compatibility_check,Block A,,Oracle Database,
q06617,What upgrades are required in Library?,upgrade_planning,Library,Debian 13,AutoCAD,CPU
q06618,What applications are compatible with Library computers?,reverse_software_lookup,Library,,Android Studio,
q06619,Suggest an OS for computers in Programming Lab.,os_recommendation,Programming Lab,Windows 10,,
q06620,Can systems in Block A support Debian 13?,os_compatibility_check,Block A,Debian 13,,
q06621,Which computers need GPU for MATLAB?,upgrade_planning,Lab 1,Fedora 42,MATLAB,GPU
q06622,Best operating system for Block C?,os_recommendation,Block C,Fedora 42,,
q06623,List computers with SSD in Library.,hardware_query,Library,,,
q06624,List computers with SSD in Programming Lab.,hardware_query,Programming Lab,,,
q06625,Find software that runs on Lab 2.,reverse_software_lookup,Lab 2,,Android Studio,
q06626,Which operating system is most suitable for AI Lab?,os_recommendation,AI Lab,Windows 10,,
q06627,List machines in AI Lab that meet Debian 13 requirements.,os_compatibility_check,AI Lab,Debian 13,,
q06628,Can systems in Block B support Linux Mint 22?,os_compatibility_check,Block B,Linux Mint 22,,
q06629,Which computers need Storage for Blender?,upgrade_planning,Library,Fedora 42,Blender,Storage
q06630,Display CPU details for Lab 1.,hardware_query,Lab 1,,,
q06631,Show hardware details for Programming Lab.,hardware_query,Programming Lab,,,
q06632,Which operating system is most suitable for Block B?,os_recommendation,Block B,Fedora 42,,
q06633,Plan upgrades for Block C to run Windows 10.,upgrade_planning,Block C,Windows 10,PyCharm,Secure Boot
q06634,Which systems support PyCharm in Library?,software_compatibility_check,Library,,PyCharm,
q06635,Which systems support AutoCAD 2026 in Block A?,software_compatibility_check,Block A,,AutoCAD,
q06636,Can computers in Network Lab run Blender?,software_compatibility_check,Network Lab,,Blender,
q06637,Which software can run on computers in Lab 1?,reverse_software_lookup,Lab 1,,Android Studio,
q06638,Which computers need Secure Boot for Android Studio?,upgrade_planning,Lab 2,Fedora 42,Android Studio,Secure Boot
q06639,Which computers in Block B can run Ubuntu 24.04?,os_compatibility_check,Block B,Ubuntu 24.04,,
q06640,What applications are compatible with Lab 1 computers?,reverse_software_lookup,Lab 1,,Blender,
q06641,What applications are compatible with Lab 1 computers?,reverse_software_lookup,Lab 1,,AutoCAD,
q06642,Find software that runs on Library.,reverse_software_lookup,Library,,AutoCAD,
q06643,Display CPU details for Block A.,hardware_query,Block A,,,
q06644,Can systems in Lab 2 support Windows 11?,os_compatibility_check,Lab 2,Windows 11,,
q06645,Which computers in AI Lab can run Debian 13?,os_compatibility_check,AI Lab,Debian 13,,
q06646,Check Blender compatibility for Lab 2.,software_compatibility_check,Lab 2,,Blender,
q06647,Which software can run on computers in Block B?,reverse_software_lookup,Block B,,MATLAB,
q06648,Can computers in Programming Lab run Android Studio?,software_compatibility_check,Programming Lab,,Android Studio,
q06649,Is Blender supported in Programming Lab?,software_compatibility_check,Programming Lab,,Blender,
q06650,Best operating system for Block B?,os_recommendation,Block B,Ubuntu 24.04,,
q06651,Show hardware details for Network Lab.,hardware_query,Network Lab,,,
q06652,List software supported by PCs in Block A.,reverse_software_lookup,Block A,,PyCharm,
q06653,List machines in Block A that meet Fedora 42 requirements.,os_compatibility_check,Block A,Fedora 42,,
q06654,Which software can run on computers in AI Lab?,reverse_software_lookup,AI Lab,,Android Studio,
q06655,Check VMware Workstation compatibility for Network Lab.,software_compatibility_check,Network Lab,,VMware Workstation,
q06656,Which software can run on computers in Block C?,reverse_software_lookup,Block C,,MATLAB,
q06657,Which operating system is most suitable for Block A?,os_recommendation,Block A,Linux Mint 22,,
q06658,List software supported by PCs in Programming Lab.,reverse_software_lookup,Programming Lab,,VMware Workstation,
q06659,Check Android Studio compatibility for Block B.,software_compatibility_check,Block B,,Android Studio,
q06660,What applications are compatible with Block C computers?,reverse_software_lookup,Block C,,Android Studio,
q06661,List computers with SSD in Network Lab.,hardware_query,Network Lab,,,
q06662,Check PyCharm compatibility for Block B.,software_compatibility_check,Block B,,PyCharm,
q06663,Which systems support Android Studio in Block B?,software_compatibility_check,Block B,,Android Studio,
q06664,Which computers in AI Lab can run Fedora 42?,os_compatibility_check,AI Lab,Fedora 42,,
q06665,List computers with SSD in Programming Lab.,hardware_query,Programming Lab,,,
q06666,Which PCs in Block C have 8 GB RAM?,hardware_query,Block C,,,
q06667,Can systems in Lab 2 support Windows 11?,os_compatibility_check,Lab 2,Windows 11,,
q06668,List machines in Network Lab that meet Debian 13 requirements.,os_compatibility_check,Network Lab,Debian 13,,
q06669,Find software that runs on Library.,reverse_software_lookup,Library,,MATLAB,
q06670,Plan upgrades for AI Lab to run Linux Mint 22.,upgrade_planning,AI Lab,Linux Mint 22,MATLAB,RAM upgrade
q06671,Show hardware details for Programming Lab.,hardware_query,Programming Lab,,,
q06672,Show hardware details for AI Lab.,hardware_query,AI Lab,,,
q06673,List machines in Library that meet Fedora 42 requirements.,os_compatibility_check,Library,Fedora 42,,
q06674,Which PCs in Programming Lab have 8 GB RAM?,hardware_query,Programming Lab,,,
q06675,List machines in Lab 2 that meet Fedora 42 requirements.,os_compatibility_check,Lab 2,Fedora 42,,
q06676,Can systems in AI Lab support Linux Mint 22?,os_compatibility_check,AI Lab,Linux Mint 22,,
q06677,List software supported by PCs in Lab 1.,reverse_software_lookup,Lab 1,,Oracle Database,
q06678,Which systems support AutoCAD 2026 in Block A?,software_compatibility_check,Block A,,AutoCAD,
q06679,Which PCs in Lab 2 have 8 GB RAM?,hardware_query,Lab 2,,,
q06680,Best operating system for Block C?,os_recommendation,Block C,Linux Mint 22,,
q06681,Best operating system for Lab 2?,os_recommendation,Lab 2,Debian 13,,
q06682,Find systems needing TPM.,upgrade_planning,Lab 2,Ubuntu 24.04,Android Studio,TPM
q06683,What applications are compatible with Block B computers?,reverse_software_lookup,Block B,,AutoCAD,
q06684,Show hardware details for Block A.,hardware_query,Block A,,,
q06685,Suggest an OS for computers in Library.,os_recommendation,Library,Linux Mint 22,,
q06686,What applications are compatible with AI Lab computers?,reverse_software_lookup,AI Lab,,MATLAB,
q06687,Which PCs in Library have 8 GB RAM?,hardware_query,Library,,,
q06688,Find software that runs on Network Lab.,reverse_software_lookup,Network Lab,,Android Studio,
q06689,Can computers in Library run Blender?,software_compatibility_check,Library,,Blender,
q06690,Which computers in Block B can run Windows 11?,os_compatibility_check,Block B,Windows 11,,
q06691,Show hardware details for Block C.,hardware_query,Block C,,,
q06692,Best operating system for Lab 2?,os_recommendation,Lab 2,Linux Mint 22,,
q06693,Plan upgrades for Lab 1 to run Ubuntu 24.04.,upgrade_planning,Lab 1,Ubuntu 24.04,AutoCAD,RAM upgrade
q06694,Which PCs in Lab 2 have 8 GB RAM?,hardware_query,Lab 2,,,
q06695,Which PCs in Block C have 8 GB RAM?,hardware_query,Block C,,,
q06696,Display CPU details for Block B.,hardware_query,Block B,,,
q06697,Can systems in Library support Windows 11?,os_compatibility_check,Library,Windows 11,,
q06698,List computers with SSD in Programming Lab.,hardware_query,Programming Lab,,,
q06699,List computers with SSD in Block B.,hardware_query,Block B,,,
q06700,Show PCs in Network Lab incompatible with Linux Mint 22.,os_compatibility_check,Network Lab,Linux Mint 22,,
q06701,Which computers in Lab 2 can run Windows 10?,os_compatibility_check,Lab 2,Windows 10,,
q06702,Check VMware Workstation compatibility for Block B.,software_compatibility_check,Block B,,VMware Workstation,
q06703,Can computers in Block A run VS Code?,software_compatibility_check,Block A,,Visual Studio Code,
q06704,Which software can run on computers in Lab 2?,reverse_software_lookup,Lab 2,,AutoCAD,
q06705,Which operating system is most suitable for Programming Lab?,os_recommendation,Programming Lab,Debian 13,,
q06706,Best operating system for Block C?,os_recommendation,Block C,Windows 10,,
q06707,Suggest an OS for computers in Lab 1.,os_recommendation,Lab 1,Linux Mint 22,,
q06708,Show hardware details for Network Lab.,hardware_query,Network Lab,,,
q06709,List machines in Block B that meet Fedora 42 requirements.,os_compatibility_check,Block B,Fedora 42,,
q06710,Recommend the best OS for Lab 1.,os_recommendation,Lab 1,Linux Mint 22,,
q06711,Which operating system is most suitable for Block A?,os_recommendation,Block A,Windows 11,,
q06712,Show hardware details for Block A.,hardware_query,Block A,,,
q06713,Find systems needing Storage.,upgrade_planning,Programming Lab,Ubuntu 24.04,AutoCAD,Storage
q06714,Show PCs in Library incompatible with Windows 10.,os_compatibility_check,Library,Windows 10,,
q06715,What upgrades are required in Programming Lab?,upgrade_planning,Programming Lab,Debian 13,VMware Workstation,GPU
q06716,Can computers in Library run Oracle Database?,software_compatibility_check,Library,,Oracle Database,
q06717,List machines in Block A that meet Linux Mint 22 requirements.,os_compatibility_check,Block A,Linux Mint 22,,
q06718,Which software can run on computers in Library?,reverse_software_lookup,Library,,Android Studio,
q06719,Which systems support Oracle Database in Network Lab?,software_compatibility_check,Network Lab,,Oracle Database,
q06720,What upgrades are required in Block B?,upgrade_planning,Block B,Windows 10,AutoCAD,Storage
q06721,Find systems needing GPU.,upgrade_planning,Block A,Windows 11,PyCharm,GPU
q06722,Can computers in Block B run MATLAB?,software_compatibility_check,Block B,,MATLAB,
q06723,Can systems in Block B support Fedora 42?,os_compatibility_check,Block B,Fedora 42,,
q06724,List software supported by PCs in Block C.,reverse_software_lookup,Block C,,Oracle Database,
q06725,List computers with SSD in Programming Lab.,hardware_query,Programming Lab,,,
q06726,Can systems in Programming Lab support Linux Mint 22?,os_compatibility_check,Programming Lab,Linux Mint 22,,
q06727,Check Blender compatibility for Block A.,software_compatibility_check,Block A,,Blender,
q06728,List machines in Programming Lab that meet Ubuntu 24.04 requirements.,os_compatibility_check,Programming Lab,Ubuntu 24.04,,
q06729,Which PCs in Block C have 8 GB RAM?,hardware_query,Block C,,,
q06730,Which PCs in Lab 2 have 8 GB RAM?,hardware_query,Lab 2,,,
q06731,Show PCs in Network Lab incompatible with Linux Mint 22.,os_compatibility_check,Network Lab,Linux Mint 22,,
q06732,List machines in Lab 1 that meet Fedora 42 requirements.,os_compatibility_check,Lab 1,Fedora 42,,
q06733,Display CPU details for Block C.,hardware_query,Block C,,,
q06734,Find systems needing RAM upgrade.,upgrade_planning,Lab 2,Windows 10,AutoCAD,RAM upgrade
q06735,List machines in Block A that meet Linux Mint 22 requirements.,os_compatibility_check,Block A,Linux Mint 22,,
q06736,Find systems needing TPM.,upgrade_planning,AI Lab,Linux Mint 22,Visual Studio Code,TPM
q06737,List machines in Programming Lab that meet Fedora 42 requirements.,os_compatibility_check,Programming Lab,Fedora 42,,
q06738,Best operating system for AI Lab?,os_recommendation,AI Lab,Fedora 42,,
q06739,Which computers in Library can run Ubuntu 24.04?,os_compatibility_check,Library,Ubuntu 24.04,,
q06740,List software supported by PCs in Block C.,reverse_software_lookup,Block C,,Visual Studio Code,
q06741,List machines in Block A that meet Linux Mint 22 requirements.,os_compatibility_check,Block A,Linux Mint 22,,
q06742,Best operating system for Lab 2?,os_recommendation,Lab 2,Fedora 42,,
q06743,What upgrades are required in Block B?,upgrade_planning,Block B,Debian 13,Visual Studio Code,Secure Boot
q06744,Check AutoCAD 2026 compatibility for AI Lab.,software_compatibility_check,AI Lab,,AutoCAD,
q06745,Recommend the best OS for Block C.,os_recommendation,Block C,Windows 10,,
q06746,Which computers need Secure Boot for AutoCAD 2026?,upgrade_planning,AI Lab,Linux Mint 22,AutoCAD,Secure Boot
q06747,Suggest an OS for computers in Lab 1.,os_recommendation,Lab 1,Windows 10,,
q06748,Can systems in Network Lab support Windows 10?,os_compatibility_check,Network Lab,Windows 10,,
q06749,Can computers in Block B run Android Studio?,software_compatibility_check,Block B,,Android Studio,
q06750,List software supported by PCs in Block C.,reverse_software_lookup,Block C,,Blender,
q06751,Can computers in Block C run Oracle Database?,software_compatibility_check,Block C,,Oracle Database,
q06752,Which computers need GPU for Android Studio?,upgrade_planning,Programming Lab,Ubuntu 24.04,Android Studio,GPU
q06753,Find systems needing RAM upgrade.,upgrade_planning,Lab 1,Linux Mint 22,AutoCAD,RAM upgrade
q06754,Which computers in AI Lab can run Fedora 42?,os_compatibility_check,AI Lab,Fedora 42,,
q06755,Best operating system for Library?,os_recommendation,Library,Windows 10,,
q06756,Show hardware details for Programming Lab.,hardware_query,Programming Lab,,,
q06757,What upgrades are required in Block A?,upgrade_planning,Block A,Debian 13,MATLAB,CPU
q06758,Recommend the best OS for Block B.,os_recommendation,Block B,Linux Mint 22,,
q06759,Recommend the best OS for Block B.,os_recommendation,Block B,Windows 11,,
q06760,Which computers need CPU for Oracle Database?,upgrade_planning,AI Lab,Ubuntu 24.04,Oracle Database,CPU
q06761,Display CPU details for Lab 2.,hardware_query,Lab 2,,,
q06762,What applications are compatible with Block B computers?,reverse_software_lookup,Block B,,PyCharm,
q06763,Which systems support VMware Workstation in Programming Lab?,software_compatibility_check,Programming Lab,,VMware Workstation,
q06764,What upgrades are required in Block A?,upgrade_planning,Block A,Debian 13,AutoCAD,RAM upgrade
q06765,Can computers in Block A run Android Studio?,software_compatibility_check,Block A,,Android Studio,
q06766,Which PCs in Block A have 8 GB RAM?,hardware_query,Block A,,,
q06767,Which software can run on computers in Library?,reverse_software_lookup,Library,,Visual Studio Code,
q06768,Is Android Studio supported in Programming Lab?,software_compatibility_check,Programming Lab,,Android Studio,
q06769,List computers with SSD in Block A.,hardware_query,Block A,,,
q06770,Which computers need Storage for MATLAB?,upgrade_planning,Block B,Linux Mint 22,MATLAB,Storage
q06771,Which software can run on computers in Block A?,reverse_software_lookup,Block A,,MATLAB,
q06772,Recommend the best OS for Programming Lab.,os_recommendation,Programming Lab,Windows 11,,
q06773,Which computers need Secure Boot for Blender?,upgrade_planning,AI Lab,Windows 11,Blender,Secure Boot
q06774,Find software that runs on Library.,reverse_software_lookup,Library,,AutoCAD,
q06775,Can systems in Block A support Ubuntu 24.04?,os_compatibility_check,Block A,Ubuntu 24.04,,
q06776,Display CPU details for Library.,hardware_query,Library,,,
q06777,Best operating system for Lab 1?,os_recommendation,Lab 1,Windows 10,,
q06778,Display CPU details for Block B.,hardware_query,Block B,,,
q06779,Best operating system for Block A?,os_recommendation,Block A,Debian 13,,
q06780,Which software can run on computers in Block C?,reverse_software_lookup,Block C,,Visual Studio Code,
q06781,Recommend the best OS for Programming Lab.,os_recommendation,Programming Lab,Ubuntu 24.04,,
q06782,Which computers in Programming Lab can run Debian 13?,os_compatibility_check,Programming Lab,Debian 13,,
q06783,Show hardware details for Block C.,hardware_query,Block C,,,
q06784,What upgrades are required in AI Lab?,upgrade_planning,AI Lab,Fedora 42,Visual Studio Code,GPU
q06785,Best operating system for Lab 2?,os_recommendation,Lab 2,Windows 11,,
q06786,Can computers in Block B run Oracle Database?,software_compatibility_check,Block B,,Oracle Database,
q06787,Which software can run on computers in Lab 2?,reverse_software_lookup,Lab 2,,VMware Workstation,
q06788,Which PCs in Programming Lab have 8 GB RAM?,hardware_query,Programming Lab,,,
q06789,Plan upgrades for Lab 2 to run Ubuntu 24.04.,upgrade_planning,Lab 2,Ubuntu 24.04,Visual Studio Code,Storage
q06790,Show PCs in Library incompatible with Fedora 42.,os_compatibility_check,Library,Fedora 42,,
q06791,Which computers in Lab 1 can run Debian 13?,os_compatibility_check,Lab 1,Debian 13,,
q06792,Which computers in Block B can run Ubuntu 24.04?,os_compatibility_check,Block B,Ubuntu 24.04,,
q06793,Which PCs in Programming Lab have 8 GB RAM?,hardware_query,Programming Lab,,,
q06794,List software supported by PCs in Block C.,reverse_software_lookup,Block C,,Visual Studio Code,
q06795,Which PCs in AI Lab have 8 GB RAM?,hardware_query,AI Lab,,,
q06796,Which operating system is most suitable for Block A?,os_recommendation,Block A,Windows 11,,
q06797,Is MATLAB supported in Lab 2?,software_compatibility_check,Lab 2,,MATLAB,
q06798,Plan upgrades for Block B to run Fedora 42.,upgrade_planning,Block B,Fedora 42,VMware Workstation,Storage
q06799,Plan upgrades for AI Lab to run Linux Mint 22.,upgrade_planning,AI Lab,Linux Mint 22,PyCharm,Secure Boot
q06800,Check Blender compatibility for Lab 2.,software_compatibility_check,Lab 2,,Blender,
q06801,Which computers need Storage for MATLAB?,upgrade_planning,Lab 1,Ubuntu 24.04,MATLAB,Storage
q06802,Check VMware Workstation compatibility for Library.,software_compatibility_check,Library,,VMware Workstation,
q06803,Which computers in Lab 2 can run Windows 11?,os_compatibility_check,Lab 2,Windows 11,,
q06804,Which systems support Android Studio in Block A?,software_compatibility_check,Block A,,Android Studio,
q06805,Suggest an OS for computers in AI Lab.,os_recommendation,AI Lab,Fedora 42,,
q06806,Can computers in AI Lab run VS Code?,software_compatibility_check,AI Lab,,Visual Studio Code,
q06807,Which computers in Lab 2 can run Fedora 42?,os_compatibility_check,Lab 2,Fedora 42,,
q06808,Display CPU details for Block A.,hardware_query,Block A,,,
q06809,List machines in Block C that meet Windows 10 requirements.,os_compatibility_check,Block C,Windows 10,,
q06810,Is PyCharm supported in Block B?,software_compatibility_check,Block B,,PyCharm,
q06811,Recommend the best OS for AI Lab.,os_recommendation,AI Lab,Linux Mint 22,,
q06812,List machines in Block B that meet Debian 13 requirements.,os_compatibility_check,Block B,Debian 13,,
q06813,Which systems support Blender in Block C?,software_compatibility_check,Block C,,Blender,
q06814,Show PCs in Programming Lab incompatible with Windows 11.,os_compatibility_check,Programming Lab,Windows 11,,
q06815,Best operating system for Block A?,os_recommendation,Block A,Debian 13,,
q06816,Show hardware details for Library.,hardware_query,Library,,,
q06817,What upgrades are required in Block A?,upgrade_planning,Block A,Ubuntu 24.04,Blender,RAM upgrade
q06818,Suggest an OS for computers in Block A.,os_recommendation,Block A,Fedora 42,,
q06819,Show hardware details for Block A.,hardware_query,Block A,,,
q06820,Is MATLAB supported in Library?,software_compatibility_check,Library,,MATLAB,
q06821,Find software that runs on Block B.,reverse_software_lookup,Block B,,MATLAB,
q06822,Check Oracle Database compatibility for AI Lab.,software_compatibility_check,AI Lab,,Oracle Database,
q06823,Find software that runs on Library.,reverse_software_lookup,Library,,Android Studio,
q06824,Suggest an OS for computers in AI Lab.,os_recommendation,AI Lab,Windows 11,,
q06825,Can systems in Network Lab support Windows 10?,os_compatibility_check,Network Lab,Windows 10,,
q06826,Recommend the best OS for Block A.,os_recommendation,Block A,Ubuntu 24.04,,
q06827,Is Oracle Database supported in Block C?,software_compatibility_check,Block C,,Oracle Database,
q06828,Show PCs in Programming Lab incompatible with Ubuntu 24.04.,os_compatibility_check,Programming Lab,Ubuntu 24.04,,
q06829,List software supported by PCs in Network Lab.,reverse_software_lookup,Network Lab,,Blender,
q06830,Plan upgrades for Block C to run Windows 11.,upgrade_planning,Block C,Windows 11,Android Studio,Secure Boot
q06831,List computers with SSD in Block A.,hardware_query,Block A,,,
q06832,What applications are compatible with Block C computers?,reverse_software_lookup,Block C,,Android Studio,
q06833,Display CPU details for Block C.,hardware_query,Block C,,,
q06834,Best operating system for Block C?,os_recommendation,Block C,Windows 10,,
q06835,Is PyCharm supported in Block A?,software_compatibility_check,Block A,,PyCharm,
q06836,Best operating system for Lab 1?,os_recommendation,Lab 1,Windows 10,,
q06837,Recommend the best OS for Lab 2.,os_recommendation,Lab 2,Fedora 42,,
q06838,Which systems support VMware Workstation in Library?,software_compatibility_check,Library,,VMware Workstation,
q06839,Plan upgrades for Block B to run Ubuntu 24.04.,upgrade_planning,Block B,Ubuntu 24.04,AutoCAD,GPU
q06840,Show PCs in Block C incompatible with Fedora 42.,os_compatibility_check,Block C,Fedora 42,,
q06841,Check Android Studio compatibility for Block B.,software_compatibility_check,Block B,,Android Studio,
q06842,Best operating system for Block C?,os_recommendation,Block C,Fedora 42,,
q06843,Plan upgrades for Network Lab to run Linux Mint 22.,upgrade_planning,Network Lab,Linux Mint 22,MATLAB,Secure Boot
q06844,Can systems in Block C support Windows 10?,os_compatibility_check,Block C,Windows 10,,
q06845,What applications are compatible with Programming Lab computers?,reverse_software_lookup,Programming Lab,,Visual Studio Code,
q06846,Which computers in Network Lab can run Ubuntu 24.04?,os_compatibility_check,Network Lab,Ubuntu 24.04,,
q06847,Which operating system is most suitable for AI Lab?,os_recommendation,AI Lab,Ubuntu 24.04,,
q06848,Check Blender compatibility for AI Lab.,software_compatibility_check,AI Lab,,Blender,
q06849,Which software can run on computers in Block B?,reverse_software_lookup,Block B,,MATLAB,
q06850,Show hardware details for Block C.,hardware_query,Block C,,,
q06851,Which software can run on computers in Programming Lab?,reverse_software_lookup,Programming Lab,,PyCharm,
q06852,Suggest an OS for computers in Lab 1.,os_recommendation,Lab 1,Windows 10,,
q06853,Recommend the best OS for Block A.,os_recommendation,Block A,Debian 13,,
q06854,Which systems support Blender in Lab 2?,software_compatibility_check,Lab 2,,Blender,
q06855,What applications are compatible with Block A computers?,reverse_software_lookup,Block A,,Oracle Database,
q06856,Which computers in Lab 2 can run Linux Mint 22?,os_compatibility_check,Lab 2,Linux Mint 22,,
q06857,Which operating system is most suitable for Block A?,os_recommendation,Block A,Debian 13,,
q06858,What applications are compatible with AI Lab computers?,reverse_software_lookup,AI Lab,,Oracle Database,
q06859,Best operating system for Block A?,os_recommendation,Block A,Windows 11,,
q06860,Check VS Code compatibility for Block B.,software_compatibility_check,Block B,,Visual Studio Code,
q06861,Which PCs in Block A have 8 GB RAM?,hardware_query,Block A,,,
q06862,Find systems needing Storage.,upgrade_planning,Network Lab,Fedora 42,PyCharm,Storage
q06863,Display CPU details for Lab 2.,hardware_query,Lab 2,,,
q06864,Can computers in AI Lab run VMware Workstation?,software_compatibility_check,AI Lab,,VMware Workstation,
q06865,Best operating system for Lab 2?,os_recommendation,Lab 2,Windows 11,,
q06866,List computers with SSD in Network Lab.,hardware_query,Network Lab,,,
q06867,What upgrades are required in Lab 2?,upgrade_planning,Lab 2,Fedora 42,Android Studio,TPM
q06868,Find software that runs on Block B.,reverse_software_lookup,Block B,,Android Studio,
q06869,Can systems in AI Lab support Fedora 42?,os_compatibility_check,AI Lab,Fedora 42,,
q06870,Find systems needing Secure Boot.,upgrade_planning,Programming Lab,Windows 11,Visual Studio Code,Secure Boot
q06871,Which computers in AI Lab can run Debian 13?,os_compatibility_check,AI Lab,Debian 13,,
q06872,Plan upgrades for Network Lab to run Windows 10.,upgrade_planning,Network Lab,Windows 10,Oracle Database,Secure Boot
q06873,Find software that runs on Lab 1.,reverse_software_lookup,Lab 1,,PyCharm,
q06874,Which computers in Block B can run Linux Mint 22?,os_compatibility_check,Block B,Linux Mint 22,,
q06875,Check AutoCAD 2026 compatibility for Block B.,software_compatibility_check,Block B,,AutoCAD,
q06876,Can systems in Block A support Fedora 42?,os_compatibility_check,Block A,Fedora 42,,
q06877,Which computers need GPU for MATLAB?,upgrade_planning,AI Lab,Fedora 42,MATLAB,GPU
q06878,Which operating system is most suitable for Lab 2?,os_recommendation,Lab 2,Debian 13,,
q06879,Display CPU details for Block C.,hardware_query,Block C,,,
q06880,Suggest an OS for computers in Library.,os_recommendation,Library,Windows 10,,
q06881,Which operating system is most suitable for Programming Lab?,os_recommendation,Programming Lab,Fedora 42,,
q06882,Which computers in AI Lab can run Ubuntu 24.04?,os_compatibility_check,AI Lab,Ubuntu 24.04,,
q06883,What upgrades are required in Block A?,upgrade_planning,Block A,Fedora 42,VMware Workstation,CPU
q06884,Is Blender supported in Block B?,software_compatibility_check,Block B,,Blender,
q06885,Best operating system for Block B?,os_recommendation,Block B,Fedora 42,,
q06886,Suggest an OS for computers in Programming Lab.,os_recommendation,Programming Lab,Fedora 42,,
q06887,Suggest an OS for computers in AI Lab.,os_recommendation,AI Lab,Fedora 42,,
q06888,Is VS Code supported in Network Lab?,software_compatibility_check,Network Lab,,Visual Studio Code,
q06889,Which systems support MATLAB in Network Lab?,software_compatibility_check,Network Lab,,MATLAB,
q06890,Which computers need Storage for AutoCAD 2026?,upgrade_planning,Lab 2,Ubuntu 24.04,AutoCAD,Storage
q06891,Which systems support Blender in Library?,software_compatibility_check,Library,,Blender,
q06892,Is VMware Workstation supported in Block B?,software_compatibility_check,Block B,,VMware Workstation,
q06893,Is VMware Workstation supported in Block B?,software_compatibility_check,Block B,,VMware Workstation,
q06894,What applications are compatible with Library computers?,reverse_software_lookup,Library,,Visual Studio Code,
q06895,Find software that runs on Library.,reverse_software_lookup,Library,,Blender,
q06896,Check Blender compatibility for AI Lab.,software_compatibility_check,AI Lab,,Blender,
q06897,Show PCs in Network Lab incompatible with Debian 13.,os_compatibility_check,Network Lab,Debian 13,,
q06898,Recommend the best OS for AI Lab.,os_recommendation,AI Lab,Windows 11,,
q06899,Recommend the best OS for AI Lab.,os_recommendation,AI Lab,Windows 11,,
q06900,Which computers need CPU for Android Studio?,upgrade_planning,Lab 2,Windows 11,Android Studio,CPU
q06901,Which PCs in Library have 8 GB RAM?,hardware_query,Library,,,
q06902,Which computers need RAM upgrade for Android Studio?,upgrade_planning,Network Lab,Windows 11,Android Studio,RAM upgrade
q06903,Recommend the best OS for Lab 1.,os_recommendation,Lab 1,Ubuntu 24.04,,
q06904,Find systems needing TPM.,upgrade_planning,Lab 2,Ubuntu 24.04,PyCharm,TPM
q06905,Which systems support VMware Workstation in Network Lab?,software_compatibility_check,Network Lab,,VMware Workstation,
q06906,What upgrades are required in Block A?,upgrade_planning,Block A,Fedora 42,AutoCAD,Storage
q06907,List computers with SSD in Block C.,hardware_query,Block C,,,
q06908,Check VMware Workstation compatibility for Lab 2.,software_compatibility_check,Lab 2,,VMware Workstation,
q06909,Which systems support PyCharm in Lab 1?,software_compatibility_check,Lab 1,,PyCharm,
q06910,Which computers need TPM for VS Code?,upgrade_planning,Block C,Windows 11,Visual Studio Code,TPM
q06911,Show hardware details for Programming Lab.,hardware_query,Programming Lab,,,
q06912,Display CPU details for Block B.,hardware_query,Block B,,,
q06913,Check VS Code compatibility for Lab 1.,software_compatibility_check,Lab 1,,Visual Studio Code,
q06914,What upgrades are required in Library?,upgrade_planning,Library,Debian 13,AutoCAD,Secure Boot
q06915,Which computers in Lab 2 can run Linux Mint 22?,os_compatibility_check,Lab 2,Linux Mint 22,,
q06916,Which computers in Block C can run Fedora 42?,os_compatibility_check,Block C,Fedora 42,,
q06917,What applications are compatible with Block A computers?,reverse_software_lookup,Block A,,MATLAB,
q06918,Show hardware details for Block A.,hardware_query,Block A,,,
q06919,Show hardware details for Library.,hardware_query,Library,,,
q06920,List software supported by PCs in AI Lab.,reverse_software_lookup,AI Lab,,AutoCAD,
q06921,Find software that runs on Programming Lab.,reverse_software_lookup,Programming Lab,,PyCharm,
q06922,List machines in Lab 1 that meet Ubuntu 24.04 requirements.,os_compatibility_check,Lab 1,Ubuntu 24.04,,
q06923,Recommend the best OS for Block A.,os_recommendation,Block A,Windows 11,,
q06924,Best operating system for Lab 2?,os_recommendation,Lab 2,Fedora 42,,
q06925,Which operating system is most suitable for Lab 2?,os_recommendation,Lab 2,Fedora 42,,
q06926,Which computers in Block A can run Debian 13?,os_compatibility_check,Block A,Debian 13,,
q06927,Which PCs in Lab 1 have 8 GB RAM?,hardware_query,Lab 1,,,
q06928,Which software can run on computers in Lab 1?,reverse_software_lookup,Lab 1,,MATLAB,
q06929,Best operating system for AI Lab?,os_recommendation,AI Lab,Windows 11,,
q06930,Suggest an OS for computers in Lab 1.,os_recommendation,Lab 1,Windows 11,,
q06931,Show hardware details for Block A.,hardware_query,Block A,,,
q06932,Which operating system is most suitable for Block A?,os_recommendation,Block A,Fedora 42,,
q06933,Which systems support PyCharm in Block C?,software_compatibility_check,Block C,,PyCharm,
q06934,Suggest an OS for computers in Programming Lab.,os_recommendation,Programming Lab,Ubuntu 24.04,,
q06935,Show hardware details for Network Lab.,hardware_query,Network Lab,,,
q06936,List machines in Library that meet Linux Mint 22 requirements.,os_compatibility_check,Library,Linux Mint 22,,
q06937,List software supported by PCs in Lab 1.,reverse_software_lookup,Lab 1,,Android Studio,
q06938,What upgrades are required in Block C?,upgrade_planning,Block C,Windows 10,Oracle Database,CPU
q06939,Which software can run on computers in Lab 2?,reverse_software_lookup,Lab 2,,VMware Workstation,
q06940,Can systems in Lab 2 support Windows 11?,os_compatibility_check,Lab 2,Windows 11,,
q06941,Suggest an OS for computers in AI Lab.,os_recommendation,AI Lab,Linux Mint 22,,
q06942,Can computers in Block C run AutoCAD 2026?,software_compatibility_check,Block C,,AutoCAD,
q06943,Can systems in Programming Lab support Fedora 42?,os_compatibility_check,Programming Lab,Fedora 42,,
q06944,Display CPU details for AI Lab.,hardware_query,AI Lab,,,
q06945,Show PCs in Block B incompatible with Ubuntu 24.04.,os_compatibility_check,Block B,Ubuntu 24.04,,
q06946,Find systems needing Storage.,upgrade_planning,Lab 2,Linux Mint 22,AutoCAD,Storage
q06947,Can computers in Block B run VS Code?,software_compatibility_check,Block B,,Visual Studio Code,
q06948,List software supported by PCs in Programming Lab.,reverse_software_lookup,Programming Lab,,VMware Workstation,
q06949,Which computers need Secure Boot for AutoCAD 2026?,upgrade_planning,Block A,Debian 13,AutoCAD,Secure Boot
q06950,Find systems needing Secure Boot.,upgrade_planning,Lab 1,Windows 11,MATLAB,Secure Boot
q06951,List software supported by PCs in Network Lab.,reverse_software_lookup,Network Lab,,AutoCAD,
q06952,List computers with SSD in Library.,hardware_query,Library,,,
q06953,Which software can run on computers in Lab 1?,reverse_software_lookup,Lab 1,,Oracle Database,
q06954,Which systems support Android Studio in AI Lab?,software_compatibility_check,AI Lab,,Android Studio,
q06955,Find systems needing Secure Boot.,upgrade_planning,Block C,Windows 11,MATLAB,Secure Boot
q06956,Is MATLAB supported in Lab 2?,software_compatibility_check,Lab 2,,MATLAB,
q06957,Suggest an OS for computers in Block B.,os_recommendation,Block B,Linux Mint 22,,
q06958,Which PCs in Block C have 8 GB RAM?,hardware_query,Block C,,,
q06959,Best operating system for Network Lab?,os_recommendation,Network Lab,Windows 10,,
q06960,List computers with SSD in Block C.,hardware_query,Block C,,,
q06961,List machines in Block A that meet Windows 10 requirements.,os_compatibility_check,Block A,Windows 10,,
q06962,Best operating system for Network Lab?,os_recommendation,Network Lab,Debian 13,,
q06963,List computers with SSD in Programming Lab.,hardware_query,Programming Lab,,,
q06964,List machines in Library that meet Fedora 42 requirements.,os_compatibility_check,Library,Fedora 42,,
q06965,Check VMware Workstation compatibility for Library.,software_compatibility_check,Library,,VMware Workstation,
q06966,Which operating system is most suitable for Lab 2?,os_recommendation,Lab 2,Windows 10,,
q06967,Can systems in Block A support Ubuntu 24.04?,os_compatibility_check,Block A,Ubuntu 24.04,,
q06968,Recommend the best OS for Lab 2.,os_recommendation,Lab 2,Windows 11,,
q06969,Which operating system is most suitable for Programming Lab?,os_recommendation,Programming Lab,Ubuntu 24.04,,
q06970,Best operating system for Library?,os_recommendation,Library,Windows 11,,
q06971,What upgrades are required in Block A?,upgrade_planning,Block A,Windows 11,Visual Studio Code,RAM upgrade
q06972,Can systems in Block B support Fedora 42?,os_compatibility_check,Block B,Fedora 42,,
q06973,Can computers in Block C run MATLAB?,software_compatibility_check,Block C,,MATLAB,
q06974,Which computers need RAM upgrade for Blender?,upgrade_planning,Lab 1,Windows 10,Blender,RAM upgrade
q06975,Find systems needing TPM.,upgrade_planning,Block C,Linux Mint 22,PyCharm,TPM
q06976,Which computers need TPM for AutoCAD 2026?,upgrade_planning,Lab 2,Linux Mint 22,AutoCAD,TPM
q06977,Find software that runs on Block C.,reverse_software_lookup,Block C,,Oracle Database,
q06978,Find systems needing Storage.,upgrade_planning,Lab 2,Ubuntu 24.04,AutoCAD,Storage
q06979,Is PyCharm supported in Block B?,software_compatibility_check,Block B,,PyCharm,
q06980,Plan upgrades for AI Lab to run Ubuntu 24.04.,upgrade_planning,AI Lab,Ubuntu 24.04,MATLAB,Secure Boot
q06981,Show PCs in Block C incompatible with Linux Mint 22.,os_compatibility_check,Block C,Linux Mint 22,,
q06982,Best operating system for Library?,os_recommendation,Library,Fedora 42,,
q06983,Which PCs in Lab 1 have 8 GB RAM?,hardware_query,Lab 1,,,
q06984,What applications are compatible with Lab 2 computers?,reverse_software_lookup,Lab 2,,PyCharm,
q06985,Check Oracle Database compatibility for Block B.,software_compatibility_check,Block B,,Oracle Database,
q06986,What applications are compatible with Lab 1 computers?,reverse_software_lookup,Lab 1,,PyCharm,
q06987,Show hardware details for Block B.,hardware_query,Block B,,,
q06988,Can systems in Block A support Linux Mint 22?,os_compatibility_check,Block A,Linux Mint 22,,
q06989,Plan upgrades for Block C to run Fedora 42.,upgrade_planning,Block C,Fedora 42,AutoCAD,CPU
q06990,List machines in Network Lab that meet Debian 13 requirements.,os_compatibility_check,Network Lab,Debian 13,,
q06991,Which PCs in Lab 1 have 8 GB RAM?,hardware_query,Lab 1,,,
q06992,Display CPU details for AI Lab.,hardware_query,AI Lab,,,
q06993,List software supported by PCs in Block A.,reverse_software_lookup,Block A,,PyCharm,
q06994,Can computers in AI Lab run VMware Workstation?,software_compatibility_check,AI Lab,,VMware Workstation,
q06995,List computers with SSD in AI Lab.,hardware_query,AI Lab,,,
q06996,Which computers need CPU for Oracle Database?,upgrade_planning,AI Lab,Linux Mint 22,Oracle Database,CPU
q06997,Which computers in Programming Lab can run Windows 11?,os_compatibility_check,Programming Lab,Windows 11,,
q06998,What applications are compatible with Library computers?,reverse_software_lookup,Library,,Android Studio,
q06999,Check AutoCAD 2026 compatibility for Block B.,software_compatibility_check,Block B,,AutoCAD,
q07000,List machines in Network Lab that meet Ubuntu 24.04 requirements.,os_compatibility_check,Network Lab,Ubuntu 24.04,,
q07001,Suggest an OS for computers in Library.,os_recommendation,Library,Ubuntu 24.04,,
q07002,What applications are compatible with Lab 2 computers?,reverse_software_lookup,Lab 2,,PyCharm,
q07003,Show PCs in Block B incompatible with Windows 11.,os_compatibility_check,Block B,Windows 11,,
q07004,List software supported by PCs in Lab 1.,reverse_software_lookup,Lab 1,,VMware Workstation,
q07005,What applications are compatible with Block C computers?,reverse_software_lookup,Block C,,MATLAB,
q07006,Plan upgrades for Block C to run Linux Mint 22.,upgrade_planning,Block C,Linux Mint 22,Visual Studio Code,Storage
q07007,Can systems in Block C support Fedora 42?,os_compatibility_check,Block C,Fedora 42,,
q07008,What applications are compatible with Block B computers?,reverse_software_lookup,Block B,,Oracle Database,
q07009,List software supported by PCs in Lab 1.,reverse_software_lookup,Lab 1,,VMware Workstation,
q07010,Check Android Studio compatibility for AI Lab.,software_compatibility_check,AI Lab,,Android Studio,
q07011,Which PCs in Library have 8 GB RAM?,hardware_query,Library,,,
q07012,Which computers in Programming Lab can run Ubuntu 24.04?,os_compatibility_check,Programming Lab,Ubuntu 24.04,,
q07013,Suggest an OS for computers in Network Lab.,os_recommendation,Network Lab,Linux Mint 22,,
q07014,Which software can run on computers in Lab 1?,reverse_software_lookup,Lab 1,,Blender,
q07015,Suggest an OS for computers in Lab 2.,os_recommendation,Lab 2,Windows 10,,
q07016,What applications are compatible with Network Lab computers?,reverse_software_lookup,Network Lab,,Oracle Database,
q07017,Show PCs in Block C incompatible with Linux Mint 22.,os_compatibility_check,Block C,Linux Mint 22,,
q07018,Which systems support Android Studio in Lab 1?,software_compatibility_check,Lab 1,,Android Studio,
q07019,What applications are compatible with Programming Lab computers?,reverse_software_lookup,Programming Lab,,VMware Workstation,
q07020,Show PCs in Programming Lab incompatible with Ubuntu 24.04.,os_compatibility_check,Programming Lab,Ubuntu 24.04,,
q07021,What applications are compatible with Lab 2 computers?,reverse_software_lookup,Lab 2,,MATLAB,
q07022,Which software can run on computers in Programming Lab?,reverse_software_lookup,Programming Lab,,AutoCAD,
q07023,Can systems in Programming Lab support Debian 13?,os_compatibility_check,Programming Lab,Debian 13,,
q07024,List machines in Block B that meet Debian 13 requirements.,os_compatibility_check,Block B,Debian 13,,
q07025,Can systems in Network Lab support Ubuntu 24.04?,os_compatibility_check,Network Lab,Ubuntu 24.04,,
q07026,Plan upgrades for Block C to run Windows 11.,upgrade_planning,Block C,Windows 11,MATLAB,Storage
q07027,Is Oracle Database supported in AI Lab?,software_compatibility_check,AI Lab,,Oracle Database,
q07028,Display CPU details for Block B.,hardware_query,Block B,,,
q07029,What upgrades are required in Block B?,upgrade_planning,Block B,Debian 13,Blender,CPU
q07030,Can computers in Lab 2 run MATLAB?,software_compatibility_check,Lab 2,,MATLAB,
q07031,Check Blender compatibility for Library.,software_compatibility_check,Library,,Blender,
q07032,Show hardware details for Block A.,hardware_query,Block A,,,
q07033,List software supported by PCs in AI Lab.,reverse_software_lookup,AI Lab,,VMware Workstation,
q07034,Which systems support VMware Workstation in Lab 2?,software_compatibility_check,Lab 2,,VMware Workstation,
q07035,Show hardware details for Network Lab.,hardware_query,Network Lab,,,
q07036,Recommend the best OS for Block A.,os_recommendation,Block A,Ubuntu 24.04,,
q07037,Which computers in Network Lab can run Windows 11?,os_compatibility_check,Network Lab,Windows 11,,
q07038,Can systems in AI Lab support Ubuntu 24.04?,os_compatibility_check,AI Lab,Ubuntu 24.04,,
q07039,Find software that runs on Block A.,reverse_software_lookup,Block A,,VMware Workstation,
q07040,Find systems needing TPM.,upgrade_planning,Library,Linux Mint 22,Oracle Database,TPM
q07041,Check Android Studio compatibility for Programming Lab.,software_compatibility_check,Programming Lab,,Android Studio,
q07042,List computers with SSD in Block C.,hardware_query,Block C,,,
q07043,Show PCs in Lab 1 incompatible with Windows 10.,os_compatibility_check,Lab 1,Windows 10,,
q07044,List software supported by PCs in Block B.,reverse_software_lookup,Block B,,MATLAB,
q07045,Which PCs in Lab 2 have 8 GB RAM?,hardware_query,Lab 2,,,
q07046,What upgrades are required in Block C?,upgrade_planning,Block C,Windows 11,Blender,CPU
q07047,Best operating system for Lab 2?,os_recommendation,Lab 2,Debian 13,,
q07048,List computers with SSD in Library.,hardware_query,Library,,,
q07049,Best operating system for Lab 1?,os_recommendation,Lab 1,Windows 11,,
q07050,Can computers in Network Lab run Oracle Database?,software_compatibility_check,Network Lab,,Oracle Database,
q07051,List software supported by PCs in AI Lab.,reverse_software_lookup,AI Lab,,PyCharm,
q07052,Which PCs in Lab 1 have 8 GB RAM?,hardware_query,Lab 1,,,
q07053,Find software that runs on Network Lab.,reverse_software_lookup,Network Lab,,Android Studio,
q07054,Find systems needing TPM.,upgrade_planning,AI Lab,Windows 10,Android Studio,TPM
q07055,Can systems in Programming Lab support Ubuntu 24.04?,os_compatibility_check,Programming Lab,Ubuntu 24.04,,
q07056,Find software that runs on Programming Lab.,reverse_software_lookup,Programming Lab,,Visual Studio Code,
q07057,List computers with SSD in Network Lab.,hardware_query,Network Lab,,,
q07058,Check PyCharm compatibility for Block B.,software_compatibility_check,Block B,,PyCharm,
q07059,Find software that runs on Library.,reverse_software_lookup,Library,,VMware Workstation,
q07060,Can computers in Library run MATLAB?,software_compatibility_check,Library,,MATLAB,
q07061,Can systems in Library support Fedora 42?,os_compatibility_check,Library,Fedora 42,,
q07062,List software supported by PCs in Programming Lab.,reverse_software_lookup,Programming Lab,,Visual Studio Code,
q07063,What upgrades are required in Block A?,upgrade_planning,Block A,Windows 10,MATLAB,RAM upgrade
q07064,Find systems needing Secure Boot.,upgrade_planning,Block C,Windows 10,PyCharm,Secure Boot
q07065,What applications are compatible with Block B computers?,reverse_software_lookup,Block B,,PyCharm,
q07066,Which computers need Secure Boot for VMware Workstation?,upgrade_planning,Block C,Linux Mint 22,VMware Workstation,Secure Boot
q07067,Is Blender supported in Block C?,software_compatibility_check,Block C,,Blender,
q07068,List software supported by PCs in Lab 1.,reverse_software_lookup,Lab 1,,AutoCAD,
q07069,Which computers in Block B can run Fedora 42?,os_compatibility_check,Block B,Fedora 42,,
q07070,Can systems in Library support Linux Mint 22?,os_compatibility_check,Library,Linux Mint 22,,
q07071,Find systems needing TPM.,upgrade_planning,Programming Lab,Windows 11,Android Studio,TPM
q07072,Which systems support VS Code in Network Lab?,software_compatibility_check,Network Lab,,Visual Studio Code,
q07073,Can systems in Lab 2 support Windows 10?,os_compatibility_check,Lab 2,Windows 10,,
q07074,Which operating system is most suitable for AI Lab?,os_recommendation,AI Lab,Ubuntu 24.04,,
q07075,Which computers in Lab 2 can run Debian 13?,os_compatibility_check,Lab 2,Debian 13,,
q07076,Which operating system is most suitable for Block B?,os_recommendation,Block B,Debian 13,,
q07077,Which systems support VMware Workstation in Block C?,software_compatibility_check,Block C,,VMware Workstation,
q07078,Which operating system is most suitable for Block B?,os_recommendation,Block B,Windows 10,,
q07079,What upgrades are required in AI Lab?,upgrade_planning,AI Lab,Windows 10,PyCharm,Storage
q07080,List software supported by PCs in Library.,reverse_software_lookup,Library,,VMware Workstation,
q07081,Best operating system for Block C?,os_recommendation,Block C,Linux Mint 22,,
q07082,Which computers in Programming Lab can run Linux Mint 22?,os_compatibility_check,Programming Lab,Linux Mint 22,,
q07083,What applications are compatible with Lab 2 computers?,reverse_software_lookup,Lab 2,,Blender,
q07084,List machines in Block C that meet Fedora 42 requirements.,os_compatibility_check,Block C,Fedora 42,,
q07085,Which computers in AI Lab can run Debian 13?,os_compatibility_check,AI Lab,Debian 13,,
q07086,Can systems in Block C support Debian 13?,os_compatibility_check,Block C,Debian 13,,
q07087,Which systems support PyCharm in Lab 2?,software_compatibility_check,Lab 2,,PyCharm,
q07088,Display CPU details for Block B.,hardware_query,Block B,,,
q07089,Which operating system is most suitable for Lab 1?,os_recommendation,Lab 1,Fedora 42,,
q07090,List machines in Programming Lab that meet Ubuntu 24.04 requirements.,os_compatibility_check,Programming Lab,Ubuntu 24.04,,
q07091,Which systems support Oracle Database in AI Lab?,software_compatibility_check,AI Lab,,Oracle Database,
q07092,Recommend the best OS for Lab 2.,os_recommendation,Lab 2,Windows 11,,
q07093,Find systems needing TPM.,upgrade_planning,Network Lab,Linux Mint 22,Visual Studio Code,TPM
q07094,Check AutoCAD 2026 compatibility for AI Lab.,software_compatibility_check,AI Lab,,AutoCAD,
q07095,Find systems needing Secure Boot.,upgrade_planning,Network Lab,Fedora 42,PyCharm,Secure Boot
q07096,Can computers in Block B run VMware Workstation?,software_compatibility_check,Block B,,VMware Workstation,
q07097,Check VMware Workstation compatibility for Network Lab.,software_compatibility_check,Network Lab,,VMware Workstation,
q07098,Check MATLAB compatibility for Library.,software_compatibility_check,Library,,MATLAB,
q07099,Find software that runs on Programming Lab.,reverse_software_lookup,Programming Lab,,AutoCAD,
q07100,Display CPU details for Network Lab.,hardware_query,Network Lab,,,
q07101,Is Oracle Database supported in Lab 1?,software_compatibility_check,Lab 1,,Oracle Database,
q07102,Best operating system for Lab 2?,os_recommendation,Lab 2,Debian 13,,
q07103,What upgrades are required in Programming Lab?,upgrade_planning,Programming Lab,Fedora 42,AutoCAD,TPM
q07104,Find systems needing GPU.,upgrade_planning,Network Lab,Windows 11,Visual Studio Code,GPU
q07105,Which operating system is most suitable for Lab 2?,os_recommendation,Lab 2,Debian 13,,
q07106,Show PCs in Library incompatible with Ubuntu 24.04.,os_compatibility_check,Library,Ubuntu 24.04,,
q07107,Best operating system for Library?,os_recommendation,Library,Windows 11,,
q07108,Which software can run on computers in Block C?,reverse_software_lookup,Block C,,Visual Studio Code,
q07109,Is VMware Workstation supported in Network Lab?,software_compatibility_check,Network Lab,,VMware Workstation,
q07110,List computers with SSD in Programming Lab.,hardware_query,Programming Lab,,,
q07111,Which PCs in AI Lab have 8 GB RAM?,hardware_query,AI Lab,,,
q07112,Is AutoCAD 2026 supported in Lab 1?,software_compatibility_check,Lab 1,,AutoCAD,
q07113,Show PCs in Library incompatible with Ubuntu 24.04.,os_compatibility_check,Library,Ubuntu 24.04,,
q07114,What applications are compatible with Block C computers?,reverse_software_lookup,Block C,,MATLAB,
q07115,Find software that runs on Block B.,reverse_software_lookup,Block B,,PyCharm,
q07116,Which computers in Library can run Linux Mint 22?,os_compatibility_check,Library,Linux Mint 22,,
q07117,Recommend the best OS for Block B.,os_recommendation,Block B,Windows 11,,
q07118,Which computers need CPU for VMware Workstation?,upgrade_planning,Library,Debian 13,VMware Workstation,CPU
q07119,List software supported by PCs in Library.,reverse_software_lookup,Library,,VMware Workstation,
q07120,Is PyCharm supported in Block B?,software_compatibility_check,Block B,,PyCharm,
q07121,Which systems support VS Code in Block A?,software_compatibility_check,Block A,,Visual Studio Code,
q07122,List machines in Block C that meet Debian 13 requirements.,os_compatibility_check,Block C,Debian 13,,
q07123,What upgrades are required in Network Lab?,upgrade_planning,Network Lab,Debian 13,PyCharm,Secure Boot
q07124,What applications are compatible with Network Lab computers?,reverse_software_lookup,Network Lab,,Oracle Database,
q07125,Can systems in Network Lab support Ubuntu 24.04?,os_compatibility_check,Network Lab,Ubuntu 24.04,,
q07126,Which systems support Android Studio in Lab 2?,software_compatibility_check,Lab 2,,Android Studio,
q07127,What applications are compatible with Lab 1 computers?,reverse_software_lookup,Lab 1,,AutoCAD,
q07128,Which operating system is most suitable for Block B?,os_recommendation,Block B,Fedora 42,,
q07129,What applications are compatible with Network Lab computers?,reverse_software_lookup,Network Lab,,Oracle Database,
q07130,List software supported by PCs in Library.,reverse_software_lookup,Library,,VMware Workstation,
q07131,Can computers in Network Lab run Android Studio?,software_compatibility_check,Network Lab,,Android Studio,
q07132,Check VMware Workstation compatibility for AI Lab.,software_compatibility_check,AI Lab,,VMware Workstation,
q07133,Which software can run on computers in Block A?,reverse_software_lookup,Block A,,AutoCAD,
q07134,Plan upgrades for Library to run Debian 13.,upgrade_planning,Library,Debian 13,PyCharm,Storage
q07135,Find systems needing Secure Boot.,upgrade_planning,Block A,Fedora 42,Blender,Secure Boot
q07136,List machines in AI Lab that meet Debian 13 requirements.,os_compatibility_check,AI Lab,Debian 13,,
q07137,Plan upgrades for Block B to run Windows 10.,upgrade_planning,Block B,Windows 10,Android Studio,Storage
q07138,Show hardware details for Network Lab.,hardware_query,Network Lab,,,
q07139,Which computers in Block C can run Ubuntu 24.04?,os_compatibility_check,Block C,Ubuntu 24.04,,
q07140,Which operating system is most suitable for Lab 2?,os_recommendation,Lab 2,Debian 13,,
q07141,Plan upgrades for AI Lab to run Debian 13.,upgrade_planning,AI Lab,Debian 13,Visual Studio Code,RAM upgrade
q07142,What upgrades are required in Block C?,upgrade_planning,Block C,Windows 10,AutoCAD,GPU
q07143,Recommend the best OS for Lab 2.,os_recommendation,Lab 2,Debian 13,,
q07144,Can systems in Block A support Debian 13?,os_compatibility_check,Block A,Debian 13,,
q07145,Suggest an OS for computers in Network Lab.,os_recommendation,Network Lab,Windows 10,,
q07146,Which computers in Network Lab can run Ubuntu 24.04?,os_compatibility_check,Network Lab,Ubuntu 24.04,,
q07147,List software supported by PCs in Block C.,reverse_software_lookup,Block C,,Blender,
q07148,Display CPU details for Block B.,hardware_query,Block B,,,
q07149,Suggest an OS for computers in Library.,os_recommendation,Library,Windows 10,,
q07150,Find systems needing Storage.,upgrade_planning,Lab 2,Ubuntu 24.04,AutoCAD,Storage
q07151,Plan upgrades for Block B to run Ubuntu 24.04.,upgrade_planning,Block B,Ubuntu 24.04,MATLAB,CPU
q07152,Which software can run on computers in Lab 2?,reverse_software_lookup,Lab 2,,AutoCAD,
q07153,Suggest an OS for computers in Network Lab.,os_recommendation,Network Lab,Windows 11,,
q07154,List computers with SSD in AI Lab.,hardware_query,AI Lab,,,
q07155,Which operating system is most suitable for Lab 1?,os_recommendation,Lab 1,Linux Mint 22,,
q07156,Show hardware details for Block A.,hardware_query,Block A,,,
q07157,List machines in Lab 1 that meet Debian 13 requirements.,os_compatibility_check,Lab 1,Debian 13,,
q07158,Find software that runs on Lab 2.,reverse_software_lookup,Lab 2,,VMware Workstation,
q07159,Display CPU details for Library.,hardware_query,Library,,,
q07160,Recommend the best OS for Block B.,os_recommendation,Block B,Linux Mint 22,,
q07161,Recommend the best OS for Block B.,os_recommendation,Block B,Ubuntu 24.04,,
q07162,Show PCs in Programming Lab incompatible with Fedora 42.,os_compatibility_check,Programming Lab,Fedora 42,,
q07163,List computers with SSD in Block A.,hardware_query,Block A,,,
q07164,List software supported by PCs in Block A.,reverse_software_lookup,Block A,,Blender,
q07165,Best operating system for Programming Lab?,os_recommendation,Programming Lab,Ubuntu 24.04,,
q07166,Is MATLAB supported in Programming Lab?,software_compatibility_check,Programming Lab,,MATLAB,
q07167,Which systems support AutoCAD 2026 in Block C?,software_compatibility_check,Block C,,AutoCAD,
q07168,Which PCs in Network Lab have 8 GB RAM?,hardware_query,Network Lab,,,
q07169,Find systems needing Secure Boot.,upgrade_planning,Lab 1,Ubuntu 24.04,Blender,Secure Boot
q07170,What upgrades are required in Network Lab?,upgrade_planning,Network Lab,Ubuntu 24.04,AutoCAD,TPM
q07171,Find software that runs on Library.,reverse_software_lookup,Library,,AutoCAD,
q07172,What upgrades are required in Block B?,upgrade_planning,Block B,Fedora 42,Blender,TPM
q07173,Can systems in Block B support Windows 11?,os_compatibility_check,Block B,Windows 11,,
q07174,Show hardware details for Library.,hardware_query,Library,,,
q07175,Which computers in Block B can run Debian 13?,os_compatibility_check,Block B,Debian 13,,
q07176,Which operating system is most suitable for Block C?,os_recommendation,Block C,Windows 11,,
q07177,Which PCs in Programming Lab have 8 GB RAM?,hardware_query,Programming Lab,,,
q07178,Find software that runs on Network Lab.,reverse_software_lookup,Network Lab,,VMware Workstation,
q07179,Recommend the best OS for Library.,os_recommendation,Library,Ubuntu 24.04,,
q07180,Which PCs in AI Lab have 8 GB RAM?,hardware_query,AI Lab,,,
q07181,List software supported by PCs in Block B.,reverse_software_lookup,Block B,,AutoCAD,
q07182,Check PyCharm compatibility for Library.,software_compatibility_check,Library,,PyCharm,
q07183,Which PCs in AI Lab have 8 GB RAM?,hardware_query,AI Lab,,,
q07184,Can systems in Network Lab support Debian 13?,os_compatibility_check,Network Lab,Debian 13,,
q07185,Show hardware details for Lab 2.,hardware_query,Lab 2,,,
q07186,List machines in Block B that meet Linux Mint 22 requirements.,os_compatibility_check,Block B,Linux Mint 22,,
q07187,Which operating system is most suitable for Block B?,os_recommendation,Block B,Fedora 42,,
q07188,Which computers need GPU for Blender?,upgrade_planning,Programming Lab,Windows 10,Blender,GPU
q07189,Best operating system for Lab 2?,os_recommendation,Lab 2,Windows 11,,
q07190,Is VS Code supported in Library?,software_compatibility_check,Library,,Visual Studio Code,
q07191,Can systems in Block A support Ubuntu 24.04?,os_compatibility_check,Block A,Ubuntu 24.04,,
q07192,List computers with SSD in Library.,hardware_query,Library,,,
q07193,List software supported by PCs in Programming Lab.,reverse_software_lookup,Programming Lab,,MATLAB,
q07194,Can systems in Network Lab support Fedora 42?,os_compatibility_check,Network Lab,Fedora 42,,
q07195,Find software that runs on Block A.,reverse_software_lookup,Block A,,Blender,
q07196,Recommend the best OS for Network Lab.,os_recommendation,Network Lab,Fedora 42,,
q07197,Display CPU details for Lab 2.,hardware_query,Lab 2,,,
q07198,What applications are compatible with Block A computers?,reverse_software_lookup,Block A,,VMware Workstation,
q07199,Suggest an OS for computers in Block B.,os_recommendation,Block B,Fedora 42,,
q07200,Can computers in Lab 1 run Oracle Database?,software_compatibility_check,Lab 1,,Oracle Database,
q07201,Which systems support Oracle Database in Lab 1?,software_compatibility_check,Lab 1,,Oracle Database,
q07202,List machines in Block A that meet Windows 11 requirements.,os_compatibility_check,Block A,Windows 11,,
q07203,Which computers need TPM for Android Studio?,upgrade_planning,Block B,Fedora 42,Android Studio,TPM
q07204,Which computers need TPM for Android Studio?,upgrade_planning,Library,Linux Mint 22,Android Studio,TPM
q07205,Which systems support Blender in Library?,software_compatibility_check,Library,,Blender,
q07206,List computers with SSD in Lab 1.,hardware_query,Lab 1,,,
q07207,Can computers in Network Lab run Oracle Database?,software_compatibility_check,Network Lab,,Oracle Database,
q07208,Which PCs in Lab 2 have 8 GB RAM?,hardware_query,Lab 2,,,
q07209,Find systems needing Storage.,upgrade_planning,Block C,Windows 10,MATLAB,Storage
q07210,List software supported by PCs in Programming Lab.,reverse_software_lookup,Programming Lab,,AutoCAD,
q07211,Find software that runs on Lab 1.,reverse_software_lookup,Lab 1,,Visual Studio Code,
q07212,Is VMware Workstation supported in AI Lab?,software_compatibility_check,AI Lab,,VMware Workstation,
q07213,Suggest an OS for computers in Programming Lab.,os_recommendation,Programming Lab,Fedora 42,,
q07214,Which operating system is most suitable for AI Lab?,os_recommendation,AI Lab,Linux Mint 22,,
q07215,Which software can run on computers in AI Lab?,reverse_software_lookup,AI Lab,,MATLAB,
q07216,Is VMware Workstation supported in Block A?,software_compatibility_check,Block A,,VMware Workstation,
q07217,What applications are compatible with Lab 1 computers?,reverse_software_lookup,Lab 1,,Android Studio,
q07218,Which operating system is most suitable for AI Lab?,os_recommendation,AI Lab,Ubuntu 24.04,,
q07219,Which computers need Storage for MATLAB?,upgrade_planning,Block C,Fedora 42,MATLAB,Storage
q07220,What applications are compatible with Block B computers?,reverse_software_lookup,Block B,,Oracle Database,
q07221,Can computers in Block A run AutoCAD 2026?,software_compatibility_check,Block A,,AutoCAD,
q07222,List computers with SSD in Library.,hardware_query,Library,,,
q07223,Show PCs in Library incompatible with Linux Mint 22.,os_compatibility_check,Library,Linux Mint 22,,
q07224,Which computers in AI Lab can run Fedora 42?,os_compatibility_check,AI Lab,Fedora 42,,
q07225,Show hardware details for Lab 1.,hardware_query,Lab 1,,,
q07226,What applications are compatible with Block C computers?,reverse_software_lookup,Block C,,Blender,
q07227,Recommend the best OS for AI Lab.,os_recommendation,AI Lab,Windows 11,,
q07228,Which operating system is most suitable for Network Lab?,os_recommendation,Network Lab,Debian 13,,
q07229,Find systems needing CPU.,upgrade_planning,Block C,Windows 11,MATLAB,CPU
q07230,What applications are compatible with Lab 1 computers?,reverse_software_lookup,Lab 1,,Blender,
q07231,Show hardware details for Programming Lab.,hardware_query,Programming Lab,,,
q07232,Show hardware details for Library.,hardware_query,Library,,,
q07233,Display CPU details for Lab 1.,hardware_query,Lab 1,,,
q07234,Plan upgrades for Block B to run Ubuntu 24.04.,upgrade_planning,Block B,Ubuntu 24.04,PyCharm,RAM upgrade
q07235,Can systems in Lab 2 support Windows 11?,os_compatibility_check,Lab 2,Windows 11,,
q07236,Which operating system is most suitable for Library?,os_recommendation,Library,Debian 13,,
q07237,Find software that runs on Programming Lab.,reverse_software_lookup,Programming Lab,,Oracle Database,
q07238,Best operating system for Block A?,os_recommendation,Block A,Linux Mint 22,,
q07239,Which software can run on computers in Programming Lab?,reverse_software_lookup,Programming Lab,,AutoCAD,
q07240,Show PCs in Lab 2 incompatible with Fedora 42.,os_compatibility_check,Lab 2,Fedora 42,,
q07241,List machines in Programming Lab that meet Linux Mint 22 requirements.,os_compatibility_check,Programming Lab,Linux Mint 22,,
q07242,Show hardware details for Network Lab.,hardware_query,Network Lab,,,
q07243,Plan upgrades for Lab 2 to run Windows 11.,upgrade_planning,Lab 2,Windows 11,Visual Studio Code,TPM
q07244,Find systems needing Secure Boot.,upgrade_planning,Lab 2,Windows 11,Blender,Secure Boot
q07245,Which PCs in Lab 1 have 8 GB RAM?,hardware_query,Lab 1,,,
q07246,Which PCs in Library have 8 GB RAM?,hardware_query,Library,,,
q07247,Which computers need GPU for VS Code?,upgrade_planning,AI Lab,Windows 11,Visual Studio Code,GPU
q07248,Show PCs in Programming Lab incompatible with Fedora 42.,os_compatibility_check,Programming Lab,Fedora 42,,
q07249,Which software can run on computers in Lab 2?,reverse_software_lookup,Lab 2,,VMware Workstation,
q07250,List machines in Library that meet Linux Mint 22 requirements.,os_compatibility_check,Library,Linux Mint 22,,
q07251,Display CPU details for Lab 1.,hardware_query,Lab 1,,,
q07252,Display CPU details for Lab 1.,hardware_query,Lab 1,,,
q07253,List software supported by PCs in Programming Lab.,reverse_software_lookup,Programming Lab,,MATLAB,
q07254,Show PCs in Lab 1 incompatible with Windows 10.,os_compatibility_check,Lab 1,Windows 10,,
q07255,Which computers in Block B can run Linux Mint 22?,os_compatibility_check,Block B,Linux Mint 22,,
q07256,Recommend the best OS for Lab 1.,os_recommendation,Lab 1,Ubuntu 24.04,,
q07257,What applications are compatible with Lab 2 computers?,reverse_software_lookup,Lab 2,,Android Studio,
q07258,Which computers need GPU for Android Studio?,upgrade_planning,Block A,Debian 13,Android Studio,GPU
q07259,Plan upgrades for Block A to run Windows 10.,upgrade_planning,Block A,Windows 10,PyCharm,RAM upgrade
q07260,Which systems support Oracle Database in Library?,software_compatibility_check,Library,,Oracle Database,
q07261,Display CPU details for Lab 1.,hardware_query,Lab 1,,,
q07262,Find software that runs on Lab 1.,reverse_software_lookup,Lab 1,,Blender,
q07263,Can systems in Network Lab support Windows 11?,os_compatibility_check,Network Lab,Windows 11,,
q07264,Can systems in Block A support Fedora 42?,os_compatibility_check,Block A,Fedora 42,,
q07265,Which computers in AI Lab can run Debian 13?,os_compatibility_check,AI Lab,Debian 13,,
q07266,Which PCs in Network Lab have 8 GB RAM?,hardware_query,Network Lab,,,
q07267,Check MATLAB compatibility for Block B.,software_compatibility_check,Block B,,MATLAB,
q07268,Can computers in Network Lab run VS Code?,software_compatibility_check,Network Lab,,Visual Studio Code,
q07269,Show hardware details for Lab 2.,hardware_query,Lab 2,,,
q07270,Which PCs in AI Lab have 8 GB RAM?,hardware_query,AI Lab,,,
q07271,Show hardware details for Block A.,hardware_query,Block A,,,
q07272,Show PCs in Programming Lab incompatible with Debian 13.,os_compatibility_check,Programming Lab,Debian 13,,
q07273,What applications are compatible with Lab 1 computers?,reverse_software_lookup,Lab 1,,Android Studio,
q07274,Show PCs in Block C incompatible with Linux Mint 22.,os_compatibility_check,Block C,Linux Mint 22,,
q07275,Recommend the best OS for Block C.,os_recommendation,Block C,Linux Mint 22,,
q07276,Best operating system for AI Lab?,os_recommendation,AI Lab,Windows 11,,
q07277,Which operating system is most suitable for Lab 2?,os_recommendation,Lab 2,Fedora 42,,
q07278,Show hardware details for Programming Lab.,hardware_query,Programming Lab,,,
q07279,Find software that runs on Library.,reverse_software_lookup,Library,,AutoCAD,
q07280,Recommend the best OS for Block A.,os_recommendation,Block A,Linux Mint 22,,
q07281,What applications are compatible with Lab 1 computers?,reverse_software_lookup,Lab 1,,AutoCAD,
q07282,Best operating system for Network Lab?,os_recommendation,Network Lab,Fedora 42,,
q07283,List machines in AI Lab that meet Windows 10 requirements.,os_compatibility_check,AI Lab,Windows 10,,
q07284,Which software can run on computers in Library?,reverse_software_lookup,Library,,VMware Workstation,
q07285,List machines in Programming Lab that meet Fedora 42 requirements.,os_compatibility_check,Programming Lab,Fedora 42,,
q07286,Find software that runs on Block B.,reverse_software_lookup,Block B,,Blender,
q07287,Which PCs in Block A have 8 GB RAM?,hardware_query,Block A,,,
q07288,List software supported by PCs in Block A.,reverse_software_lookup,Block A,,Blender,
q07289,What applications are compatible with AI Lab computers?,reverse_software_lookup,AI Lab,,Blender,
q07290,Display CPU details for Library.,hardware_query,Library,,,
q07291,Check PyCharm compatibility for Network Lab.,software_compatibility_check,Network Lab,,PyCharm,
q07292,Show PCs in Library incompatible with Debian 13.,os_compatibility_check,Library,Debian 13,,
q07293,Which software can run on computers in Programming Lab?,reverse_software_lookup,Programming Lab,,VMware Workstation,
q07294,Which computers in Library can run Windows 10?,os_compatibility_check,Library,Windows 10,,
q07295,Suggest an OS for computers in AI Lab.,os_recommendation,AI Lab,Ubuntu 24.04,,
q07296,Display CPU details for Library.,hardware_query,Library,,,
q07297,Find software that runs on Block B.,reverse_software_lookup,Block B,,Android Studio,
q07298,Find software that runs on Lab 1.,reverse_software_lookup,Lab 1,,MATLAB,
q07299,Suggest an OS for computers in Programming Lab.,os_recommendation,Programming Lab,Windows 11,,
q07300,Plan upgrades for Lab 2 to run Linux Mint 22.,upgrade_planning,Lab 2,Linux Mint 22,Oracle Database,Secure Boot
q07301,Check MATLAB compatibility for Library.,software_compatibility_check,Library,,MATLAB,
q07302,Show hardware details for Programming Lab.,hardware_query,Programming Lab,,,
q07303,What upgrades are required in AI Lab?,upgrade_planning,AI Lab,Windows 11,MATLAB,GPU
q07304,List computers with SSD in Programming Lab.,hardware_query,Programming Lab,,,
q07305,Find software that runs on Network Lab.,reverse_software_lookup,Network Lab,,PyCharm,
q07306,Which computers in Lab 1 can run Ubuntu 24.04?,os_compatibility_check,Lab 1,Ubuntu 24.04,,
q07307,Which operating system is most suitable for Block B?,os_recommendation,Block B,Linux Mint 22,,
q07308,Show PCs in Programming Lab incompatible with Debian 13.,os_compatibility_check,Programming Lab,Debian 13,,
q07309,Which software can run on computers in Lab 1?,reverse_software_lookup,Lab 1,,Oracle Database,
q07310,What upgrades are required in Lab 2?,upgrade_planning,Lab 2,Linux Mint 22,Oracle Database,CPU
q07311,Show hardware details for Lab 2.,hardware_query,Lab 2,,,
q07312,Can systems in AI Lab support Ubuntu 24.04?,os_compatibility_check,AI Lab,Ubuntu 24.04,,
q07313,Find software that runs on Block C.,reverse_software_lookup,Block C,,PyCharm,
q07314,Which systems support Blender in Block C?,software_compatibility_check,Block C,,Blender,
q07315,What applications are compatible with Block A computers?,reverse_software_lookup,Block A,,MATLAB,
q07316,Find systems needing GPU.,upgrade_planning,Programming Lab,Linux Mint 22,VMware Workstation,GPU
q07317,Which systems support PyCharm in Network Lab?,software_compatibility_check,Network Lab,,PyCharm,
q07318,Can systems in Programming Lab support Linux Mint 22?,os_compatibility_check,Programming Lab,Linux Mint 22,,
q07319,Which computers in Lab 1 can run Debian 13?,os_compatibility_check,Lab 1,Debian 13,,
q07320,Show PCs in Block A incompatible with Windows 10.,os_compatibility_check,Block A,Windows 10,,
q07321,What upgrades are required in Programming Lab?,upgrade_planning,Programming Lab,Fedora 42,VMware Workstation,Storage
q07322,Show hardware details for Lab 2.,hardware_query,Lab 2,,,
q07323,Find systems needing CPU.,upgrade_planning,Lab 2,Fedora 42,Blender,CPU
q07324,Which operating system is most suitable for Lab 2?,os_recommendation,Lab 2,Debian 13,,
q07325,Show PCs in Lab 2 incompatible with Ubuntu 24.04.,os_compatibility_check,Lab 2,Ubuntu 24.04,,
q07326,List machines in Block B that meet Linux Mint 22 requirements.,os_compatibility_check,Block B,Linux Mint 22,,
q07327,Plan upgrades for Block B to run Fedora 42.,upgrade_planning,Block B,Fedora 42,Android Studio,TPM
q07328,Can systems in AI Lab support Windows 11?,os_compatibility_check,AI Lab,Windows 11,,
q07329,Can systems in Programming Lab support Ubuntu 24.04?,os_compatibility_check,Programming Lab,Ubuntu 24.04,,
q07330,Which computers in Programming Lab can run Ubuntu 24.04?,os_compatibility_check,Programming Lab,Ubuntu 24.04,,
q07331,Recommend the best OS for Block C.,os_recommendation,Block C,Ubuntu 24.04,,
q07332,Suggest an OS for computers in Library.,os_recommendation,Library,Windows 11,,
q07333,Plan upgrades for Block B to run Fedora 42.,upgrade_planning,Block B,Fedora 42,Android Studio,Storage
q07334,Display CPU details for Network Lab.,hardware_query,Network Lab,,,
q07335,Best operating system for Block B?,os_recommendation,Block B,Windows 10,,
q07336,Can computers in AI Lab run MATLAB?,software_compatibility_check,AI Lab,,MATLAB,
q07337,Check Oracle Database compatibility for Programming Lab.,software_compatibility_check,Programming Lab,,Oracle Database,
q07338,Show PCs in Library incompatible with Linux Mint 22.,os_compatibility_check,Library,Linux Mint 22,,
q07339,Which PCs in Block A have 8 GB RAM?,hardware_query,Block A,,,
q07340,Is AutoCAD 2026 supported in Library?,software_compatibility_check,Library,,AutoCAD,
q07341,Recommend the best OS for Lab 2.,os_recommendation,Lab 2,Linux Mint 22,,
q07342,Plan upgrades for Library to run Fedora 42.,upgrade_planning,Library,Fedora 42,Oracle Database,Storage
q07343,Best operating system for Block B?,os_recommendation,Block B,Fedora 42,,
q07344,Best operating system for Library?,os_recommendation,Library,Windows 11,,
q07345,Which computers need Storage for VS Code?,upgrade_planning,Network Lab,Linux Mint 22,Visual Studio Code,Storage
q07346,Check MATLAB compatibility for AI Lab.,software_compatibility_check,AI Lab,,MATLAB,
q07347,Find systems needing RAM upgrade.,upgrade_planning,Block C,Ubuntu 24.04,Visual Studio Code,RAM upgrade
q07348,Which systems support PyCharm in Library?,software_compatibility_check,Library,,PyCharm,
q07349,Is Oracle Database supported in Block A?,software_compatibility_check,Block A,,Oracle Database,
q07350,Find systems needing CPU.,upgrade_planning,Block C,Windows 10,PyCharm,CPU
q07351,What applications are compatible with Lab 1 computers?,reverse_software_lookup,Lab 1,,MATLAB,
q07352,Show hardware details for Network Lab.,hardware_query,Network Lab,,,
q07353,Suggest an OS for computers in Block A.,os_recommendation,Block A,Fedora 42,,
q07354,Which software can run on computers in Lab 2?,reverse_software_lookup,Lab 2,,Visual Studio Code,
q07355,Suggest an OS for computers in Block B.,os_recommendation,Block B,Fedora 42,,
q07356,Can systems in Network Lab support Linux Mint 22?,os_compatibility_check,Network Lab,Linux Mint 22,,
q07357,List software supported by PCs in Block C.,reverse_software_lookup,Block C,,Visual Studio Code,
q07358,Which software can run on computers in Block B?,reverse_software_lookup,Block B,,PyCharm,
q07359,Can computers in Lab 1 run Blender?,software_compatibility_check,Lab 1,,Blender,
q07360,What upgrades are required in Network Lab?,upgrade_planning,Network Lab,Fedora 42,Blender,Secure Boot
q07361,List software supported by PCs in Lab 2.,reverse_software_lookup,Lab 2,,PyCharm,
q07362,List computers with SSD in Lab 1.,hardware_query,Lab 1,,,
q07363,Show hardware details for Lab 1.,hardware_query,Lab 1,,,
q07364,Find systems needing GPU.,upgrade_planning,Programming Lab,Ubuntu 24.04,MATLAB,GPU
q07365,Which systems support PyCharm in Lab 2?,software_compatibility_check,Lab 2,,PyCharm,
q07366,Plan upgrades for Block A to run Windows 11.,upgrade_planning,Block A,Windows 11,PyCharm,CPU
q07367,Which PCs in Block C have 8 GB RAM?,hardware_query,Block C,,,
q07368,Can computers in Lab 2 run VMware Workstation?,software_compatibility_check,Lab 2,,VMware Workstation,
q07369,Check Blender compatibility for Library.,software_compatibility_check,Library,,Blender,
q07370,What upgrades are required in Network Lab?,upgrade_planning,Network Lab,Windows 11,AutoCAD,Storage
q07371,Which systems support PyCharm in Programming Lab?,software_compatibility_check,Programming Lab,,PyCharm,
q07372,Can systems in Lab 1 support Linux Mint 22?,os_compatibility_check,Lab 1,Linux Mint 22,,
q07373,Can computers in Lab 1 run Android Studio?,software_compatibility_check,Lab 1,,Android Studio,
q07374,Plan upgrades for Lab 1 to run Debian 13.,upgrade_planning,Lab 1,Debian 13,AutoCAD,TPM
q07375,List machines in AI Lab that meet Windows 11 requirements.,os_compatibility_check,AI Lab,Windows 11,,
q07376,List computers with SSD in Library.,hardware_query,Library,,,
q07377,Find software that runs on Network Lab.,reverse_software_lookup,Network Lab,,AutoCAD,
q07378,Show PCs in AI Lab incompatible with Debian 13.,os_compatibility_check,AI Lab,Debian 13,,
q07379,Is Oracle Database supported in Lab 2?,software_compatibility_check,Lab 2,,Oracle Database,
q07380,Which PCs in Lab 1 have 8 GB RAM?,hardware_query,Lab 1,,,
q07381,Find systems needing Secure Boot.,upgrade_planning,Programming Lab,Linux Mint 22,AutoCAD,Secure Boot
q07382,Find software that runs on Block A.,reverse_software_lookup,Block A,,VMware Workstation,
q07383,What applications are compatible with Block A computers?,reverse_software_lookup,Block A,,PyCharm,
q07384,What upgrades are required in Lab 2?,upgrade_planning,Lab 2,Ubuntu 24.04,Android Studio,RAM upgrade
q07385,Which PCs in Block C have 8 GB RAM?,hardware_query,Block C,,,
q07386,Which software can run on computers in Block A?,reverse_software_lookup,Block A,,PyCharm,
q07387,Can computers in Block C run AutoCAD 2026?,software_compatibility_check,Block C,,AutoCAD,
q07388,Best operating system for Lab 2?,os_recommendation,Lab 2,Debian 13,,
q07389,What applications are compatible with Programming Lab computers?,reverse_software_lookup,Programming Lab,,Oracle Database,
q07390,Best operating system for Lab 1?,os_recommendation,Lab 1,Ubuntu 24.04,,
q07391,Check VMware Workstation compatibility for Block A.,software_compatibility_check,Block A,,VMware Workstation,
q07392,Can computers in Lab 2 run MATLAB?,software_compatibility_check,Lab 2,,MATLAB,
q07393,Which PCs in Lab 2 have 8 GB RAM?,hardware_query,Lab 2,,,
q07394,What applications are compatible with Library computers?,reverse_software_lookup,Library,,PyCharm,
q07395,List computers with SSD in AI Lab.,hardware_query,AI Lab,,,
q07396,Show PCs in Programming Lab incompatible with Ubuntu 24.04.,os_compatibility_check,Programming Lab,Ubuntu 24.04,,
q07397,Which computers in Lab 2 can run Windows 10?,os_compatibility_check,Lab 2,Windows 10,,
q07398,Which computers need Secure Boot for MATLAB?,upgrade_planning,Lab 2,Ubuntu 24.04,MATLAB,Secure Boot
q07399,Check Blender compatibility for Library.,software_compatibility_check,Library,,Blender,
q07400,List machines in AI Lab that meet Linux Mint 22 requirements.,os_compatibility_check,AI Lab,Linux Mint 22,,
q07401,Find systems needing GPU.,upgrade_planning,Block A,Fedora 42,VMware Workstation,GPU
q07402,Best operating system for Block A?,os_recommendation,Block A,Ubuntu 24.04,,
q07403,Best operating system for Block B?,os_recommendation,Block B,Linux Mint 22,,
q07404,Check MATLAB compatibility for Network Lab.,software_compatibility_check,Network Lab,,MATLAB,
q07405,Which computers need Storage for VMware Workstation?,upgrade_planning,Library,Linux Mint 22,VMware Workstation,Storage
q07406,Find systems needing GPU.,upgrade_planning,Block B,Linux Mint 22,Oracle Database,GPU
q07407,Suggest an OS for computers in Network Lab.,os_recommendation,Network Lab,Debian 13,,
q07408,Can systems in Network Lab support Windows 10?,os_compatibility_check,Network Lab,Windows 10,,
q07409,Best operating system for AI Lab?,os_recommendation,AI Lab,Ubuntu 24.04,,
q07410,Display CPU details for AI Lab.,hardware_query,AI Lab,,,
q07411,Is Oracle Database supported in Lab 2?,software_compatibility_check,Lab 2,,Oracle Database,
q07412,Can computers in AI Lab run Blender?,software_compatibility_check,AI Lab,,Blender,
q07413,List software supported by PCs in Block B.,reverse_software_lookup,Block B,,Android Studio,
q07414,Recommend the best OS for AI Lab.,os_recommendation,AI Lab,Fedora 42,,
q07415,Which systems support MATLAB in Lab 1?,software_compatibility_check,Lab 1,,MATLAB,
q07416,Can computers in Block C run MATLAB?,software_compatibility_check,Block C,,MATLAB,
q07417,Find software that runs on Lab 2.,reverse_software_lookup,Lab 2,,AutoCAD,
q07418,List computers with SSD in Library.,hardware_query,Library,,,
q07419,List software supported by PCs in Lab 2.,reverse_software_lookup,Lab 2,,MATLAB,
q07420,Find systems needing RAM upgrade.,upgrade_planning,Block A,Fedora 42,Android Studio,RAM upgrade
q07421,Which computers in Lab 1 can run Fedora 42?,os_compatibility_check,Lab 1,Fedora 42,,
q07422,Show hardware details for Block C.,hardware_query,Block C,,,
q07423,Which software can run on computers in Library?,reverse_software_lookup,Library,,MATLAB,
q07424,Suggest an OS for computers in Block B.,os_recommendation,Block B,Ubuntu 24.04,,
q07425,Show PCs in Block B incompatible with Windows 10.,os_compatibility_check,Block B,Windows 10,,
q07426,Can systems in Network Lab support Windows 10?,os_compatibility_check,Network Lab,Windows 10,,
q07427,Show PCs in Block A incompatible with Ubuntu 24.04.,os_compatibility_check,Block A,Ubuntu 24.04,,
q07428,Is Blender supported in Programming Lab?,software_compatibility_check,Programming Lab,,Blender,
q07429,Which computers in Block A can run Windows 10?,os_compatibility_check,Block A,Windows 10,,
q07430,Which systems support VS Code in Block A?,software_compatibility_check,Block A,,Visual Studio Code,
q07431,Which operating system is most suitable for Block C?,os_recommendation,Block C,Linux Mint 22,,
q07432,Can computers in Network Lab run VMware Workstation?,software_compatibility_check,Network Lab,,VMware Workstation,
q07433,What applications are compatible with Programming Lab computers?,reverse_software_lookup,Programming Lab,,MATLAB,
q07434,Which computers need Secure Boot for VMware Workstation?,upgrade_planning,Block A,Debian 13,VMware Workstation,Secure Boot
q07435,List software supported by PCs in Lab 1.,reverse_software_lookup,Lab 1,,VMware Workstation,
q07436,Show hardware details for AI Lab.,hardware_query,AI Lab,,,
q07437,Best operating system for Block A?,os_recommendation,Block A,Debian 13,,
q07438,Suggest an OS for computers in Library.,os_recommendation,Library,Debian 13,,
q07439,Find software that runs on Block B.,reverse_software_lookup,Block B,,MATLAB,
q07440,Plan upgrades for Block A to run Windows 11.,upgrade_planning,Block A,Windows 11,Blender,RAM upgrade
q07441,Suggest an OS for computers in Lab 1.,os_recommendation,Lab 1,Windows 11,,
q07442,Which systems support MATLAB in Lab 1?,software_compatibility_check,Lab 1,,MATLAB,
q07443,List computers with SSD in AI Lab.,hardware_query,AI Lab,,,
q07444,Can computers in Lab 2 run VMware Workstation?,software_compatibility_check,Lab 2,,VMware Workstation,
q07445,List software supported by PCs in Block A.,reverse_software_lookup,Block A,,Oracle Database,
q07446,Show PCs in Block C incompatible with Windows 11.,os_compatibility_check,Block C,Windows 11,,
q07447,Find software that runs on Library.,reverse_software_lookup,Library,,Android Studio,
q07448,Find software that runs on Network Lab.,reverse_software_lookup,Network Lab,,Blender,
q07449,Can computers in Lab 1 run Oracle Database?,software_compatibility_check,Lab 1,,Oracle Database,
q07450,Can systems in Programming Lab support Windows 10?,os_compatibility_check,Programming Lab,Windows 10,,
q07451,Which software can run on computers in Programming Lab?,reverse_software_lookup,Programming Lab,,VMware Workstation,
q07452,Which PCs in Block A have 8 GB RAM?,hardware_query,Block A,,,
q07453,Which computers need TPM for PyCharm?,upgrade_planning,Network Lab,Ubuntu 24.04,PyCharm,TPM
q07454,Find systems needing TPM.,upgrade_planning,Block A,Windows 11,Oracle Database,TPM
q07455,Suggest an OS for computers in Block C.,os_recommendation,Block C,Fedora 42,,
q07456,Which PCs in Block C have 8 GB RAM?,hardware_query,Block C,,,
q07457,List machines in Library that meet Fedora 42 requirements.,os_compatibility_check,Library,Fedora 42,,
q07458,Show hardware details for Lab 2.,hardware_query,Lab 2,,,
q07459,Find software that runs on Lab 1.,reverse_software_lookup,Lab 1,,AutoCAD,
q07460,Can systems in Library support Ubuntu 24.04?,os_compatibility_check,Library,Ubuntu 24.04,,
q07461,Which computers need GPU for MATLAB?,upgrade_planning,AI Lab,Windows 11,MATLAB,GPU
q07462,Which PCs in Network Lab have 8 GB RAM?,hardware_query,Network Lab,,,
q07463,Which operating system is most suitable for AI Lab?,os_recommendation,AI Lab,Windows 11,,
q07464,Check VMware Workstation compatibility for AI Lab.,software_compatibility_check,AI Lab,,VMware Workstation,
q07465,Suggest an OS for computers in Library.,os_recommendation,Library,Windows 11,,
q07466,Check VMware Workstation compatibility for AI Lab.,software_compatibility_check,AI Lab,,VMware Workstation,
q07467,List machines in Block C that meet Fedora 42 requirements.,os_compatibility_check,Block C,Fedora 42,,
q07468,Which software can run on computers in AI Lab?,reverse_software_lookup,AI Lab,,Oracle Database,
q07469,Plan upgrades for Lab 2 to run Fedora 42.,upgrade_planning,Lab 2,Fedora 42,Oracle Database,TPM
q07470,Show PCs in Block A incompatible with Fedora 42.,os_compatibility_check,Block A,Fedora 42,,
q07471,Check Android Studio compatibility for Block C.,software_compatibility_check,Block C,,Android Studio,
q07472,Is AutoCAD 2026 supported in Network Lab?,software_compatibility_check,Network Lab,,AutoCAD,
q07473,Can computers in Programming Lab run MATLAB?,software_compatibility_check,Programming Lab,,MATLAB,
q07474,What upgrades are required in Library?,upgrade_planning,Library,Debian 13,Visual Studio Code,TPM
q07475,Find systems needing Storage.,upgrade_planning,Lab 1,Ubuntu 24.04,Blender,Storage
q07476,Which software can run on computers in Block A?,reverse_software_lookup,Block A,,VMware Workstation,
q07477,List software supported by PCs in Block B.,reverse_software_lookup,Block B,,MATLAB,
q07478,Find systems needing RAM upgrade.,upgrade_planning,Lab 1,Ubuntu 24.04,Visual Studio Code,RAM upgrade
q07479,Can computers in Block B run Oracle Database?,software_compatibility_check,Block B,,Oracle Database,
q07480,Can computers in Lab 2 run Blender?,software_compatibility_check,Lab 2,,Blender,
q07481,Which computers need TPM for Blender?,upgrade_planning,Lab 1,Debian 13,Blender,TPM
q07482,Find software that runs on Lab 2.,reverse_software_lookup,Lab 2,,Oracle Database,
q07483,Show PCs in AI Lab incompatible with Fedora 42.,os_compatibility_check,AI Lab,Fedora 42,,
q07484,Check Oracle Database compatibility for Lab 2.,software_compatibility_check,Lab 2,,Oracle Database,
q07485,Show hardware details for AI Lab.,hardware_query,AI Lab,,,
q07486,Find software that runs on Lab 1.,reverse_software_lookup,Lab 1,,MATLAB,
q07487,Find software that runs on Block C.,reverse_software_lookup,Block C,,Visual Studio Code,
q07488,Which operating system is most suitable for AI Lab?,os_recommendation,AI Lab,Fedora 42,,
q07489,Check MATLAB compatibility for Block C.,software_compatibility_check,Block C,,MATLAB,
q07490,Check MATLAB compatibility for Programming Lab.,software_compatibility_check,Programming Lab,,MATLAB,
q07491,List computers with SSD in AI Lab.,hardware_query,AI Lab,,,
q07492,What upgrades are required in Programming Lab?,upgrade_planning,Programming Lab,Ubuntu 24.04,Visual Studio Code,RAM upgrade
q07493,Show hardware details for Block C.,hardware_query,Block C,,,
q07494,List software supported by PCs in Library.,reverse_software_lookup,Library,,PyCharm,
q07495,Which operating system is most suitable for Library?,os_recommendation,Library,Windows 11,,
q07496,Show hardware details for Network Lab.,hardware_query,Network Lab,,,
q07497,List software supported by PCs in Lab 2.,reverse_software_lookup,Lab 2,,Blender,
q07498,Which software can run on computers in Block C?,reverse_software_lookup,Block C,,VMware Workstation,
q07499,List machines in Lab 1 that meet Windows 10 requirements.,os_compatibility_check,Lab 1,Windows 10,,
q07500,List computers with SSD in Block B.,hardware_query,Block B,,,
q07501,Display CPU details for Block A.,hardware_query,Block A,,,
q07502,Show PCs in Block C incompatible with Fedora 42.,os_compatibility_check,Block C,Fedora 42,,
q07503,Can computers in Block B run VMware Workstation?,software_compatibility_check,Block B,,VMware Workstation,
q07504,Which computers need GPU for AutoCAD 2026?,upgrade_planning,Block B,Ubuntu 24.04,AutoCAD,GPU
q07505,Best operating system for Block C?,os_recommendation,Block C,Fedora 42,,
q07506,Can systems in Block B support Windows 10?,os_compatibility_check,Block B,Windows 10,,
q07507,Display CPU details for Block C.,hardware_query,Block C,,,
q07508,Find software that runs on Block B.,reverse_software_lookup,Block B,,PyCharm,
q07509,Show PCs in Programming Lab incompatible with Windows 11.,os_compatibility_check,Programming Lab,Windows 11,,
q07510,Best operating system for Block C?,os_recommendation,Block C,Windows 11,,
q07511,Plan upgrades for Block A to run Debian 13.,upgrade_planning,Block A,Debian 13,PyCharm,Secure Boot
q07512,Show hardware details for Programming Lab.,hardware_query,Programming Lab,,,
q07513,Show hardware details for Network Lab.,hardware_query,Network Lab,,,
q07514,List software supported by PCs in Network Lab.,reverse_software_lookup,Network Lab,,Oracle Database,
q07515,Which software can run on computers in Block B?,reverse_software_lookup,Block B,,AutoCAD,
q07516,Which operating system is most suitable for Library?,os_recommendation,Library,Windows 11,,
q07517,List computers with SSD in Network Lab.,hardware_query,Network Lab,,,
q07518,What upgrades are required in Block A?,upgrade_planning,Block A,Debian 13,MATLAB,RAM upgrade
q07519,List machines in Block C that meet Windows 11 requirements.,os_compatibility_check,Block C,Windows 11,,
q07520,Which computers in AI Lab can run Debian 13?,os_compatibility_check,AI Lab,Debian 13,,
q07521,Which computers need RAM upgrade for MATLAB?,upgrade_planning,Lab 2,Fedora 42,MATLAB,RAM upgrade
q07522,Display CPU details for Block C.,hardware_query,Block C,,,
q07523,Suggest an OS for computers in AI Lab.,os_recommendation,AI Lab,Ubuntu 24.04,,
q07524,Which systems support PyCharm in Block A?,software_compatibility_check,Block A,,PyCharm,
q07525,Which computers in Block A can run Ubuntu 24.04?,os_compatibility_check,Block A,Ubuntu 24.04,,
q07526,Find software that runs on Block C.,reverse_software_lookup,Block C,,AutoCAD,
q07527,List machines in Lab 1 that meet Windows 10 requirements.,os_compatibility_check,Lab 1,Windows 10,,
q07528,Find software that runs on Programming Lab.,reverse_software_lookup,Programming Lab,,Visual Studio Code,
q07529,List software supported by PCs in Block C.,reverse_software_lookup,Block C,,PyCharm,
q07530,Is Android Studio supported in Block C?,software_compatibility_check,Block C,,Android Studio,
q07531,Find systems needing RAM upgrade.,upgrade_planning,Block C,Linux Mint 22,Blender,RAM upgrade
q07532,List machines in Block C that meet Windows 11 requirements.,os_compatibility_check,Block C,Windows 11,,
q07533,Check PyCharm compatibility for AI Lab.,software_compatibility_check,AI Lab,,PyCharm,
q07534,Which systems support VMware Workstation in Lab 2?,software_compatibility_check,Lab 2,,VMware Workstation,
q07535,Show PCs in Block A incompatible with Windows 10.,os_compatibility_check,Block A,Windows 10,,
q07536,List computers with SSD in Block B.,hardware_query,Block B,,,
q07537,Check VS Code compatibility for Block C.,software_compatibility_check,Block C,,Visual Studio Code,
q07538,List software supported by PCs in Block A.,reverse_software_lookup,Block A,,AutoCAD,
q07539,Plan upgrades for Network Lab to run Windows 11.,upgrade_planning,Network Lab,Windows 11,Blender,CPU
q07540,List software supported by PCs in AI Lab.,reverse_software_lookup,AI Lab,,PyCharm,
q07541,Can systems in Lab 1 support Windows 11?,os_compatibility_check,Lab 1,Windows 11,,
q07542,Which operating system is most suitable for Network Lab?,os_recommendation,Network Lab,Windows 10,,
q07543,Best operating system for Lab 2?,os_recommendation,Lab 2,Linux Mint 22,,
q07544,Show PCs in AI Lab incompatible with Windows 11.,os_compatibility_check,AI Lab,Windows 11,,
q07545,Show PCs in Library incompatible with Ubuntu 24.04.,os_compatibility_check,Library,Ubuntu 24.04,,
q07546,Can systems in Lab 1 support Windows 11?,os_compatibility_check,Lab 1,Windows 11,,
q07547,Plan upgrades for Block B to run Linux Mint 22.,upgrade_planning,Block B,Linux Mint 22,Oracle Database,CPU
q07548,Which systems support Android Studio in Network Lab?,software_compatibility_check,Network Lab,,Android Studio,
q07549,Which operating system is most suitable for Block A?,os_recommendation,Block A,Linux Mint 22,,
q07550,Plan upgrades for Programming Lab to run Fedora 42.,upgrade_planning,Programming Lab,Fedora 42,Visual Studio Code,Secure Boot
q07551,Plan upgrades for AI Lab to run Windows 10.,upgrade_planning,AI Lab,Windows 10,MATLAB,Storage
q07552,Check AutoCAD 2026 compatibility for Lab 2.,software_compatibility_check,Lab 2,,AutoCAD,
q07553,Best operating system for Lab 1?,os_recommendation,Lab 1,Ubuntu 24.04,,
q07554,List computers with SSD in Block B.,hardware_query,Block B,,,
q07555,Show hardware details for Lab 1.,hardware_query,Lab 1,,,
q07556,Show PCs in Programming Lab incompatible with Linux Mint 22.,os_compatibility_check,Programming Lab,Linux Mint 22,,
q07557,Plan upgrades for Lab 1 to run Ubuntu 24.04.,upgrade_planning,Lab 1,Ubuntu 24.04,PyCharm,RAM upgrade
q07558,Recommend the best OS for AI Lab.,os_recommendation,AI Lab,Debian 13,,
q07559,Show hardware details for Lab 2.,hardware_query,Lab 2,,,
q07560,Which operating system is most suitable for Library?,os_recommendation,Library,Linux Mint 22,,
q07561,Which computers need RAM upgrade for PyCharm?,upgrade_planning,Block C,Ubuntu 24.04,PyCharm,RAM upgrade
q07562,List software supported by PCs in AI Lab.,reverse_software_lookup,AI Lab,,Android Studio,
q07563,Which computers in Lab 2 can run Debian 13?,os_compatibility_check,Lab 2,Debian 13,,
q07564,Find systems needing TPM.,upgrade_planning,Block C,Windows 10,VMware Workstation,TPM
q07565,Which systems support VMware Workstation in Programming Lab?,software_compatibility_check,Programming Lab,,VMware Workstation,
q07566,Best operating system for Lab 2?,os_recommendation,Lab 2,Windows 10,,
q07567,Which computers need RAM upgrade for PyCharm?,upgrade_planning,Lab 2,Windows 10,PyCharm,RAM upgrade
q07568,What applications are compatible with AI Lab computers?,reverse_software_lookup,AI Lab,,AutoCAD,
q07569,Which computers in Library can run Windows 10?,os_compatibility_check,Library,Windows 10,,
q07570,Suggest an OS for computers in Block A.,os_recommendation,Block A,Windows 11,,
q07571,Which computers need TPM for VS Code?,upgrade_planning,Library,Debian 13,Visual Studio Code,TPM
q07572,Can computers in Block A run Android Studio?,software_compatibility_check,Block A,,Android Studio,
q07573,Can systems in Block C support Windows 10?,os_compatibility_check,Block C,Windows 10,,
q07574,Best operating system for Block B?,os_recommendation,Block B,Ubuntu 24.04,,
q07575,Recommend the best OS for Block A.,os_recommendation,Block A,Debian 13,,
q07576,Check Blender compatibility for Block B.,software_compatibility_check,Block B,,Blender,
q07577,Is AutoCAD 2026 supported in Programming Lab?,software_compatibility_check,Programming Lab,,AutoCAD,
q07578,Can computers in Block B run VS Code?,software_compatibility_check,Block B,,Visual Studio Code,
q07579,Which computers need CPU for Android Studio?,upgrade_planning,Lab 1,Debian 13,Android Studio,CPU
q07580,Which PCs in Library have 8 GB RAM?,hardware_query,Library,,,
q07581,Show hardware details for Block A.,hardware_query,Block A,,,
q07582,Find systems needing GPU.,upgrade_planning,Lab 1,Ubuntu 24.04,VMware Workstation,GPU
q07583,Check AutoCAD 2026 compatibility for Block C.,software_compatibility_check,Block C,,AutoCAD,
q07584,List computers with SSD in Lab 2.,hardware_query,Lab 2,,,
q07585,Plan upgrades for Block B to run Windows 10.,upgrade_planning,Block B,Windows 10,Visual Studio Code,GPU
q07586,Find software that runs on Lab 2.,reverse_software_lookup,Lab 2,,VMware Workstation,
q07587,What upgrades are required in Block C?,upgrade_planning,Block C,Debian 13,MATLAB,TPM
q07588,Which operating system is most suitable for Library?,os_recommendation,Library,Windows 10,,
q07589,Which systems support MATLAB in Lab 2?,software_compatibility_check,Lab 2,,MATLAB,
q07590,Display CPU details for Block B.,hardware_query,Block B,,,
q07591,Best operating system for Programming Lab?,os_recommendation,Programming Lab,Windows 11,,
q07592,What upgrades are required in Lab 2?,upgrade_planning,Lab 2,Fedora 42,AutoCAD,Storage
q07593,Can computers in Lab 2 run Blender?,software_compatibility_check,Lab 2,,Blender,
q07594,Which systems support Blender in Lab 1?,software_compatibility_check,Lab 1,,Blender,
q07595,Which PCs in Network Lab have 8 GB RAM?,hardware_query,Network Lab,,,
q07596,What upgrades are required in AI Lab?,upgrade_planning,AI Lab,Windows 11,Oracle Database,GPU
q07597,What upgrades are required in Programming Lab?,upgrade_planning,Programming Lab,Linux Mint 22,Blender,GPU
q07598,Find software that runs on Lab 2.,reverse_software_lookup,Lab 2,,Blender,
q07599,Check VMware Workstation compatibility for Lab 2.,software_compatibility_check,Lab 2,,VMware Workstation,
q07600,List software supported by PCs in Lab 1.,reverse_software_lookup,Lab 1,,MATLAB,
q07601,Can systems in Block C support Windows 10?,os_compatibility_check,Block C,Windows 10,,
q07602,Can computers in Block B run Android Studio?,software_compatibility_check,Block B,,Android Studio,
q07603,Check Oracle Database compatibility for Block B.,software_compatibility_check,Block B,,Oracle Database,
q07604,What upgrades are required in Network Lab?,upgrade_planning,Network Lab,Ubuntu 24.04,PyCharm,CPU
q07605,Which software can run on computers in Programming Lab?,reverse_software_lookup,Programming Lab,,Blender,
q07606,List machines in Block A that meet Ubuntu 24.04 requirements.,os_compatibility_check,Block A,Ubuntu 24.04,,
q07607,Suggest an OS for computers in Library.,os_recommendation,Library,Debian 13,,
q07608,List computers with SSD in Network Lab.,hardware_query,Network Lab,,,
q07609,Can systems in Network Lab support Fedora 42?,os_compatibility_check,Network Lab,Fedora 42,,
q07610,Which computers need Storage for MATLAB?,upgrade_planning,Programming Lab,Ubuntu 24.04,MATLAB,Storage
q07611,Plan upgrades for Lab 2 to run Debian 13.,upgrade_planning,Lab 2,Debian 13,Android Studio,Secure Boot
q07612,What upgrades are required in Block C?,upgrade_planning,Block C,Windows 11,Visual Studio Code,GPU
q07613,Show hardware details for Block A.,hardware_query,Block A,,,
q07614,Check Android Studio compatibility for AI Lab.,software_compatibility_check,AI Lab,,Android Studio,
q07615,List computers with SSD in Block C.,hardware_query,Block C,,,
q07616,List computers with SSD in Programming Lab.,hardware_query,Programming Lab,,,
q07617,What upgrades are required in Lab 1?,upgrade_planning,Lab 1,Ubuntu 24.04,AutoCAD,RAM upgrade
q07618,Plan upgrades for Lab 1 to run Windows 10.,upgrade_planning,Lab 1,Windows 10,Visual Studio Code,Secure Boot
q07619,Is AutoCAD 2026 supported in Block C?,software_compatibility_check,Block C,,AutoCAD,
q07620,Is VMware Workstation supported in Block C?,software_compatibility_check,Block C,,VMware Workstation,
q07621,List computers with SSD in Programming Lab.,hardware_query,Programming Lab,,,
q07622,Which software can run on computers in Block A?,reverse_software_lookup,Block A,,Oracle Database,
q07623,Which operating system is most suitable for Library?,os_recommendation,Library,Fedora 42,,
q07624,Which systems support VS Code in Block C?,software_compatibility_check,Block C,,Visual Studio Code,
q07625,Show hardware details for Library.,hardware_query,Library,,,
q07626,Can computers in AI Lab run VMware Workstation?,software_compatibility_check,AI Lab,,VMware Workstation,
q07627,Display CPU details for Block B.,hardware_query,Block B,,,
q07628,List computers with SSD in Block C.,hardware_query,Block C,,,
q07629,Can computers in Library run Oracle Database?,software_compatibility_check,Library,,Oracle Database,
q07630,Which systems support VMware Workstation in Library?,software_compatibility_check,Library,,VMware Workstation,
q07631,Best operating system for Block A?,os_recommendation,Block A,Fedora 42,,
q07632,Plan upgrades for Network Lab to run Windows 10.,upgrade_planning,Network Lab,Windows 10,Android Studio,CPU
q07633,Show PCs in Lab 2 incompatible with Linux Mint 22.,os_compatibility_check,Lab 2,Linux Mint 22,,
q07634,What applications are compatible with Network Lab computers?,reverse_software_lookup,Network Lab,,PyCharm,
q07635,Is PyCharm supported in Block B?,software_compatibility_check,Block B,,PyCharm,
q07636,Check Android Studio compatibility for Block A.,software_compatibility_check,Block A,,Android Studio,
q07637,Can computers in Network Lab run PyCharm?,software_compatibility_check,Network Lab,,PyCharm,
q07638,Suggest an OS for computers in Lab 2.,os_recommendation,Lab 2,Windows 11,,
q07639,Is VS Code supported in Block A?,software_compatibility_check,Block A,,Visual Studio Code,
q07640,What upgrades are required in Programming Lab?,upgrade_planning,Programming Lab,Windows 10,Visual Studio Code,GPU
q07641,Show PCs in Block B incompatible with Linux Mint 22.,os_compatibility_check,Block B,Linux Mint 22,,
q07642,Which computers need TPM for MATLAB?,upgrade_planning,Block C,Linux Mint 22,MATLAB,TPM
q07643,Find software that runs on Programming Lab.,reverse_software_lookup,Programming Lab,,Blender,
q07644,Best operating system for Library?,os_recommendation,Library,Ubuntu 24.04,,
q07645,Find software that runs on Block B.,reverse_software_lookup,Block B,,Blender,
q07646,Plan upgrades for Block A to run Windows 11.,upgrade_planning,Block A,Windows 11,Blender,Secure Boot
q07647,Which computers need TPM for Blender?,upgrade_planning,AI Lab,Windows 10,Blender,TPM
q07648,What upgrades are required in AI Lab?,upgrade_planning,AI Lab,Debian 13,AutoCAD,TPM
q07649,Can systems in Library support Fedora 42?,os_compatibility_check,Library,Fedora 42,,
q07650,List computers with SSD in Block C.,hardware_query,Block C,,,
q07651,Best operating system for Programming Lab?,os_recommendation,Programming Lab,Linux Mint 22,,
q07652,Which PCs in Lab 1 have 8 GB RAM?,hardware_query,Lab 1,,,
q07653,Can systems in Library support Ubuntu 24.04?,os_compatibility_check,Library,Ubuntu 24.04,,
q07654,Find systems needing CPU.,upgrade_planning,Block C,Fedora 42,AutoCAD,CPU
q07655,Can systems in Block A support Windows 11?,os_compatibility_check,Block A,Windows 11,,
q07656,Find systems needing CPU.,upgrade_planning,Block A,Linux Mint 22,MATLAB,CPU
q07657,Display CPU details for Library.,hardware_query,Library,,,
q07658,Which computers need Storage for AutoCAD 2026?,upgrade_planning,Lab 2,Debian 13,AutoCAD,Storage
q07659,Show PCs in Programming Lab incompatible with Windows 11.,os_compatibility_check,Programming Lab,Windows 11,,
q07660,What applications are compatible with Library computers?,reverse_software_lookup,Library,,VMware Workstation,
q07661,Display CPU details for Block C.,hardware_query,Block C,,,
q07662,Find systems needing Secure Boot.,upgrade_planning,Programming Lab,Windows 10,Blender,Secure Boot
q07663,List computers with SSD in Lab 1.,hardware_query,Lab 1,,,
q07664,Show PCs in Lab 2 incompatible with Linux Mint 22.,os_compatibility_check,Lab 2,Linux Mint 22,,
q07665,List software supported by PCs in Programming Lab.,reverse_software_lookup,Programming Lab,,Oracle Database,
q07666,Check Android Studio compatibility for Block C.,software_compatibility_check,Block C,,Android Studio,
q07667,Plan upgrades for Block C to run Ubuntu 24.04.,upgrade_planning,Block C,Ubuntu 24.04,Android Studio,GPU
q07668,Best operating system for Lab 2?,os_recommendation,Lab 2,Windows 10,,
q07669,Can systems in Library support Ubuntu 24.04?,os_compatibility_check,Library,Ubuntu 24.04,,
q07670,Suggest an OS for computers in Lab 1.,os_recommendation,Lab 1,Fedora 42,,
q07671,Which systems support MATLAB in Block C?,software_compatibility_check,Block C,,MATLAB,
q07672,Which operating system is most suitable for Lab 1?,os_recommendation,Lab 1,Ubuntu 24.04,,
q07673,What upgrades are required in Block A?,upgrade_planning,Block A,Fedora 42,Android Studio,TPM
q07674,Which software can run on computers in Network Lab?,reverse_software_lookup,Network Lab,,Blender,
q07675,Which computers in Network Lab can run Linux Mint 22?,os_compatibility_check,Network Lab,Linux Mint 22,,
q07676,List machines in Lab 2 that meet Fedora 42 requirements.,os_compatibility_check,Lab 2,Fedora 42,,
q07677,Which computers in Block C can run Linux Mint 22?,os_compatibility_check,Block C,Linux Mint 22,,
q07678,Can systems in Block C support Linux Mint 22?,os_compatibility_check,Block C,Linux Mint 22,,
q07679,List computers with SSD in Block A.,hardware_query,Block A,,,
q07680,List machines in Block A that meet Debian 13 requirements.,os_compatibility_check,Block A,Debian 13,,
q07681,What upgrades are required in Library?,upgrade_planning,Library,Ubuntu 24.04,PyCharm,CPU
q07682,Is VMware Workstation supported in Programming Lab?,software_compatibility_check,Programming Lab,,VMware Workstation,
q07683,Can systems in Block C support Linux Mint 22?,os_compatibility_check,Block C,Linux Mint 22,,
q07684,Find software that runs on Block C.,reverse_software_lookup,Block C,,PyCharm,
q07685,Find software that runs on Lab 1.,reverse_software_lookup,Lab 1,,Visual Studio Code,
q07686,List computers with SSD in Block B.,hardware_query,Block B,,,
q07687,Best operating system for Programming Lab?,os_recommendation,Programming Lab,Linux Mint 22,,
q07688,Suggest an OS for computers in Block A.,os_recommendation,Block A,Fedora 42,,
q07689,Which software can run on computers in AI Lab?,reverse_software_lookup,AI Lab,,Android Studio,
q07690,List software supported by PCs in Lab 1.,reverse_software_lookup,Lab 1,,AutoCAD,
q07691,Recommend the best OS for Programming Lab.,os_recommendation,Programming Lab,Ubuntu 24.04,,
q07692,Which software can run on computers in Network Lab?,reverse_software_lookup,Network Lab,,Oracle Database,
q07693,Show hardware details for Lab 2.,hardware_query,Lab 2,,,
q07694,Display CPU details for Lab 1.,hardware_query,Lab 1,,,
q07695,Suggest an OS for computers in Lab 2.,os_recommendation,Lab 2,Windows 11,,
q07696,What upgrades are required in Lab 1?,upgrade_planning,Lab 1,Debian 13,Oracle Database,Secure Boot
q07697,Best operating system for Lab 1?,os_recommendation,Lab 1,Ubuntu 24.04,,
q07698,Which software can run on computers in Lab 2?,reverse_software_lookup,Lab 2,,VMware Workstation,
q07699,Which software can run on computers in Lab 1?,reverse_software_lookup,Lab 1,,Oracle Database,
q07700,Which computers need RAM upgrade for VMware Workstation?,upgrade_planning,Network Lab,Ubuntu 24.04,VMware Workstation,RAM upgrade
q07701,Is VMware Workstation supported in Network Lab?,software_compatibility_check,Network Lab,,VMware Workstation,
q07702,Show hardware details for Block C.,hardware_query,Block C,,,
q07703,Show PCs in Lab 2 incompatible with Ubuntu 24.04.,os_compatibility_check,Lab 2,Ubuntu 24.04,,
q07704,List software supported by PCs in Library.,reverse_software_lookup,Library,,Android Studio,
q07705,Which operating system is most suitable for AI Lab?,os_recommendation,AI Lab,Debian 13,,
q07706,Check Android Studio compatibility for Network Lab.,software_compatibility_check,Network Lab,,Android Studio,
q07707,List machines in Block A that meet Debian 13 requirements.,os_compatibility_check,Block A,Debian 13,,
q07708,Which systems support Android Studio in Block B?,software_compatibility_check,Block B,,Android Studio,
q07709,Find systems needing TPM.,upgrade_planning,Block B,Fedora 42,PyCharm,TPM
q07710,Which computers in Network Lab can run Ubuntu 24.04?,os_compatibility_check,Network Lab,Ubuntu 24.04,,
q07711,What upgrades are required in Block C?,upgrade_planning,Block C,Windows 11,AutoCAD,RAM upgrade
q07712,Which systems support Android Studio in Block A?,software_compatibility_check,Block A,,Android Studio,
q07713,Show hardware details for Lab 2.,hardware_query,Lab 2,,,
q07714,Which computers need CPU for Oracle Database?,upgrade_planning,Lab 1,Linux Mint 22,Oracle Database,CPU
q07715,Which computers in Block B can run Windows 10?,os_compatibility_check,Block B,Windows 10,,
q07716,Is Oracle Database supported in Programming Lab?,software_compatibility_check,Programming Lab,,Oracle Database,
q07717,Which computers in Block B can run Windows 11?,os_compatibility_check,Block B,Windows 11,,
q07718,Best operating system for Lab 2?,os_recommendation,Lab 2,Linux Mint 22,,
q07719,Recommend the best OS for Network Lab.,os_recommendation,Network Lab,Windows 10,,
q07720,Can systems in Network Lab support Ubuntu 24.04?,os_compatibility_check,Network Lab,Ubuntu 24.04,,
q07721,Find software that runs on Block A.,reverse_software_lookup,Block A,,PyCharm,
q07722,Which computers in AI Lab can run Ubuntu 24.04?,os_compatibility_check,AI Lab,Ubuntu 24.04,,
q07723,What applications are compatible with Block C computers?,reverse_software_lookup,Block C,,Visual Studio Code,
q07724,Recommend the best OS for Lab 1.,os_recommendation,Lab 1,Windows 11,,
q07725,Check AutoCAD 2026 compatibility for AI Lab.,software_compatibility_check,AI Lab,,AutoCAD,
q07726,Check Android Studio compatibility for Block B.,software_compatibility_check,Block B,,Android Studio,
q07727,List software supported by PCs in Network Lab.,reverse_software_lookup,Network Lab,,VMware Workstation,
q07728,Which software can run on computers in Block C?,reverse_software_lookup,Block C,,VMware Workstation,
q07729,List computers with SSD in Network Lab.,hardware_query,Network Lab,,,
q07730,Find systems needing Secure Boot.,upgrade_planning,Block B,Ubuntu 24.04,Visual Studio Code,Secure Boot
q07731,Can systems in Lab 2 support Windows 10?,os_compatibility_check,Lab 2,Windows 10,,
q07732,Display CPU details for AI Lab.,hardware_query,AI Lab,,,
q07733,What upgrades are required in Block C?,upgrade_planning,Block C,Windows 11,Oracle Database,CPU
q07734,Which computers need Secure Boot for VS Code?,upgrade_planning,Lab 1,Ubuntu 24.04,Visual Studio Code,Secure Boot
q07735,List machines in Block B that meet Ubuntu 24.04 requirements.,os_compatibility_check,Block B,Ubuntu 24.04,,
q07736,Which PCs in Lab 2 have 8 GB RAM?,hardware_query,Lab 2,,,
q07737,Plan upgrades for Network Lab to run Ubuntu 24.04.,upgrade_planning,Network Lab,Ubuntu 24.04,PyCharm,Storage
q07738,Check AutoCAD 2026 compatibility for Lab 2.,software_compatibility_check,Lab 2,,AutoCAD,
q07739,Find software that runs on Library.,reverse_software_lookup,Library,,VMware Workstation,
q07740,Which software can run on computers in Programming Lab?,reverse_software_lookup,Programming Lab,,MATLAB,
q07741,Suggest an OS for computers in Lab 2.,os_recommendation,Lab 2,Linux Mint 22,,
q07742,Which systems support VS Code in Network Lab?,software_compatibility_check,Network Lab,,Visual Studio Code,
q07743,Plan upgrades for AI Lab to run Windows 10.,upgrade_planning,AI Lab,Windows 10,Android Studio,TPM
q07744,Which computers need GPU for AutoCAD 2026?,upgrade_planning,Block A,Ubuntu 24.04,AutoCAD,GPU
q07745,Which computers need Secure Boot for PyCharm?,upgrade_planning,Block C,Ubuntu 24.04,PyCharm,Secure Boot
q07746,List computers with SSD in Block A.,hardware_query,Block A,,,
q07747,Suggest an OS for computers in Programming Lab.,os_recommendation,Programming Lab,Linux Mint 22,,
q07748,Which operating system is most suitable for Programming Lab?,os_recommendation,Programming Lab,Fedora 42,,
q07749,Show PCs in Library incompatible with Linux Mint 22.,os_compatibility_check,Library,Linux Mint 22,,
q07750,Which systems support VMware Workstation in Network Lab?,software_compatibility_check,Network Lab,,VMware Workstation,
q07751,Recommend the best OS for AI Lab.,os_recommendation,AI Lab,Windows 10,,
q07752,Which computers in Library can run Fedora 42?,os_compatibility_check,Library,Fedora 42,,
q07753,Which computers need RAM upgrade for MATLAB?,upgrade_planning,Block A,Fedora 42,MATLAB,RAM upgrade
q07754,Best operating system for Lab 2?,os_recommendation,Lab 2,Linux Mint 22,,
q07755,List machines in Network Lab that meet Fedora 42 requirements.,os_compatibility_check,Network Lab,Fedora 42,,
q07756,Show hardware details for Lab 1.,hardware_query,Lab 1,,,
q07757,Best operating system for Lab 2?,os_recommendation,Lab 2,Debian 13,,
q07758,Which computers in Block B can run Windows 10?,os_compatibility_check,Block B,Windows 10,,
q07759,Which PCs in Block C have 8 GB RAM?,hardware_query,Block C,,,
q07760,List software supported by PCs in Block A.,reverse_software_lookup,Block A,,PyCharm,
q07761,List computers with SSD in Block A.,hardware_query,Block A,,,
q07762,Find software that runs on Network Lab.,reverse_software_lookup,Network Lab,,VMware Workstation,
q07763,Check VMware Workstation compatibility for Network Lab.,software_compatibility_check,Network Lab,,VMware Workstation,
q07764,Can systems in Lab 1 support Fedora 42?,os_compatibility_check,Lab 1,Fedora 42,,
q07765,Find systems needing TPM.,upgrade_planning,Lab 2,Debian 13,Android Studio,TPM
q07766,Which operating system is most suitable for Programming Lab?,os_recommendation,Programming Lab,Windows 10,,
q07767,Suggest an OS for computers in Block C.,os_recommendation,Block C,Fedora 42,,
q07768,Find systems needing CPU.,upgrade_planning,Library,Ubuntu 24.04,MATLAB,CPU
q07769,What upgrades are required in Lab 2?,upgrade_planning,Lab 2,Debian 13,Blender,TPM
q07770,Can systems in Block B support Fedora 42?,os_compatibility_check,Block B,Fedora 42,,
q07771,List machines in Block A that meet Windows 10 requirements.,os_compatibility_check,Block A,Windows 10,,
q07772,What upgrades are required in Lab 1?,upgrade_planning,Lab 1,Debian 13,AutoCAD,RAM upgrade
q07773,Recommend the best OS for Lab 1.,os_recommendation,Lab 1,Ubuntu 24.04,,
q07774,Show hardware details for Block C.,hardware_query,Block C,,,
q07775,Plan upgrades for Block C to run Windows 11.,upgrade_planning,Block C,Windows 11,Visual Studio Code,Secure Boot
q07776,Find software that runs on AI Lab.,reverse_software_lookup,AI Lab,,VMware Workstation,
q07777,Plan upgrades for Programming Lab to run Debian 13.,upgrade_planning,Programming Lab,Debian 13,MATLAB,GPU
q07778,Which software can run on computers in Block A?,reverse_software_lookup,Block A,,Visual Studio Code,
q07779,Can systems in Lab 1 support Ubuntu 24.04?,os_compatibility_check,Lab 1,Ubuntu 24.04,,
q07780,Which computers in Library can run Windows 11?,os_compatibility_check,Library,Windows 11,,
q07781,Which operating system is most suitable for Block B?,os_recommendation,Block B,Ubuntu 24.04,,
q07782,What upgrades are required in Block B?,upgrade_planning,Block B,Linux Mint 22,Oracle Database,Storage
q07783,Display CPU details for Programming Lab.,hardware_query,Programming Lab,,,
q07784,Which operating system is most suitable for Programming Lab?,os_recommendation,Programming Lab,Windows 11,,
q07785,Display CPU details for Programming Lab.,hardware_query,Programming Lab,,,
q07786,Suggest an OS for computers in Lab 1.,os_recommendation,Lab 1,Windows 11,,
q07787,Which operating system is most suitable for Programming Lab?,os_recommendation,Programming Lab,Windows 11,,
q07788,Which PCs in Block B have 8 GB RAM?,hardware_query,Block B,,,
q07789,List computers with SSD in Lab 1.,hardware_query,Lab 1,,,
q07790,List computers with SSD in Lab 2.,hardware_query,Lab 2,,,
q07791,Which operating system is most suitable for AI Lab?,os_recommendation,AI Lab,Windows 11,,
q07792,List machines in Programming Lab that meet Debian 13 requirements.,os_compatibility_check,Programming Lab,Debian 13,,
q07793,Show hardware details for Lab 1.,hardware_query,Lab 1,,,
q07794,Find software that runs on Network Lab.,reverse_software_lookup,Network Lab,,AutoCAD,
q07795,Can systems in Lab 2 support Ubuntu 24.04?,os_compatibility_check,Lab 2,Ubuntu 24.04,,
q07796,Check AutoCAD 2026 compatibility for Lab 1.,software_compatibility_check,Lab 1,,AutoCAD,
q07797,Which operating system is most suitable for Lab 2?,os_recommendation,Lab 2,Windows 11,,
q07798,Which computers need RAM upgrade for MATLAB?,upgrade_planning,Programming Lab,Ubuntu 24.04,MATLAB,RAM upgrade
q07799,Show PCs in Network Lab incompatible with Ubuntu 24.04.,os_compatibility_check,Network Lab,Ubuntu 24.04,,
q07800,List machines in Library that meet Ubuntu 24.04 requirements.,os_compatibility_check,Library,Ubuntu 24.04,,
q07801,What applications are compatible with AI Lab computers?,reverse_software_lookup,AI Lab,,PyCharm,
q07802,Can computers in Block B run Oracle Database?,software_compatibility_check,Block B,,Oracle Database,
q07803,Find systems needing CPU.,upgrade_planning,Library,Windows 11,PyCharm,CPU
q07804,Which operating system is most suitable for Block B?,os_recommendation,Block B,Fedora 42,,
q07805,Which computers in Block C can run Fedora 42?,os_compatibility_check,Block C,Fedora 42,,
q07806,Plan upgrades for Library to run Ubuntu 24.04.,upgrade_planning,Library,Ubuntu 24.04,AutoCAD,Secure Boot
q07807,Which operating system is most suitable for Network Lab?,os_recommendation,Network Lab,Windows 10,,
q07808,Show PCs in Lab 2 incompatible with Ubuntu 24.04.,os_compatibility_check,Lab 2,Ubuntu 24.04,,
q07809,Which computers in Lab 2 can run Debian 13?,os_compatibility_check,Lab 2,Debian 13,,
q07810,List software supported by PCs in Network Lab.,reverse_software_lookup,Network Lab,,MATLAB,
q07811,List computers with SSD in Library.,hardware_query,Library,,,
q07812,Can systems in Library support Windows 10?,os_compatibility_check,Library,Windows 10,,
q07813,Which operating system is most suitable for Block A?,os_recommendation,Block A,Windows 10,,
q07814,Check MATLAB compatibility for Programming Lab.,software_compatibility_check,Programming Lab,,MATLAB,
q07815,Show PCs in AI Lab incompatible with Linux Mint 22.,os_compatibility_check,AI Lab,Linux Mint 22,,
q07816,Plan upgrades for Lab 2 to run Debian 13.,upgrade_planning,Lab 2,Debian 13,AutoCAD,Storage
q07817,List computers with SSD in Block A.,hardware_query,Block A,,,
q07818,Recommend the best OS for Block C.,os_recommendation,Block C,Windows 11,,
q07819,Display CPU details for Network Lab.,hardware_query,Network Lab,,,
q07820,List computers with SSD in Library.,hardware_query,Library,,,
q07821,Which computers in Network Lab can run Ubuntu 24.04?,os_compatibility_check,Network Lab,Ubuntu 24.04,,
q07822,Can systems in Block A support Ubuntu 24.04?,os_compatibility_check,Block A,Ubuntu 24.04,,
q07823,Recommend the best OS for Block B.,os_recommendation,Block B,Windows 11,,
q07824,Which computers in Block B can run Windows 11?,os_compatibility_check,Block B,Windows 11,,
q07825,Which PCs in AI Lab have 8 GB RAM?,hardware_query,AI Lab,,,
q07826,Can computers in Lab 2 run AutoCAD 2026?,software_compatibility_check,Lab 2,,AutoCAD,
q07827,What upgrades are required in Block A?,upgrade_planning,Block A,Fedora 42,Visual Studio Code,GPU
q07828,List software supported by PCs in Lab 2.,reverse_software_lookup,Lab 2,,Visual Studio Code,
q07829,Which systems support Oracle Database in Network Lab?,software_compatibility_check,Network Lab,,Oracle Database,
q07830,List software supported by PCs in AI Lab.,reverse_software_lookup,AI Lab,,Visual Studio Code,
q07831,Is VS Code supported in Block C?,software_compatibility_check,Block C,,Visual Studio Code,
q07832,What applications are compatible with Block A computers?,reverse_software_lookup,Block A,,Oracle Database,
q07833,Plan upgrades for Block B to run Windows 10.,upgrade_planning,Block B,Windows 10,Blender,Storage
q07834,Show PCs in Network Lab incompatible with Windows 10.,os_compatibility_check,Network Lab,Windows 10,,
q07835,Check Oracle Database compatibility for Library.,software_compatibility_check,Library,,Oracle Database,
q07836,Which PCs in Lab 2 have 8 GB RAM?,hardware_query,Lab 2,,,
q07837,Which computers in Library can run Debian 13?,os_compatibility_check,Library,Debian 13,,
q07838,Suggest an OS for computers in Block A.,os_recommendation,Block A,Linux Mint 22,,
q07839,Which systems support Oracle Database in Block C?,software_compatibility_check,Block C,,Oracle Database,
q07840,List computers with SSD in AI Lab.,hardware_query,AI Lab,,,
q07841,Which computers need Storage for Android Studio?,upgrade_planning,Library,Fedora 42,Android Studio,Storage
q07842,List computers with SSD in Network Lab.,hardware_query,Network Lab,,,
q07843,Can systems in AI Lab support Fedora 42?,os_compatibility_check,AI Lab,Fedora 42,,
q07844,Which computers in Library can run Windows 11?,os_compatibility_check,Library,Windows 11,,
q07845,List software supported by PCs in AI Lab.,reverse_software_lookup,AI Lab,,VMware Workstation,
q07846,Which systems support AutoCAD 2026 in Block C?,software_compatibility_check,Block C,,AutoCAD,
q07847,Show PCs in Block A incompatible with Windows 10.,os_compatibility_check,Block A,Windows 10,,
q07848,List machines in Lab 1 that meet Fedora 42 requirements.,os_compatibility_check,Lab 1,Fedora 42,,
q07849,Find systems needing Secure Boot.,upgrade_planning,Block C,Windows 11,PyCharm,Secure Boot
q07850,Which systems support MATLAB in Library?,software_compatibility_check,Library,,MATLAB,
q07851,Find software that runs on Block A.,reverse_software_lookup,Block A,,VMware Workstation,
q07852,Which operating system is most suitable for Block C?,os_recommendation,Block C,Linux Mint 22,,
q07853,Can systems in Lab 2 support Linux Mint 22?,os_compatibility_check,Lab 2,Linux Mint 22,,
q07854,Which systems support MATLAB in Lab 2?,software_compatibility_check,Lab 2,,MATLAB,
q07855,Recommend the best OS for Library.,os_recommendation,Library,Fedora 42,,
q07856,Find software that runs on Lab 2.,reverse_software_lookup,Lab 2,,MATLAB,
q07857,Which PCs in Programming Lab have 8 GB RAM?,hardware_query,Programming Lab,,,
q07858,What upgrades are required in Lab 2?,upgrade_planning,Lab 2,Windows 10,Oracle Database,Storage
q07859,Suggest an OS for computers in Block C.,os_recommendation,Block C,Ubuntu 24.04,,
q07860,Best operating system for AI Lab?,os_recommendation,AI Lab,Windows 10,,
q07861,Show PCs in Lab 1 incompatible with Windows 11.,os_compatibility_check,Lab 1,Windows 11,,
q07862,Check MATLAB compatibility for Network Lab.,software_compatibility_check,Network Lab,,MATLAB,
q07863,List machines in Block A that meet Ubuntu 24.04 requirements.,os_compatibility_check,Block A,Ubuntu 24.04,,
q07864,Which software can run on computers in Block B?,reverse_software_lookup,Block B,,Android Studio,
q07865,List computers with SSD in Block B.,hardware_query,Block B,,,
q07866,Which computers need Secure Boot for PyCharm?,upgrade_planning,Lab 1,Linux Mint 22,PyCharm,Secure Boot
q07867,Which PCs in Library have 8 GB RAM?,hardware_query,Library,,,
q07868,List machines in Lab 2 that meet Linux Mint 22 requirements.,os_compatibility_check,Lab 2,Linux Mint 22,,
q07869,Is MATLAB supported in Block B?,software_compatibility_check,Block B,,MATLAB,
q07870,Find systems needing RAM upgrade.,upgrade_planning,Library,Fedora 42,Oracle Database,RAM upgrade
q07871,Display CPU details for Block A.,hardware_query,Block A,,,
q07872,What upgrades are required in Network Lab?,upgrade_planning,Network Lab,Linux Mint 22,VMware Workstation,CPU
q07873,Which systems support MATLAB in AI Lab?,software_compatibility_check,AI Lab,,MATLAB,
q07874,What upgrades are required in AI Lab?,upgrade_planning,AI Lab,Ubuntu 24.04,Oracle Database,CPU
q07875,Is AutoCAD 2026 supported in Programming Lab?,software_compatibility_check,Programming Lab,,AutoCAD,
q07876,Check VMware Workstation compatibility for Block C.,software_compatibility_check,Block C,,VMware Workstation,
q07877,Plan upgrades for Block B to run Linux Mint 22.,upgrade_planning,Block B,Linux Mint 22,MATLAB,Storage
q07878,Suggest an OS for computers in Block A.,os_recommendation,Block A,Linux Mint 22,,
q07879,Check Oracle Database compatibility for AI Lab.,software_compatibility_check,AI Lab,,Oracle Database,
q07880,Suggest an OS for computers in AI Lab.,os_recommendation,AI Lab,Windows 10,,
q07881,Best operating system for Library?,os_recommendation,Library,Windows 10,,
q07882,Which PCs in Library have 8 GB RAM?,hardware_query,Library,,,
q07883,Which operating system is most suitable for Programming Lab?,os_recommendation,Programming Lab,Windows 10,,
q07884,Which computers need Secure Boot for VS Code?,upgrade_planning,Library,Windows 11,Visual Studio Code,Secure Boot
q07885,Which computers need Secure Boot for Oracle Database?,upgrade_planning,Lab 2,Windows 11,Oracle Database,Secure Boot
q07886,Is Oracle Database supported in AI Lab?,software_compatibility_check,AI Lab,,Oracle Database,
q07887,Find systems needing CPU.,upgrade_planning,Block A,Linux Mint 22,AutoCAD,CPU
q07888,Find systems needing CPU.,upgrade_planning,Library,Ubuntu 24.04,Oracle Database,CPU
q07889,What applications are compatible with Lab 1 computers?,reverse_software_lookup,Lab 1,,Android Studio,
q07890,Suggest an OS for computers in Network Lab.,os_recommendation,Network Lab,Debian 13,,
q07891,Which computers in Library can run Windows 10?,os_compatibility_check,Library,Windows 10,,
q07892,Which systems support Blender in Network Lab?,software_compatibility_check,Network Lab,,Blender,
q07893,List machines in Block B that meet Windows 11 requirements.,os_compatibility_check,Block B,Windows 11,,
q07894,List computers with SSD in Lab 2.,hardware_query,Lab 2,,,
q07895,Which computers need GPU for MATLAB?,upgrade_planning,Network Lab,Windows 10,MATLAB,GPU
q07896,What applications are compatible with Programming Lab computers?,reverse_software_lookup,Programming Lab,,Android Studio,
q07897,Which software can run on computers in Lab 1?,reverse_software_lookup,Lab 1,,Blender,
q07898,Plan upgrades for Block C to run Linux Mint 22.,upgrade_planning,Block C,Linux Mint 22,Oracle Database,Secure Boot
q07899,List machines in Lab 1 that meet Windows 11 requirements.,os_compatibility_check,Lab 1,Windows 11,,
q07900,Which computers need Secure Boot for VS Code?,upgrade_planning,Programming Lab,Windows 10,Visual Studio Code,Secure Boot
q07901,Show PCs in Programming Lab incompatible with Ubuntu 24.04.,os_compatibility_check,Programming Lab,Ubuntu 24.04,,
q07902,Can systems in Lab 2 support Linux Mint 22?,os_compatibility_check,Lab 2,Linux Mint 22,,
q07903,Recommend the best OS for Library.,os_recommendation,Library,Windows 11,,
q07904,Can computers in Library run PyCharm?,software_compatibility_check,Library,,PyCharm,
q07905,Show hardware details for Programming Lab.,hardware_query,Programming Lab,,,
q07906,Find systems needing TPM.,upgrade_planning,Lab 2,Windows 11,PyCharm,TPM
q07907,Which operating system is most suitable for Block B?,os_recommendation,Block B,Windows 11,,
q07908,Is PyCharm supported in Block A?,software_compatibility_check,Block A,,PyCharm,
q07909,Which operating system is most suitable for Lab 2?,os_recommendation,Lab 2,Ubuntu 24.04,,
q07910,Which computers in Network Lab can run Windows 10?,os_compatibility_check,Network Lab,Windows 10,,
q07911,Which software can run on computers in Block B?,reverse_software_lookup,Block B,,VMware Workstation,
q07912,Show PCs in Lab 1 incompatible with Fedora 42.,os_compatibility_check,Lab 1,Fedora 42,,
q07913,Which PCs in Block A have 8 GB RAM?,hardware_query,Block A,,,
q07914,Best operating system for Programming Lab?,os_recommendation,Programming Lab,Linux Mint 22,,
q07915,Can systems in Programming Lab support Windows 11?,os_compatibility_check,Programming Lab,Windows 11,,
q07916,Can computers in Lab 1 run VMware Workstation?,software_compatibility_check,Lab 1,,VMware Workstation,
q07917,Display CPU details for AI Lab.,hardware_query,AI Lab,,,
q07918,List computers with SSD in Lab 1.,hardware_query,Lab 1,,,
q07919,Can computers in Library run Oracle Database?,software_compatibility_check,Library,,Oracle Database,
q07920,Can systems in Block B support Linux Mint 22?,os_compatibility_check,Block B,Linux Mint 22,,
q07921,Which systems support MATLAB in AI Lab?,software_compatibility_check,AI Lab,,MATLAB,
q07922,Can computers in AI Lab run Oracle Database?,software_compatibility_check,AI Lab,,Oracle Database,
q07923,Display CPU details for Lab 2.,hardware_query,Lab 2,,,
q07924,List machines in Lab 2 that meet Debian 13 requirements.,os_compatibility_check,Lab 2,Debian 13,,
q07925,Best operating system for Lab 1?,os_recommendation,Lab 1,Windows 10,,
q07926,Can systems in Lab 2 support Debian 13?,os_compatibility_check,Lab 2,Debian 13,,
q07927,Best operating system for Lab 2?,os_recommendation,Lab 2,Windows 10,,
q07928,Which computers need TPM for Blender?,upgrade_planning,Library,Debian 13,Blender,TPM
q07929,Can systems in Block C support Fedora 42?,os_compatibility_check,Block C,Fedora 42,,
q07930,Plan upgrades for Block A to run Ubuntu 24.04.,upgrade_planning,Block A,Ubuntu 24.04,PyCharm,Storage
q07931,Which systems support Blender in Block A?,software_compatibility_check,Block A,,Blender,
q07932,What upgrades are required in Library?,upgrade_planning,Library,Windows 10,AutoCAD,GPU
q07933,Suggest an OS for computers in Block C.,os_recommendation,Block C,Fedora 42,,
q07934,Suggest an OS for computers in Network Lab.,os_recommendation,Network Lab,Fedora 42,,
q07935,Display CPU details for AI Lab.,hardware_query,AI Lab,,,
q07936,What applications are compatible with Block A computers?,reverse_software_lookup,Block A,,Blender,
q07937,Find software that runs on Network Lab.,reverse_software_lookup,Network Lab,,AutoCAD,
q07938,Best operating system for Lab 2?,os_recommendation,Lab 2,Fedora 42,,
q07939,Best operating system for Lab 2?,os_recommendation,Lab 2,Linux Mint 22,,
q07940,Recommend the best OS for Block B.,os_recommendation,Block B,Ubuntu 24.04,,
q07941,What upgrades are required in AI Lab?,upgrade_planning,AI Lab,Fedora 42,VMware Workstation,CPU
q07942,List machines in Library that meet Windows 11 requirements.,os_compatibility_check,Library,Windows 11,,
q07943,Which computers need GPU for Android Studio?,upgrade_planning,Library,Debian 13,Android Studio,GPU
q07944,Show PCs in Library incompatible with Linux Mint 22.,os_compatibility_check,Library,Linux Mint 22,,
q07945,Which computers need CPU for VMware Workstation?,upgrade_planning,Programming Lab,Linux Mint 22,VMware Workstation,CPU
q07946,List computers with SSD in Block A.,hardware_query,Block A,,,
q07947,Which computers need CPU for PyCharm?,upgrade_planning,Block B,Fedora 42,PyCharm,CPU
q07948,Which software can run on computers in Block A?,reverse_software_lookup,Block A,,VMware Workstation,
q07949,Can systems in AI Lab support Windows 10?,os_compatibility_check,AI Lab,Windows 10,,
q07950,Find software that runs on Network Lab.,reverse_software_lookup,Network Lab,,MATLAB,
q07951,Show PCs in Library incompatible with Linux Mint 22.,os_compatibility_check,Library,Linux Mint 22,,
q07952,Which PCs in Network Lab have 8 GB RAM?,hardware_query,Network Lab,,,
q07953,Suggest an OS for computers in Lab 1.,os_recommendation,Lab 1,Fedora 42,,
q07954,Can systems in Block A support Debian 13?,os_compatibility_check,Block A,Debian 13,,
q07955,List computers with SSD in Block B.,hardware_query,Block B,,,
q07956,Is Android Studio supported in Block C?,software_compatibility_check,Block C,,Android Studio,
q07957,Which systems support PyCharm in Block B?,software_compatibility_check,Block B,,PyCharm,
q07958,Which systems support VMware Workstation in Block A?,software_compatibility_check,Block A,,VMware Workstation,
q07959,Suggest an OS for computers in Programming Lab.,os_recommendation,Programming Lab,Fedora 42,,
q07960,List machines in Block B that meet Debian 13 requirements.,os_compatibility_check,Block B,Debian 13,,
q07961,Is AutoCAD 2026 supported in Lab 2?,software_compatibility_check,Lab 2,,AutoCAD,
q07962,Can systems in Block B support Fedora 42?,os_compatibility_check,Block B,Fedora 42,,
q07963,Display CPU details for AI Lab.,hardware_query,AI Lab,,,
q07964,What applications are compatible with Block A computers?,reverse_software_lookup,Block A,,Oracle Database,
q07965,Best operating system for Lab 2?,os_recommendation,Lab 2,Windows 11,,
q07966,Which software can run on computers in Programming Lab?,reverse_software_lookup,Programming Lab,,PyCharm,
q07967,Which PCs in Block B have 8 GB RAM?,hardware_query,Block B,,,
q07968,Find software that runs on Lab 1.,reverse_software_lookup,Lab 1,,MATLAB,
q07969,Suggest an OS for computers in AI Lab.,os_recommendation,AI Lab,Fedora 42,,
q07970,Show PCs in Block C incompatible with Windows 11.,os_compatibility_check,Block C,Windows 11,,
q07971,Suggest an OS for computers in Block A.,os_recommendation,Block A,Linux Mint 22,,
q07972,Which computers in Block A can run Windows 10?,os_compatibility_check,Block A,Windows 10,,
q07973,Can systems in Library support Windows 10?,os_compatibility_check,Library,Windows 10,,
q07974,Display CPU details for Library.,hardware_query,Library,,,
q07975,Which operating system is most suitable for Network Lab?,os_recommendation,Network Lab,Debian 13,,
q07976,List computers with SSD in Block A.,hardware_query,Block A,,,
q07977,Display CPU details for Block C.,hardware_query,Block C,,,
q07978,Which computers need Storage for Oracle Database?,upgrade_planning,Programming Lab,Fedora 42,Oracle Database,Storage
q07979,Check Blender compatibility for Block A.,software_compatibility_check,Block A,,Blender,
q07980,Which systems support Android Studio in Block B?,software_compatibility_check,Block B,,Android Studio,
q07981,Display CPU details for Lab 2.,hardware_query,Lab 2,,,
q07982,Which systems support MATLAB in Lab 1?,software_compatibility_check,Lab 1,,MATLAB,
q07983,Which software can run on computers in Block A?,reverse_software_lookup,Block A,,Blender,
q07984,Which computers need CPU for AutoCAD 2026?,upgrade_planning,Lab 2,Debian 13,AutoCAD,CPU
q07985,Can systems in Lab 1 support Fedora 42?,os_compatibility_check,Lab 1,Fedora 42,,
q07986,Which software can run on computers in Lab 1?,reverse_software_lookup,Lab 1,,Oracle Database,
q07987,Can systems in AI Lab support Fedora 42?,os_compatibility_check,AI Lab,Fedora 42,,
q07988,Which software can run on computers in Lab 2?,reverse_software_lookup,Lab 2,,MATLAB,
q07989,List software supported by PCs in Library.,reverse_software_lookup,Library,,AutoCAD,
q07990,Suggest an OS for computers in Programming Lab.,os_recommendation,Programming Lab,Windows 10,,
q07991,Which PCs in Block B have 8 GB RAM?,hardware_query,Block B,,,
q07992,Which PCs in Library have 8 GB RAM?,hardware_query,Library,,,
q07993,Which software can run on computers in Programming Lab?,reverse_software_lookup,Programming Lab,,PyCharm,
q07994,Show PCs in Programming Lab incompatible with Ubuntu 24.04.,os_compatibility_check,Programming Lab,Ubuntu 24.04,,
q07995,Show PCs in Programming Lab incompatible with Windows 11.,os_compatibility_check,Programming Lab,Windows 11,,
q07996,Can computers in Programming Lab run AutoCAD 2026?,software_compatibility_check,Programming Lab,,AutoCAD,
q07997,Suggest an OS for computers in AI Lab.,os_recommendation,AI Lab,Linux Mint 22,,
q07998,What upgrades are required in Network Lab?,upgrade_planning,Network Lab,Windows 10,AutoCAD,Secure Boot
q07999,What upgrades are required in Lab 2?,upgrade_planning,Lab 2,Windows 11,AutoCAD,RAM upgrade
q08000,Which computers need TPM for VS Code?,upgrade_planning,Programming Lab,Windows 11,Visual Studio Code,TPM
q08001,What upgrades are required in Lab 1?,upgrade_planning,Lab 1,Ubuntu 24.04,Android Studio,CPU
q08002,Which PCs in Lab 1 have 8 GB RAM?,hardware_query,Lab 1,,,
q08003,Show hardware details for Block B.,hardware_query,Block B,,,
q08004,Which computers in Programming Lab can run Windows 10?,os_compatibility_check,Programming Lab,Windows 10,,
q08005,List software supported by PCs in Lab 1.,reverse_software_lookup,Lab 1,,Visual Studio Code,
q08006,Show hardware details for Programming Lab.,hardware_query,Programming Lab,,,
q08007,Display CPU details for AI Lab.,hardware_query,AI Lab,,,
q08008,Can computers in Block B run PyCharm?,software_compatibility_check,Block B,,PyCharm,
q08009,Display CPU details for AI Lab.,hardware_query,AI Lab,,,
q08010,Best operating system for Programming Lab?,os_recommendation,Programming Lab,Debian 13,,
q08011,Which systems support AutoCAD 2026 in Block A?,software_compatibility_check,Block A,,AutoCAD,
q08012,Which software can run on computers in Library?,reverse_software_lookup,Library,,Oracle Database,
q08013,Show hardware details for Block B.,hardware_query,Block B,,,
q08014,Is Oracle Database supported in Block B?,software_compatibility_check,Block B,,Oracle Database,
q08015,Check AutoCAD 2026 compatibility for Programming Lab.,software_compatibility_check,Programming Lab,,AutoCAD,
q08016,Check Oracle Database compatibility for Lab 1.,software_compatibility_check,Lab 1,,Oracle Database,
q08017,Which computers need Storage for MATLAB?,upgrade_planning,Lab 1,Linux Mint 22,MATLAB,Storage
q08018,Plan upgrades for Library to run Windows 11.,upgrade_planning,Library,Windows 11,VMware Workstation,CPU
q08019,Is VS Code supported in Network Lab?,software_compatibility_check,Network Lab,,Visual Studio Code,
q08020,Which computers need CPU for Android Studio?,upgrade_planning,Block B,Windows 10,Android Studio,CPU
q08021,Which computers in Block B can run Windows 11?,os_compatibility_check,Block B,Windows 11,,
q08022,Which computers in Block C can run Windows 10?,os_compatibility_check,Block C,Windows 10,,
q08023,Which PCs in Network Lab have 8 GB RAM?,hardware_query,Network Lab,,,
q08024,Show PCs in AI Lab incompatible with Fedora 42.,os_compatibility_check,AI Lab,Fedora 42,,
q08025,Is MATLAB supported in Lab 1?,software_compatibility_check,Lab 1,,MATLAB,
q08026,Display CPU details for Programming Lab.,hardware_query,Programming Lab,,,
q08027,Which software can run on computers in Lab 2?,reverse_software_lookup,Lab 2,,Android Studio,
q08028,Which computers in Block C can run Windows 10?,os_compatibility_check,Block C,Windows 10,,
q08029,Which software can run on computers in Block A?,reverse_software_lookup,Block A,,AutoCAD,
q08030,Check Android Studio compatibility for Lab 2.,software_compatibility_check,Lab 2,,Android Studio,
q08031,Which computers need Storage for PyCharm?,upgrade_planning,Lab 2,Debian 13,PyCharm,Storage
q08032,Which systems support MATLAB in Block C?,software_compatibility_check,Block C,,MATLAB,
q08033,Which computers in Programming Lab can run Fedora 42?,os_compatibility_check,Programming Lab,Fedora 42,,
q08034,What applications are compatible with AI Lab computers?,reverse_software_lookup,AI Lab,,Oracle Database,
q08035,Which computers in Lab 1 can run Debian 13?,os_compatibility_check,Lab 1,Debian 13,,
q08036,Which systems support Blender in Lab 2?,software_compatibility_check,Lab 2,,Blender,
q08037,Find systems needing Secure Boot.,upgrade_planning,Network Lab,Fedora 42,PyCharm,Secure Boot
q08038,Display CPU details for Network Lab.,hardware_query,Network Lab,,,
q08039,List machines in Block B that meet Debian 13 requirements.,os_compatibility_check,Block B,Debian 13,,
q08040,Can systems in Network Lab support Linux Mint 22?,os_compatibility_check,Network Lab,Linux Mint 22,,
q08041,Is Oracle Database supported in Lab 2?,software_compatibility_check,Lab 2,,Oracle Database,
q08042,Can computers in Block B run PyCharm?,software_compatibility_check,Block B,,PyCharm,
q08043,Is Android Studio supported in Block B?,software_compatibility_check,Block B,,Android Studio,
q08044,Plan upgrades for Library to run Ubuntu 24.04.,upgrade_planning,Library,Ubuntu 24.04,Visual Studio Code,RAM upgrade
q08045,Find software that runs on Library.,reverse_software_lookup,Library,,Visual Studio Code,
q08046,List software supported by PCs in Library.,reverse_software_lookup,Library,,Visual Studio Code,
q08047,Suggest an OS for computers in Block A.,os_recommendation,Block A,Linux Mint 22,,
q08048,Can systems in Lab 2 support Ubuntu 24.04?,os_compatibility_check,Lab 2,Ubuntu 24.04,,
q08049,Can computers in Network Lab run AutoCAD 2026?,software_compatibility_check,Network Lab,,AutoCAD,
q08050,List computers with SSD in Block C.,hardware_query,Block C,,,
q08051,Recommend the best OS for Library.,os_recommendation,Library,Debian 13,,
q08052,Can systems in AI Lab support Linux Mint 22?,os_compatibility_check,AI Lab,Linux Mint 22,,
q08053,What applications are compatible with Block C computers?,reverse_software_lookup,Block C,,VMware Workstation,
q08054,Which systems support Blender in Programming Lab?,software_compatibility_check,Programming Lab,,Blender,
q08055,Show PCs in Block B incompatible with Windows 11.,os_compatibility_check,Block B,Windows 11,,
q08056,Show PCs in Block A incompatible with Fedora 42.,os_compatibility_check,Block A,Fedora 42,,
q08057,Find software that runs on AI Lab.,reverse_software_lookup,AI Lab,,Android Studio,
q08058,List machines in Network Lab that meet Fedora 42 requirements.,os_compatibility_check,Network Lab,Fedora 42,,
q08059,List machines in Block A that meet Linux Mint 22 requirements.,os_compatibility_check,Block A,Linux Mint 22,,
q08060,Plan upgrades for Library to run Debian 13.,upgrade_planning,Library,Debian 13,Android Studio,Storage
q08061,Find systems needing Secure Boot.,upgrade_planning,Network Lab,Ubuntu 24.04,Android Studio,Secure Boot
q08062,Plan upgrades for Block B to run Windows 10.,upgrade_planning,Block B,Windows 10,VMware Workstation,TPM
q08063,Which PCs in Lab 2 have 8 GB RAM?,hardware_query,Lab 2,,,
q08064,Suggest an OS for computers in Block B.,os_recommendation,Block B,Windows 11,,
q08065,Which software can run on computers in Programming Lab?,reverse_software_lookup,Programming Lab,,Oracle Database,
q08066,Recommend the best OS for Block B.,os_recommendation,Block B,Fedora 42,,
q08067,Best operating system for Block B?,os_recommendation,Block B,Windows 10,,
q08068,What upgrades are required in Block A?,upgrade_planning,Block A,Linux Mint 22,Blender,GPU
q08069,What upgrades are required in Block B?,upgrade_planning,Block B,Ubuntu 24.04,AutoCAD,Secure Boot
q08070,Recommend the best OS for Lab 2.,os_recommendation,Lab 2,Fedora 42,,
q08071,What applications are compatible with Block B computers?,reverse_software_lookup,Block B,,VMware Workstation,
q08072,Is VS Code supported in Lab 1?,software_compatibility_check,Lab 1,,Visual Studio Code,
q08073,Show PCs in Programming Lab incompatible with Windows 11.,os_compatibility_check,Programming Lab,Windows 11,,
q08074,List computers with SSD in Block C.,hardware_query,Block C,,,
q08075,Which computers in Block C can run Ubuntu 24.04?,os_compatibility_check,Block C,Ubuntu 24.04,,
q08076,Which operating system is most suitable for Lab 1?,os_recommendation,Lab 1,Debian 13,,
q08077,Which computers in Network Lab can run Linux Mint 22?,os_compatibility_check,Network Lab,Linux Mint 22,,
q08078,Which operating system is most suitable for Network Lab?,os_recommendation,Network Lab,Debian 13,,
q08079,Which PCs in Block A have 8 GB RAM?,hardware_query,Block A,,,
q08080,List computers with SSD in Library.,hardware_query,Library,,,
q08081,What upgrades are required in AI Lab?,upgrade_planning,AI Lab,Windows 10,Oracle Database,GPU
q08082,Check MATLAB compatibility for AI Lab.,software_compatibility_check,AI Lab,,MATLAB,
q08083,Which systems support VS Code in Network Lab?,software_compatibility_check,Network Lab,,Visual Studio Code,
q08084,Show hardware details for Network Lab.,hardware_query,Network Lab,,,
q08085,Which software can run on computers in Lab 2?,reverse_software_lookup,Lab 2,,AutoCAD,
q08086,What upgrades are required in Block C?,upgrade_planning,Block C,Fedora 42,Android Studio,GPU
q08087,List software supported by PCs in Library.,reverse_software_lookup,Library,,Oracle Database,
q08088,Can systems in Programming Lab support Debian 13?,os_compatibility_check,Programming Lab,Debian 13,,
q08089,Suggest an OS for computers in AI Lab.,os_recommendation,AI Lab,Windows 10,,
q08090,List computers with SSD in Block A.,hardware_query,Block A,,,
q08091,Suggest an OS for computers in Lab 2.,os_recommendation,Lab 2,Windows 11,,
q08092,Best operating system for Library?,os_recommendation,Library,Windows 10,,
q08093,Which PCs in AI Lab have 8 GB RAM?,hardware_query,AI Lab,,,
q08094,What upgrades are required in Lab 2?,upgrade_planning,Lab 2,Debian 13,VMware Workstation,RAM upgrade
q08095,Is Android Studio supported in Block A?,software_compatibility_check,Block A,,Android Studio,
q08096,Display CPU details for Library.,hardware_query,Library,,,
q08097,List machines in AI Lab that meet Debian 13 requirements.,os_compatibility_check,AI Lab,Debian 13,,
q08098,Recommend the best OS for Programming Lab.,os_recommendation,Programming Lab,Linux Mint 22,,
q08099,Which PCs in Block B have 8 GB RAM?,hardware_query,Block B,,,
q08100,Can systems in Programming Lab support Linux Mint 22?,os_compatibility_check,Programming Lab,Linux Mint 22,,
q08101,Which software can run on computers in Lab 2?,reverse_software_lookup,Lab 2,,Visual Studio Code,
q08102,Display CPU details for Block C.,hardware_query,Block C,,,
q08103,Suggest an OS for computers in Block C.,os_recommendation,Block C,Ubuntu 24.04,,
q08104,Is VS Code supported in AI Lab?,software_compatibility_check,AI Lab,,Visual Studio Code,
q08105,Which computers need Storage for Oracle Database?,upgrade_planning,Lab 2,Windows 10,Oracle Database,Storage
q08106,What upgrades are required in Block A?,upgrade_planning,Block A,Windows 10,Visual Studio Code,RAM upgrade
q08107,Display CPU details for Block C.,hardware_query,Block C,,,
q08108,Best operating system for Block A?,os_recommendation,Block A,Ubuntu 24.04,,
q08109,Show PCs in Lab 2 incompatible with Windows 10.,os_compatibility_check,Lab 2,Windows 10,,
q08110,Best operating system for Block C?,os_recommendation,Block C,Windows 11,,
q08111,Which operating system is most suitable for Lab 1?,os_recommendation,Lab 1,Debian 13,,
q08112,Show PCs in Block A incompatible with Ubuntu 24.04.,os_compatibility_check,Block A,Ubuntu 24.04,,
q08113,Which computers need Storage for PyCharm?,upgrade_planning,Lab 2,Windows 10,PyCharm,Storage
q08114,Which operating system is most suitable for Lab 2?,os_recommendation,Lab 2,Fedora 42,,
q08115,Show hardware details for Lab 2.,hardware_query,Lab 2,,,
q08116,Check VMware Workstation compatibility for Block A.,software_compatibility_check,Block A,,VMware Workstation,
q08117,Best operating system for AI Lab?,os_recommendation,AI Lab,Ubuntu 24.04,,
q08118,Which operating system is most suitable for Network Lab?,os_recommendation,Network Lab,Debian 13,,
q08119,Which computers in Lab 1 can run Fedora 42?,os_compatibility_check,Lab 1,Fedora 42,,
q08120,List computers with SSD in Network Lab.,hardware_query,Network Lab,,,
q08121,Can computers in Network Lab run VMware Workstation?,software_compatibility_check,Network Lab,,VMware Workstation,
q08122,Which software can run on computers in Block B?,reverse_software_lookup,Block B,,Blender,
q08123,Show hardware details for Lab 1.,hardware_query,Lab 1,,,
q08124,List software supported by PCs in Lab 1.,reverse_software_lookup,Lab 1,,Blender,
q08125,List machines in Block B that meet Windows 10 requirements.,os_compatibility_check,Block B,Windows 10,,
q08126,List computers with SSD in Lab 1.,hardware_query,Lab 1,,,
q08127,Find systems needing Storage.,upgrade_planning,Block C,Windows 11,Visual Studio Code,Storage
q08128,Display CPU details for Block C.,hardware_query,Block C,,,
q08129,Plan upgrades for Block C to run Windows 11.,upgrade_planning,Block C,Windows 11,PyCharm,GPU
q08130,What upgrades are required in Block A?,upgrade_planning,Block A,Linux Mint 22,Blender,Storage
q08131,Can systems in AI Lab support Fedora 42?,os_compatibility_check,AI Lab,Fedora 42,,
q08132,Is Android Studio supported in AI Lab?,software_compatibility_check,AI Lab,,Android Studio,
q08133,Which operating system is most suitable for Network Lab?,os_recommendation,Network Lab,Debian 13,,
q08134,Which computers in Block C can run Windows 11?,os_compatibility_check,Block C,Windows 11,,
q08135,Find systems needing RAM upgrade.,upgrade_planning,Lab 2,Linux Mint 22,MATLAB,RAM upgrade
q08136,Can systems in Lab 1 support Windows 11?,os_compatibility_check,Lab 1,Windows 11,,
q08137,Check Android Studio compatibility for Block B.,software_compatibility_check,Block B,,Android Studio,
q08138,What applications are compatible with Programming Lab computers?,reverse_software_lookup,Programming Lab,,VMware Workstation,
q08139,Which PCs in Block C have 8 GB RAM?,hardware_query,Block C,,,
q08140,Which computers in Lab 1 can run Fedora 42?,os_compatibility_check,Lab 1,Fedora 42,,
q08141,Which PCs in Network Lab have 8 GB RAM?,hardware_query,Network Lab,,,
q08142,Which PCs in Programming Lab have 8 GB RAM?,hardware_query,Programming Lab,,,
q08143,Check AutoCAD 2026 compatibility for Lab 1.,software_compatibility_check,Lab 1,,AutoCAD,
q08144,List computers with SSD in Lab 1.,hardware_query,Lab 1,,,
q08145,Plan upgrades for Block C to run Fedora 42.,upgrade_planning,Block C,Fedora 42,MATLAB,RAM upgrade
q08146,Which PCs in Block A have 8 GB RAM?,hardware_query,Block A,,,
q08147,What applications are compatible with Block A computers?,reverse_software_lookup,Block A,,Oracle Database,
q08148,Plan upgrades for Lab 1 to run Windows 11.,upgrade_planning,Lab 1,Windows 11,Oracle Database,Storage
q08149,List software supported by PCs in Network Lab.,reverse_software_lookup,Network Lab,,Visual Studio Code,
q08150,Which computers need TPM for Android Studio?,upgrade_planning,Programming Lab,Fedora 42,Android Studio,TPM
q08151,Show PCs in Network Lab incompatible with Fedora 42.,os_compatibility_check,Network Lab,Fedora 42,,
q08152,Show PCs in Block A incompatible with Windows 11.,os_compatibility_check,Block A,Windows 11,,
q08153,Show hardware details for AI Lab.,hardware_query,AI Lab,,,
q08154,List computers with SSD in Block B.,hardware_query,Block B,,,
q08155,Suggest an OS for computers in Lab 2.,os_recommendation,Lab 2,Linux Mint 22,,
q08156,Find software that runs on Programming Lab.,reverse_software_lookup,Programming Lab,,PyCharm,
q08157,Find systems needing RAM upgrade.,upgrade_planning,AI Lab,Linux Mint 22,Blender,RAM upgrade
q08158,What applications are compatible with Block C computers?,reverse_software_lookup,Block C,,Oracle Database,
q08159,Can systems in AI Lab support Fedora 42?,os_compatibility_check,AI Lab,Fedora 42,,
q08160,Find systems needing Storage.,upgrade_planning,Lab 1,Windows 11,Visual Studio Code,Storage
q08161,Which operating system is most suitable for Block A?,os_recommendation,Block A,Fedora 42,,
q08162,Which systems support MATLAB in Lab 1?,software_compatibility_check,Lab 1,,MATLAB,
q08163,Which systems support Blender in AI Lab?,software_compatibility_check,AI Lab,,Blender,
q08164,List machines in AI Lab that meet Windows 10 requirements.,os_compatibility_check,AI Lab,Windows 10,,
q08165,Check Android Studio compatibility for Programming Lab.,software_compatibility_check,Programming Lab,,Android Studio,
q08166,Is VMware Workstation supported in Block B?,software_compatibility_check,Block B,,VMware Workstation,
q08167,Best operating system for Library?,os_recommendation,Library,Fedora 42,,
q08168,Is Android Studio supported in Block B?,software_compatibility_check,Block B,,Android Studio,
q08169,Plan upgrades for Block B to run Fedora 42.,upgrade_planning,Block B,Fedora 42,Android Studio,TPM
q08170,Which computers in Programming Lab can run Windows 11?,os_compatibility_check,Programming Lab,Windows 11,,
q08171,List software supported by PCs in Lab 1.,reverse_software_lookup,Lab 1,,Oracle Database,
q08172,Find systems needing GPU.,upgrade_planning,Block C,Debian 13,VMware Workstation,GPU
q08173,Which software can run on computers in Network Lab?,reverse_software_lookup,Network Lab,,PyCharm,
q08174,Can systems in Lab 1 support Windows 11?,os_compatibility_check,Lab 1,Windows 11,,
q08175,Display CPU details for AI Lab.,hardware_query,AI Lab,,,
q08176,Which PCs in Programming Lab have 8 GB RAM?,hardware_query,Programming Lab,,,
q08177,Recommend the best OS for Lab 2.,os_recommendation,Lab 2,Debian 13,,
q08178,List machines in Library that meet Windows 10 requirements.,os_compatibility_check,Library,Windows 10,,
q08179,List software supported by PCs in Network Lab.,reverse_software_lookup,Network Lab,,MATLAB,
q08180,Plan upgrades for Lab 1 to run Ubuntu 24.04.,upgrade_planning,Lab 1,Ubuntu 24.04,AutoCAD,CPU
q08181,Display CPU details for Lab 1.,hardware_query,Lab 1,,,
q08182,Recommend the best OS for Block C.,os_recommendation,Block C,Windows 11,,
q08183,List machines in Network Lab that meet Fedora 42 requirements.,os_compatibility_check,Network Lab,Fedora 42,,
q08184,Check MATLAB compatibility for Lab 2.,software_compatibility_check,Lab 2,,MATLAB,
q08185,Check Oracle Database compatibility for Block A.,software_compatibility_check,Block A,,Oracle Database,
q08186,Which computers need Storage for Android Studio?,upgrade_planning,Library,Windows 11,Android Studio,Storage
q08187,Which operating system is most suitable for Block A?,os_recommendation,Block A,Debian 13,,
q08188,Which operating system is most suitable for Block B?,os_recommendation,Block B,Fedora 42,,
q08189,Which systems support VMware Workstation in Network Lab?,software_compatibility_check,Network Lab,,VMware Workstation,
q08190,Check AutoCAD 2026 compatibility for Block A.,software_compatibility_check,Block A,,AutoCAD,
q08191,List machines in Lab 2 that meet Debian 13 requirements.,os_compatibility_check,Lab 2,Debian 13,,
q08192,Find software that runs on Programming Lab.,reverse_software_lookup,Programming Lab,,Android Studio,
q08193,Is VMware Workstation supported in Block C?,software_compatibility_check,Block C,,VMware Workstation,
q08194,Which software can run on computers in Block A?,reverse_software_lookup,Block A,,Oracle Database,
q08195,Is Blender supported in Block B?,software_compatibility_check,Block B,,Blender,
q08196,Display CPU details for Block A.,hardware_query,Block A,,,
q08197,What upgrades are required in Lab 1?,upgrade_planning,Lab 1,Fedora 42,AutoCAD,Storage
q08198,Which software can run on computers in Lab 1?,reverse_software_lookup,Lab 1,,VMware Workstation,
q08199,Best operating system for Lab 1?,os_recommendation,Lab 1,Fedora 42,,
q08200,List computers with SSD in Lab 1.,hardware_query,Lab 1,,,
q08201,Which operating system is most suitable for Block B?,os_recommendation,Block B,Windows 11,,
q08202,List computers with SSD in Lab 1.,hardware_query,Lab 1,,,
q08203,Find software that runs on Block C.,reverse_software_lookup,Block C,,PyCharm,
q08204,Best operating system for Network Lab?,os_recommendation,Network Lab,Linux Mint 22,,
q08205,List software supported by PCs in Block C.,reverse_software_lookup,Block C,,Android Studio,
q08206,Is Oracle Database supported in Block C?,software_compatibility_check,Block C,,Oracle Database,
q08207,Plan upgrades for Library to run Debian 13.,upgrade_planning,Library,Debian 13,Android Studio,TPM
q08208,Find systems needing TPM.,upgrade_planning,Block A,Windows 10,PyCharm,TPM
q08209,Plan upgrades for Block B to run Fedora 42.,upgrade_planning,Block B,Fedora 42,Oracle Database,TPM
q08210,Find systems needing Storage.,upgrade_planning,Block C,Debian 13,AutoCAD,Storage
q08211,Show PCs in Library incompatible with Windows 10.,os_compatibility_check,Library,Windows 10,,
q08212,Find systems needing Storage.,upgrade_planning,Network Lab,Debian 13,AutoCAD,Storage
q08213,Which computers in Lab 2 can run Debian 13?,os_compatibility_check,Lab 2,Debian 13,,
q08214,List machines in Network Lab that meet Linux Mint 22 requirements.,os_compatibility_check,Network Lab,Linux Mint 22,,
q08215,Which computers need GPU for Oracle Database?,upgrade_planning,AI Lab,Windows 11,Oracle Database,GPU
q08216,Which systems support Oracle Database in Lab 2?,software_compatibility_check,Lab 2,,Oracle Database,
q08217,Display CPU details for Programming Lab.,hardware_query,Programming Lab,,,
q08218,What upgrades are required in Programming Lab?,upgrade_planning,Programming Lab,Debian 13,Android Studio,RAM upgrade
q08219,Can systems in AI Lab support Fedora 42?,os_compatibility_check,AI Lab,Fedora 42,,
q08220,Can computers in Library run MATLAB?,software_compatibility_check,Library,,MATLAB,
q08221,What upgrades are required in Network Lab?,upgrade_planning,Network Lab,Ubuntu 24.04,Android Studio,GPU
q08222,Suggest an OS for computers in Block C.,os_recommendation,Block C,Ubuntu 24.04,,
q08223,Is Android Studio supported in Block A?,software_compatibility_check,Block A,,Android Studio,
q08224,Can computers in Block B run VS Code?,software_compatibility_check,Block B,,Visual Studio Code,
q08225,Which PCs in Block C have 8 GB RAM?,hardware_query,Block C,,,
q08226,Which computers in Lab 1 can run Ubuntu 24.04?,os_compatibility_check,Lab 1,Ubuntu 24.04,,
q08227,Which software can run on computers in Block B?,reverse_software_lookup,Block B,,Visual Studio Code,
q08228,Display CPU details for Block C.,hardware_query,Block C,,,
q08229,Can computers in Lab 2 run VS Code?,software_compatibility_check,Lab 2,,Visual Studio Code,
q08230,List machines in Programming Lab that meet Windows 11 requirements.,os_compatibility_check,Programming Lab,Windows 11,,
q08231,What applications are compatible with Programming Lab computers?,reverse_software_lookup,Programming Lab,,AutoCAD,
q08232,List computers with SSD in Block C.,hardware_query,Block C,,,
q08233,List software supported by PCs in Block A.,reverse_software_lookup,Block A,,MATLAB,
q08234,Is AutoCAD 2026 supported in AI Lab?,software_compatibility_check,AI Lab,,AutoCAD,
q08235,Which software can run on computers in Network Lab?,reverse_software_lookup,Network Lab,,Blender,
q08236,Find systems needing Storage.,upgrade_planning,Lab 1,Linux Mint 22,MATLAB,Storage
q08237,Best operating system for Network Lab?,os_recommendation,Network Lab,Windows 10,,
q08238,Which computers in Block C can run Linux Mint 22?,os_compatibility_check,Block C,Linux Mint 22,,
q08239,Is MATLAB supported in Lab 2?,software_compatibility_check,Lab 2,,MATLAB,
q08240,Which operating system is most suitable for Library?,os_recommendation,Library,Windows 10,,
q08241,List machines in Network Lab that meet Windows 10 requirements.,os_compatibility_check,Network Lab,Windows 10,,
q08242,Check VMware Workstation compatibility for Programming Lab.,software_compatibility_check,Programming Lab,,VMware Workstation,
q08243,Suggest an OS for computers in Network Lab.,os_recommendation,Network Lab,Fedora 42,,
q08244,Check AutoCAD 2026 compatibility for Programming Lab.,software_compatibility_check,Programming Lab,,AutoCAD,
q08245,Suggest an OS for computers in Programming Lab.,os_recommendation,Programming Lab,Windows 10,,
q08246,Best operating system for Block C?,os_recommendation,Block C,Fedora 42,,
q08247,Which PCs in Library have 8 GB RAM?,hardware_query,Library,,,
q08248,Is AutoCAD 2026 supported in Programming Lab?,software_compatibility_check,Programming Lab,,AutoCAD,
q08249,Can systems in Lab 1 support Windows 10?,os_compatibility_check,Lab 1,Windows 10,,
q08250,Which computers need Secure Boot for Oracle Database?,upgrade_planning,Library,Linux Mint 22,Oracle Database,Secure Boot
q08251,Which computers need Storage for Blender?,upgrade_planning,Lab 1,Windows 10,Blender,Storage
q08252,List software supported by PCs in AI Lab.,reverse_software_lookup,AI Lab,,Visual Studio Code,
q08253,Check PyCharm compatibility for Block C.,software_compatibility_check,Block C,,PyCharm,
q08254,What applications are compatible with Lab 2 computers?,reverse_software_lookup,Lab 2,,PyCharm,
q08255,Which software can run on computers in Library?,reverse_software_lookup,Library,,Visual Studio Code,
q08256,What applications are compatible with Network Lab computers?,reverse_software_lookup,Network Lab,,Android Studio,
q08257,List computers with SSD in AI Lab.,hardware_query,AI Lab,,,
q08258,Find software that runs on Lab 1.,reverse_software_lookup,Lab 1,,AutoCAD,
q08259,Recommend the best OS for Lab 2.,os_recommendation,Lab 2,Fedora 42,,
q08260,Best operating system for Programming Lab?,os_recommendation,Programming Lab,Windows 10,,
q08261,Which operating system is most suitable for Lab 2?,os_recommendation,Lab 2,Windows 11,,
q08262,What upgrades are required in Network Lab?,upgrade_planning,Network Lab,Windows 11,AutoCAD,Secure Boot
q08263,What upgrades are required in Library?,upgrade_planning,Library,Fedora 42,Blender,CPU
q08264,Best operating system for Network Lab?,os_recommendation,Network Lab,Linux Mint 22,,
q08265,Show hardware details for AI Lab.,hardware_query,AI Lab,,,
q08266,Can systems in Lab 1 support Ubuntu 24.04?,os_compatibility_check,Lab 1,Ubuntu 24.04,,
q08267,Suggest an OS for computers in Lab 2.,os_recommendation,Lab 2,Ubuntu 24.04,,
q08268,Which software can run on computers in Block B?,reverse_software_lookup,Block B,,Blender,
q08269,Which software can run on computers in Programming Lab?,reverse_software_lookup,Programming Lab,,Blender,
q08270,Is Blender supported in Library?,software_compatibility_check,Library,,Blender,
q08271,Display CPU details for AI Lab.,hardware_query,AI Lab,,,
q08272,Is VMware Workstation supported in Block B?,software_compatibility_check,Block B,,VMware Workstation,
q08273,What upgrades are required in Block A?,upgrade_planning,Block A,Fedora 42,Blender,Secure Boot
q08274,Find systems needing Secure Boot.,upgrade_planning,AI Lab,Windows 11,Android Studio,Secure Boot
q08275,Which systems support AutoCAD 2026 in Programming Lab?,software_compatibility_check,Programming Lab,,AutoCAD,
q08276,Recommend the best OS for Library.,os_recommendation,Library,Linux Mint 22,,
q08277,Plan upgrades for Lab 1 to run Fedora 42.,upgrade_planning,Lab 1,Fedora 42,Android Studio,TPM
q08278,Which operating system is most suitable for Lab 2?,os_recommendation,Lab 2,Fedora 42,,
q08279,Display CPU details for Programming Lab.,hardware_query,Programming Lab,,,
q08280,Find software that runs on Block B.,reverse_software_lookup,Block B,,Blender,
q08281,Is VMware Workstation supported in Library?,software_compatibility_check,Library,,VMware Workstation,
q08282,Display CPU details for Lab 1.,hardware_query,Lab 1,,,
q08283,Suggest an OS for computers in Network Lab.,os_recommendation,Network Lab,Debian 13,,
q08284,Which computers in AI Lab can run Ubuntu 24.04?,os_compatibility_check,AI Lab,Ubuntu 24.04,,
q08285,Which PCs in Block B have 8 GB RAM?,hardware_query,Block B,,,
q08286,Which computers in Network Lab can run Ubuntu 24.04?,os_compatibility_check,Network Lab,Ubuntu 24.04,,
q08287,List machines in Library that meet Debian 13 requirements.,os_compatibility_check,Library,Debian 13,,
q08288,Show PCs in Block A incompatible with Linux Mint 22.,os_compatibility_check,Block A,Linux Mint 22,,
q08289,Can computers in Block C run AutoCAD 2026?,software_compatibility_check,Block C,,AutoCAD,
q08290,What upgrades are required in Block A?,upgrade_planning,Block A,Windows 10,Android Studio,GPU
q08291,Find software that runs on Network Lab.,reverse_software_lookup,Network Lab,,PyCharm,
q08292,Can computers in Block C run Android Studio?,software_compatibility_check,Block C,,Android Studio,
q08293,What upgrades are required in AI Lab?,upgrade_planning,AI Lab,Fedora 42,Blender,Secure Boot
q08294,Can computers in Block B run VMware Workstation?,software_compatibility_check,Block B,,VMware Workstation,
q08295,Which computers need Storage for VS Code?,upgrade_planning,Lab 2,Fedora 42,Visual Studio Code,Storage
q08296,Can systems in Lab 2 support Fedora 42?,os_compatibility_check,Lab 2,Fedora 42,,
q08297,Recommend the best OS for Block A.,os_recommendation,Block A,Debian 13,,
q08298,Can computers in Network Lab run Blender?,software_compatibility_check,Network Lab,,Blender,
q08299,Which operating system is most suitable for Lab 2?,os_recommendation,Lab 2,Ubuntu 24.04,,
q08300,List computers with SSD in Programming Lab.,hardware_query,Programming Lab,,,
q08301,Which software can run on computers in Library?,reverse_software_lookup,Library,,Oracle Database,
q08302,List computers with SSD in Block C.,hardware_query,Block C,,,
q08303,Which operating system is most suitable for Lab 2?,os_recommendation,Lab 2,Linux Mint 22,,
q08304,What applications are compatible with Network Lab computers?,reverse_software_lookup,Network Lab,,Blender,
q08305,Check MATLAB compatibility for Network Lab.,software_compatibility_check,Network Lab,,MATLAB,
q08306,Suggest an OS for computers in Lab 1.,os_recommendation,Lab 1,Debian 13,,
q08307,Is Oracle Database supported in Lab 2?,software_compatibility_check,Lab 2,,Oracle Database,
q08308,Best operating system for Programming Lab?,os_recommendation,Programming Lab,Debian 13,,
q08309,Display CPU details for Library.,hardware_query,Library,,,
q08310,Best operating system for Block C?,os_recommendation,Block C,Fedora 42,,
q08311,Show PCs in Block C incompatible with Debian 13.,os_compatibility_check,Block C,Debian 13,,
q08312,What upgrades are required in Library?,upgrade_planning,Library,Windows 11,Visual Studio Code,TPM
q08313,Can computers in Network Lab run VS Code?,software_compatibility_check,Network Lab,,Visual Studio Code,
q08314,Which software can run on computers in Programming Lab?,reverse_software_lookup,Programming Lab,,Oracle Database,
q08315,Recommend the best OS for Block A.,os_recommendation,Block A,Linux Mint 22,,
q08316,Show hardware details for Programming Lab.,hardware_query,Programming Lab,,,
q08317,Suggest an OS for computers in Block A.,os_recommendation,Block A,Linux Mint 22,,
q08318,Recommend the best OS for Programming Lab.,os_recommendation,Programming Lab,Debian 13,,
q08319,Best operating system for Library?,os_recommendation,Library,Ubuntu 24.04,,
q08320,Which systems support VS Code in Network Lab?,software_compatibility_check,Network Lab,,Visual Studio Code,
q08321,Which systems support Blender in AI Lab?,software_compatibility_check,AI Lab,,Blender,
q08322,Which operating system is most suitable for Programming Lab?,os_recommendation,Programming Lab,Debian 13,,
q08323,What upgrades are required in Lab 1?,upgrade_planning,Lab 1,Ubuntu 24.04,Oracle Database,GPU
q08324,List computers with SSD in Lab 1.,hardware_query,Lab 1,,,
q08325,Find systems needing Secure Boot.,upgrade_planning,Lab 2,Ubuntu 24.04,Android Studio,Secure Boot
q08326,List machines in Programming Lab that meet Windows 10 requirements.,os_compatibility_check,Programming Lab,Windows 10,,
q08327,Find software that runs on Block B.,reverse_software_lookup,Block B,,Blender,
q08328,Suggest an OS for computers in Library.,os_recommendation,Library,Fedora 42,,
q08329,Which operating system is most suitable for Lab 1?,os_recommendation,Lab 1,Windows 10,,
q08330,Which PCs in Block B have 8 GB RAM?,hardware_query,Block B,,,
q08331,Find systems needing CPU.,upgrade_planning,Lab 2,Ubuntu 24.04,Visual Studio Code,CPU
q08332,Find systems needing CPU.,upgrade_planning,Network Lab,Linux Mint 22,MATLAB,CPU
q08333,Can systems in Programming Lab support Windows 10?,os_compatibility_check,Programming Lab,Windows 10,,
q08334,Best operating system for Network Lab?,os_recommendation,Network Lab,Linux Mint 22,,
q08335,Plan upgrades for Block B to run Debian 13.,upgrade_planning,Block B,Debian 13,Oracle Database,TPM
q08336,Recommend the best OS for Library.,os_recommendation,Library,Windows 10,,
q08337,Which PCs in Block C have 8 GB RAM?,hardware_query,Block C,,,
q08338,List machines in Lab 2 that meet Fedora 42 requirements.,os_compatibility_check,Lab 2,Fedora 42,,
q08339,Check Android Studio compatibility for AI Lab.,software_compatibility_check,AI Lab,,Android Studio,
q08340,Best operating system for Block B?,os_recommendation,Block B,Ubuntu 24.04,,
q08341,Suggest an OS for computers in Block B.,os_recommendation,Block B,Debian 13,,
q08342,Which software can run on computers in AI Lab?,reverse_software_lookup,AI Lab,,PyCharm,
q08343,Can systems in Programming Lab support Linux Mint 22?,os_compatibility_check,Programming Lab,Linux Mint 22,,
q08344,Plan upgrades for Block B to run Debian 13.,upgrade_planning,Block B,Debian 13,Oracle Database,TPM
q08345,Can systems in Block C support Debian 13?,os_compatibility_check,Block C,Debian 13,,
q08346,Recommend the best OS for Block A.,os_recommendation,Block A,Windows 10,,
q08347,List software supported by PCs in Network Lab.,reverse_software_lookup,Network Lab,,Android Studio,
q08348,Which systems support PyCharm in Block B?,software_compatibility_check,Block B,,PyCharm,
q08349,Which software can run on computers in AI Lab?,reverse_software_lookup,AI Lab,,Blender,
q08350,Best operating system for Block C?,os_recommendation,Block C,Windows 10,,
q08351,What upgrades are required in Network Lab?,upgrade_planning,Network Lab,Ubuntu 24.04,Android Studio,Secure Boot
q08352,Find software that runs on Block B.,reverse_software_lookup,Block B,,AutoCAD,
q08353,Can systems in Block A support Windows 11?,os_compatibility_check,Block A,Windows 11,,
q08354,Which computers need TPM for AutoCAD 2026?,upgrade_planning,Block C,Debian 13,AutoCAD,TPM
q08355,Which computers need GPU for AutoCAD 2026?,upgrade_planning,Library,Windows 10,AutoCAD,GPU
q08356,Can systems in Library support Fedora 42?,os_compatibility_check,Library,Fedora 42,,
q08357,What upgrades are required in Lab 2?,upgrade_planning,Lab 2,Ubuntu 24.04,Blender,Secure Boot
q08358,Which operating system is most suitable for Block A?,os_recommendation,Block A,Windows 11,,
q08359,List computers with SSD in Lab 2.,hardware_query,Lab 2,,,
q08360,Check AutoCAD 2026 compatibility for Block C.,software_compatibility_check,Block C,,AutoCAD,
q08361,Check PyCharm compatibility for AI Lab.,software_compatibility_check,AI Lab,,PyCharm,
q08362,Find systems needing Secure Boot.,upgrade_planning,Lab 1,Fedora 42,PyCharm,Secure Boot
q08363,Which operating system is most suitable for AI Lab?,os_recommendation,AI Lab,Windows 11,,
q08364,Plan upgrades for Lab 2 to run Debian 13.,upgrade_planning,Lab 2,Debian 13,PyCharm,CPU
q08365,Show PCs in Lab 1 incompatible with Windows 11.,os_compatibility_check,Lab 1,Windows 11,,
q08366,Plan upgrades for Block A to run Debian 13.,upgrade_planning,Block A,Debian 13,VMware Workstation,Storage
q08367,Can systems in Programming Lab support Linux Mint 22?,os_compatibility_check,Programming Lab,Linux Mint 22,,
q08368,Which PCs in Lab 1 have 8 GB RAM?,hardware_query,Lab 1,,,
q08369,Best operating system for Block C?,os_recommendation,Block C,Linux Mint 22,,
q08370,Check PyCharm compatibility for Block A.,software_compatibility_check,Block A,,PyCharm,
q08371,List machines in Lab 2 that meet Windows 11 requirements.,os_compatibility_check,Lab 2,Windows 11,,
q08372,Best operating system for Block A?,os_recommendation,Block A,Fedora 42,,
q08373,Best operating system for Programming Lab?,os_recommendation,Programming Lab,Windows 11,,
q08374,What upgrades are required in Block B?,upgrade_planning,Block B,Linux Mint 22,Visual Studio Code,GPU
q08375,Which computers in Lab 2 can run Windows 11?,os_compatibility_check,Lab 2,Windows 11,,
q08376,Which computers in Lab 2 can run Windows 11?,os_compatibility_check,Lab 2,Windows 11,,
q08377,Find systems needing Secure Boot.,upgrade_planning,Lab 2,Ubuntu 24.04,MATLAB,Secure Boot
q08378,Suggest an OS for computers in Block B.,os_recommendation,Block B,Windows 11,,
q08379,Check PyCharm compatibility for Programming Lab.,software_compatibility_check,Programming Lab,,PyCharm,
q08380,Which software can run on computers in Programming Lab?,reverse_software_lookup,Programming Lab,,Oracle Database,
q08381,Recommend the best OS for Network Lab.,os_recommendation,Network Lab,Ubuntu 24.04,,
q08382,Is Oracle Database supported in Block B?,software_compatibility_check,Block B,,Oracle Database,
q08383,Show hardware details for Block A.,hardware_query,Block A,,,
q08384,Which computers in Library can run Windows 11?,os_compatibility_check,Library,Windows 11,,
q08385,Show hardware details for AI Lab.,hardware_query,AI Lab,,,
q08386,Best operating system for Block C?,os_recommendation,Block C,Linux Mint 22,,
q08387,Find systems needing Secure Boot.,upgrade_planning,Network Lab,Fedora 42,Oracle Database,Secure Boot
q08388,Suggest an OS for computers in Block A.,os_recommendation,Block A,Ubuntu 24.04,,
q08389,Which systems support AutoCAD 2026 in Lab 2?,software_compatibility_check,Lab 2,,AutoCAD,
q08390,List software supported by PCs in AI Lab.,reverse_software_lookup,AI Lab,,AutoCAD,
q08391,Which computers need GPU for PyCharm?,upgrade_planning,AI Lab,Windows 11,PyCharm,GPU
q08392,Which computers need Storage for Blender?,upgrade_planning,AI Lab,Windows 10,Blender,Storage
q08393,Which computers need TPM for Android Studio?,upgrade_planning,Lab 2,Linux Mint 22,Android Studio,TPM
q08394,Which systems support MATLAB in Library?,software_compatibility_check,Library,,MATLAB,
q08395,Display CPU details for AI Lab.,hardware_query,AI Lab,,,
q08396,Which computers in AI Lab can run Linux Mint 22?,os_compatibility_check,AI Lab,Linux Mint 22,,
q08397,Can systems in AI Lab support Ubuntu 24.04?,os_compatibility_check,AI Lab,Ubuntu 24.04,,
q08398,Which PCs in Block C have 8 GB RAM?,hardware_query,Block C,,,
q08399,Show hardware details for Library.,hardware_query,Library,,,
q08400,What upgrades are required in Lab 2?,upgrade_planning,Lab 2,Windows 10,PyCharm,Secure Boot
q08401,Show PCs in AI Lab incompatible with Debian 13.,os_compatibility_check,AI Lab,Debian 13,,
q08402,Which systems support Android Studio in Lab 2?,software_compatibility_check,Lab 2,,Android Studio,
q08403,Show PCs in Block B incompatible with Linux Mint 22.,os_compatibility_check,Block B,Linux Mint 22,,
q08404,Show PCs in Programming Lab incompatible with Fedora 42.,os_compatibility_check,Programming Lab,Fedora 42,,
q08405,Which systems support PyCharm in Block C?,software_compatibility_check,Block C,,PyCharm,
q08406,Check VS Code compatibility for Library.,software_compatibility_check,Library,,Visual Studio Code,
q08407,Is Blender supported in Block A?,software_compatibility_check,Block A,,Blender,
q08408,Display CPU details for AI Lab.,hardware_query,AI Lab,,,
q08409,Which computers in Programming Lab can run Linux Mint 22?,os_compatibility_check,Programming Lab,Linux Mint 22,,
q08410,Can computers in Library run AutoCAD 2026?,software_compatibility_check,Library,,AutoCAD,
q08411,Which operating system is most suitable for AI Lab?,os_recommendation,AI Lab,Ubuntu 24.04,,
q08412,Check Oracle Database compatibility for Block A.,software_compatibility_check,Block A,,Oracle Database,
q08413,Plan upgrades for Library to run Fedora 42.,upgrade_planning,Library,Fedora 42,AutoCAD,CPU
q08414,Plan upgrades for Network Lab to run Linux Mint 22.,upgrade_planning,Network Lab,Linux Mint 22,MATLAB,TPM
q08415,Which operating system is most suitable for Block A?,os_recommendation,Block A,Windows 11,,
q08416,Can computers in Block B run Android Studio?,software_compatibility_check,Block B,,Android Studio,
q08417,Best operating system for Block C?,os_recommendation,Block C,Debian 13,,
q08418,Show hardware details for AI Lab.,hardware_query,AI Lab,,,
q08419,Can computers in Block B run VMware Workstation?,software_compatibility_check,Block B,,VMware Workstation,
q08420,Which systems support MATLAB in Block C?,software_compatibility_check,Block C,,MATLAB,
q08421,Which software can run on computers in Library?,reverse_software_lookup,Library,,MATLAB,
q08422,Which computers in Network Lab can run Debian 13?,os_compatibility_check,Network Lab,Debian 13,,
q08423,Can computers in Programming Lab run Android Studio?,software_compatibility_check,Programming Lab,,Android Studio,
q08424,What applications are compatible with AI Lab computers?,reverse_software_lookup,AI Lab,,PyCharm,
q08425,Plan upgrades for Block A to run Fedora 42.,upgrade_planning,Block A,Fedora 42,MATLAB,RAM upgrade
q08426,Which computers need GPU for MATLAB?,upgrade_planning,AI Lab,Ubuntu 24.04,MATLAB,GPU
q08427,Which computers need CPU for Blender?,upgrade_planning,Network Lab,Windows 10,Blender,CPU
q08428,Show PCs in Lab 1 incompatible with Windows 11.,os_compatibility_check,Lab 1,Windows 11,,
q08429,Which computers in Block B can run Windows 10?,os_compatibility_check,Block B,Windows 10,,
q08430,Can systems in Lab 2 support Fedora 42?,os_compatibility_check,Lab 2,Fedora 42,,
q08431,Which systems support Android Studio in Network Lab?,software_compatibility_check,Network Lab,,Android Studio,
q08432,List computers with SSD in Block A.,hardware_query,Block A,,,
q08433,Which computers need GPU for VS Code?,upgrade_planning,Block A,Windows 10,Visual Studio Code,GPU
q08434,Which software can run on computers in Block C?,reverse_software_lookup,Block C,,MATLAB,
q08435,What upgrades are required in Block B?,upgrade_planning,Block B,Windows 11,PyCharm,TPM
q08436,What applications are compatible with Library computers?,reverse_software_lookup,Library,,Blender,
q08437,Can computers in Lab 2 run Oracle Database?,software_compatibility_check,Lab 2,,Oracle Database,
q08438,Recommend the best OS for Network Lab.,os_recommendation,Network Lab,Ubuntu 24.04,,
q08439,Can computers in Programming Lab run PyCharm?,software_compatibility_check,Programming Lab,,PyCharm,
q08440,Best operating system for Library?,os_recommendation,Library,Debian 13,,
q08441,Plan upgrades for Block B to run Windows 10.,upgrade_planning,Block B,Windows 10,Visual Studio Code,TPM
q08442,Can computers in AI Lab run MATLAB?,software_compatibility_check,AI Lab,,MATLAB,
q08443,Which systems support PyCharm in Block C?,software_compatibility_check,Block C,,PyCharm,
q08444,Best operating system for Block A?,os_recommendation,Block A,Ubuntu 24.04,,
q08445,List computers with SSD in Lab 2.,hardware_query,Lab 2,,,
q08446,What upgrades are required in Network Lab?,upgrade_planning,Network Lab,Linux Mint 22,MATLAB,CPU
q08447,Which PCs in Network Lab have 8 GB RAM?,hardware_query,Network Lab,,,
q08448,Which computers need Storage for AutoCAD 2026?,upgrade_planning,Network Lab,Windows 10,AutoCAD,Storage
q08449,List computers with SSD in Library.,hardware_query,Library,,,
q08450,Plan upgrades for Programming Lab to run Windows 11.,upgrade_planning,Programming Lab,Windows 11,MATLAB,TPM
q08451,List computers with SSD in Block A.,hardware_query,Block A,,,
q08452,Suggest an OS for computers in AI Lab.,os_recommendation,AI Lab,Windows 10,,
q08453,Which software can run on computers in AI Lab?,reverse_software_lookup,AI Lab,,MATLAB,
q08454,List computers with SSD in Programming Lab.,hardware_query,Programming Lab,,,
q08455,Which computers in Network Lab can run Linux Mint 22?,os_compatibility_check,Network Lab,Linux Mint 22,,
q08456,Which software can run on computers in Block B?,reverse_software_lookup,Block B,,Android Studio,
q08457,Display CPU details for Library.,hardware_query,Library,,,
q08458,List computers with SSD in Network Lab.,hardware_query,Network Lab,,,
q08459,Check VS Code compatibility for Programming Lab.,software_compatibility_check,Programming Lab,,Visual Studio Code,
q08460,Show PCs in Block C incompatible with Fedora 42.,os_compatibility_check,Block C,Fedora 42,,
q08461,Which operating system is most suitable for Network Lab?,os_recommendation,Network Lab,Ubuntu 24.04,,
q08462,Display CPU details for Lab 2.,hardware_query,Lab 2,,,
q08463,Plan upgrades for Lab 2 to run Linux Mint 22.,upgrade_planning,Lab 2,Linux Mint 22,Oracle Database,Secure Boot
q08464,Display CPU details for AI Lab.,hardware_query,AI Lab,,,
q08465,List machines in Library that meet Linux Mint 22 requirements.,os_compatibility_check,Library,Linux Mint 22,,
q08466,Find software that runs on Block B.,reverse_software_lookup,Block B,,MATLAB,
q08467,Which systems support PyCharm in Block C?,software_compatibility_check,Block C,,PyCharm,
q08468,What upgrades are required in Block C?,upgrade_planning,Block C,Windows 11,Blender,CPU
q08469,Can systems in Block A support Windows 11?,os_compatibility_check,Block A,Windows 11,,
q08470,Plan upgrades for AI Lab to run Linux Mint 22.,upgrade_planning,AI Lab,Linux Mint 22,MATLAB,Storage
q08471,What applications are compatible with Block A computers?,reverse_software_lookup,Block A,,Oracle Database,
q08472,Suggest an OS for computers in Lab 2.,os_recommendation,Lab 2,Debian 13,,
q08473,Which PCs in Block B have 8 GB RAM?,hardware_query,Block B,,,
q08474,List software supported by PCs in Lab 2.,reverse_software_lookup,Lab 2,,AutoCAD,
q08475,Best operating system for Library?,os_recommendation,Library,Linux Mint 22,,
q08476,Can computers in Network Lab run MATLAB?,software_compatibility_check,Network Lab,,MATLAB,
q08477,List computers with SSD in Lab 1.,hardware_query,Lab 1,,,
q08478,Check Blender compatibility for Block B.,software_compatibility_check,Block B,,Blender,
q08479,List software supported by PCs in Network Lab.,reverse_software_lookup,Network Lab,,VMware Workstation,
q08480,Check Android Studio compatibility for Block B.,software_compatibility_check,Block B,,Android Studio,
q08481,Which PCs in Library have 8 GB RAM?,hardware_query,Library,,,
q08482,What applications are compatible with Network Lab computers?,reverse_software_lookup,Network Lab,,Android Studio,
q08483,List machines in AI Lab that meet Debian 13 requirements.,os_compatibility_check,AI Lab,Debian 13,,
q08484,Is VMware Workstation supported in Programming Lab?,software_compatibility_check,Programming Lab,,VMware Workstation,
q08485,Plan upgrades for Block C to run Windows 10.,upgrade_planning,Block C,Windows 10,AutoCAD,TPM
q08486,Which operating system is most suitable for Library?,os_recommendation,Library,Linux Mint 22,,
q08487,Plan upgrades for Block C to run Ubuntu 24.04.,upgrade_planning,Block C,Ubuntu 24.04,Android Studio,GPU
q08488,Display CPU details for Block C.,hardware_query,Block C,,,
q08489,Which computers in Programming Lab can run Debian 13?,os_compatibility_check,Programming Lab,Debian 13,,
q08490,Display CPU details for Block A.,hardware_query,Block A,,,
q08491,What upgrades are required in Block A?,upgrade_planning,Block A,Windows 11,PyCharm,TPM
q08492,List machines in Block B that meet Windows 11 requirements.,os_compatibility_check,Block B,Windows 11,,
q08493,List software supported by PCs in Library.,reverse_software_lookup,Library,,Blender,
q08494,Display CPU details for AI Lab.,hardware_query,AI Lab,,,
q08495,Show PCs in Lab 2 incompatible with Fedora 42.,os_compatibility_check,Lab 2,Fedora 42,,
q08496,Which computers need CPU for MATLAB?,upgrade_planning,Lab 2,Windows 11,MATLAB,CPU
q08497,What applications are compatible with Block B computers?,reverse_software_lookup,Block B,,PyCharm,
q08498,Display CPU details for Library.,hardware_query,Library,,,
q08499,What upgrades are required in Block C?,upgrade_planning,Block C,Linux Mint 22,Android Studio,RAM upgrade
q08500,Which computers in Programming Lab can run Windows 10?,os_compatibility_check,Programming Lab,Windows 10,,
q08501,Check Blender compatibility for AI Lab.,software_compatibility_check,AI Lab,,Blender,
q08502,Which operating system is most suitable for Lab 2?,os_recommendation,Lab 2,Ubuntu 24.04,,
q08503,Is MATLAB supported in Block C?,software_compatibility_check,Block C,,MATLAB,
q08504,Recommend the best OS for Block A.,os_recommendation,Block A,Windows 10,,
q08505,Best operating system for Programming Lab?,os_recommendation,Programming Lab,Ubuntu 24.04,,
q08506,Show PCs in Block A incompatible with Windows 11.,os_compatibility_check,Block A,Windows 11,,
q08507,Best operating system for AI Lab?,os_recommendation,AI Lab,Windows 11,,
q08508,List machines in Lab 1 that meet Ubuntu 24.04 requirements.,os_compatibility_check,Lab 1,Ubuntu 24.04,,
q08509,List computers with SSD in Network Lab.,hardware_query,Network Lab,,,
q08510,Which operating system is most suitable for AI Lab?,os_recommendation,AI Lab,Windows 11,,
q08511,Show PCs in Block B incompatible with Debian 13.,os_compatibility_check,Block B,Debian 13,,
q08512,Check Android Studio compatibility for Block A.,software_compatibility_check,Block A,,Android Studio,
q08513,Can systems in Lab 2 support Windows 11?,os_compatibility_check,Lab 2,Windows 11,,
q08514,Plan upgrades for Network Lab to run Linux Mint 22.,upgrade_planning,Network Lab,Linux Mint 22,VMware Workstation,Storage
q08515,Can computers in Block C run Blender?,software_compatibility_check,Block C,,Blender,
q08516,Recommend the best OS for Block B.,os_recommendation,Block B,Debian 13,,
q08517,What applications are compatible with Block B computers?,reverse_software_lookup,Block B,,PyCharm,
q08518,Check VS Code compatibility for Block A.,software_compatibility_check,Block A,,Visual Studio Code,
q08519,Can computers in Library run AutoCAD 2026?,software_compatibility_check,Library,,AutoCAD,
q08520,Check Blender compatibility for Lab 2.,software_compatibility_check,Lab 2,,Blender,
q08521,Best operating system for Block A?,os_recommendation,Block A,Ubuntu 24.04,,
q08522,Which computers need Secure Boot for VS Code?,upgrade_planning,AI Lab,Linux Mint 22,Visual Studio Code,Secure Boot
q08523,Is Blender supported in Lab 1?,software_compatibility_check,Lab 1,,Blender,
q08524,Find systems needing GPU.,upgrade_planning,Lab 2,Windows 11,Blender,GPU
q08525,Recommend the best OS for Block C.,os_recommendation,Block C,Ubuntu 24.04,,
q08526,What applications are compatible with Block C computers?,reverse_software_lookup,Block C,,VMware Workstation,
q08527,Show PCs in Programming Lab incompatible with Windows 11.,os_compatibility_check,Programming Lab,Windows 11,,
q08528,List computers with SSD in Block B.,hardware_query,Block B,,,
q08529,What upgrades are required in Block C?,upgrade_planning,Block C,Debian 13,Blender,CPU
q08530,What applications are compatible with Lab 1 computers?,reverse_software_lookup,Lab 1,,AutoCAD,
q08531,Best operating system for Network Lab?,os_recommendation,Network Lab,Linux Mint 22,,
q08532,Find software that runs on Block A.,reverse_software_lookup,Block A,,VMware Workstation,
q08533,Check Android Studio compatibility for AI Lab.,software_compatibility_check,AI Lab,,Android Studio,
q08534,Which software can run on computers in Lab 2?,reverse_software_lookup,Lab 2,,VMware Workstation,
q08535,List computers with SSD in Lab 1.,hardware_query,Lab 1,,,
q08536,Recommend the best OS for Lab 2.,os_recommendation,Lab 2,Debian 13,,
q08537,Recommend the best OS for Block B.,os_recommendation,Block B,Windows 10,,
q08538,List machines in Network Lab that meet Debian 13 requirements.,os_compatibility_check,Network Lab,Debian 13,,
q08539,Which computers in Library can run Ubuntu 24.04?,os_compatibility_check,Library,Ubuntu 24.04,,
q08540,Which PCs in AI Lab have 8 GB RAM?,hardware_query,AI Lab,,,
q08541,Which systems support VMware Workstation in Lab 1?,software_compatibility_check,Lab 1,,VMware Workstation,
q08542,Recommend the best OS for Block A.,os_recommendation,Block A,Linux Mint 22,,
q08543,List software supported by PCs in Lab 2.,reverse_software_lookup,Lab 2,,VMware Workstation,
q08544,Suggest an OS for computers in Library.,os_recommendation,Library,Windows 10,,
q08545,List computers with SSD in Network Lab.,hardware_query,Network Lab,,,
q08546,Can computers in AI Lab run AutoCAD 2026?,software_compatibility_check,AI Lab,,AutoCAD,
q08547,Display CPU details for Library.,hardware_query,Library,,,
q08548,Is Android Studio supported in Lab 2?,software_compatibility_check,Lab 2,,Android Studio,
q08549,Best operating system for Block B?,os_recommendation,Block B,Windows 11,,
q08550,Which computers need Storage for AutoCAD 2026?,upgrade_planning,Programming Lab,Ubuntu 24.04,AutoCAD,Storage
q08551,Check MATLAB compatibility for Lab 2.,software_compatibility_check,Lab 2,,MATLAB,
q08552,List machines in AI Lab that meet Fedora 42 requirements.,os_compatibility_check,AI Lab,Fedora 42,,
q08553,Recommend the best OS for AI Lab.,os_recommendation,AI Lab,Debian 13,,
q08554,Which systems support VS Code in Library?,software_compatibility_check,Library,,Visual Studio Code,
q08555,Can computers in Block B run VMware Workstation?,software_compatibility_check,Block B,,VMware Workstation,
q08556,List computers with SSD in Lab 2.,hardware_query,Lab 2,,,
q08557,What applications are compatible with Block C computers?,reverse_software_lookup,Block C,,MATLAB,
q08558,Plan upgrades for Programming Lab to run Linux Mint 22.,upgrade_planning,Programming Lab,Linux Mint 22,Oracle Database,TPM
q08559,Show PCs in Block A incompatible with Fedora 42.,os_compatibility_check,Block A,Fedora 42,,
q08560,Which computers need TPM for VMware Workstation?,upgrade_planning,Block B,Linux Mint 22,VMware Workstation,TPM
q08561,Check AutoCAD 2026 compatibility for Block A.,software_compatibility_check,Block A,,AutoCAD,
q08562,Which computers need RAM upgrade for Android Studio?,upgrade_planning,Programming Lab,Debian 13,Android Studio,RAM upgrade
q08563,Can systems in Network Lab support Linux Mint 22?,os_compatibility_check,Network Lab,Linux Mint 22,,
q08564,Display CPU details for Block A.,hardware_query,Block A,,,
q08565,Best operating system for Library?,os_recommendation,Library,Fedora 42,,
q08566,Can systems in Network Lab support Debian 13?,os_compatibility_check,Network Lab,Debian 13,,
q08567,Find software that runs on Lab 1.,reverse_software_lookup,Lab 1,,Blender,
q08568,Find systems needing GPU.,upgrade_planning,Lab 2,Debian 13,PyCharm,GPU
q08569,Show PCs in Block B incompatible with Fedora 42.,os_compatibility_check,Block B,Fedora 42,,
q08570,Find software that runs on Programming Lab.,reverse_software_lookup,Programming Lab,,Visual Studio Code,
q08571,List computers with SSD in Block B.,hardware_query,Block B,,,
q08572,Which computers need Secure Boot for AutoCAD 2026?,upgrade_planning,Programming Lab,Debian 13,AutoCAD,Secure Boot
q08573,Which operating system is most suitable for Lab 1?,os_recommendation,Lab 1,Debian 13,,
q08574,Best operating system for Block A?,os_recommendation,Block A,Ubuntu 24.04,,
q08575,What upgrades are required in Network Lab?,upgrade_planning,Network Lab,Fedora 42,AutoCAD,Secure Boot
q08576,Show PCs in Block B incompatible with Windows 10.,os_compatibility_check,Block B,Windows 10,,
q08577,Show PCs in Programming Lab incompatible with Windows 10.,os_compatibility_check,Programming Lab,Windows 10,,
q08578,Which systems support MATLAB in Block A?,software_compatibility_check,Block A,,MATLAB,
q08579,List computers with SSD in Network Lab.,hardware_query,Network Lab,,,
q08580,Find software that runs on Lab 1.,reverse_software_lookup,Lab 1,,AutoCAD,
q08581,Which systems support Oracle Database in Block C?,software_compatibility_check,Block C,,Oracle Database,
q08582,Show hardware details for Library.,hardware_query,Library,,,
q08583,What upgrades are required in Lab 2?,upgrade_planning,Lab 2,Fedora 42,Android Studio,Storage
q08584,Check PyCharm compatibility for Programming Lab.,software_compatibility_check,Programming Lab,,PyCharm,
q08585,Show PCs in Lab 2 incompatible with Windows 11.,os_compatibility_check,Lab 2,Windows 11,,
q08586,Plan upgrades for Block B to run Windows 10.,upgrade_planning,Block B,Windows 10,MATLAB,GPU
q08587,Which operating system is most suitable for Lab 1?,os_recommendation,Lab 1,Ubuntu 24.04,,
q08588,Can computers in AI Lab run MATLAB?,software_compatibility_check,AI Lab,,MATLAB,
q08589,Can systems in AI Lab support Windows 10?,os_compatibility_check,AI Lab,Windows 10,,
q08590,Plan upgrades for AI Lab to run Windows 11.,upgrade_planning,AI Lab,Windows 11,Visual Studio Code,Secure Boot
q08591,Suggest an OS for computers in Block C.,os_recommendation,Block C,Windows 10,,
q08592,Recommend the best OS for Lab 1.,os_recommendation,Lab 1,Debian 13,,
q08593,Find systems needing GPU.,upgrade_planning,Network Lab,Ubuntu 24.04,VMware Workstation,GPU
q08594,Can computers in Lab 1 run VS Code?,software_compatibility_check,Lab 1,,Visual Studio Code,
q08595,Best operating system for Network Lab?,os_recommendation,Network Lab,Fedora 42,,
q08596,Which PCs in Library have 8 GB RAM?,hardware_query,Library,,,
q08597,Find software that runs on Network Lab.,reverse_software_lookup,Network Lab,,PyCharm,
q08598,Best operating system for Lab 1?,os_recommendation,Lab 1,Ubuntu 24.04,,
q08599,List machines in Block A that meet Windows 11 requirements.,os_compatibility_check,Block A,Windows 11,,
q08600,Show PCs in Block A incompatible with Debian 13.,os_compatibility_check,Block A,Debian 13,,
q08601,What applications are compatible with Library computers?,reverse_software_lookup,Library,,Android Studio,
q08602,Which computers in Library can run Linux Mint 22?,os_compatibility_check,Library,Linux Mint 22,,
q08603,Which software can run on computers in AI Lab?,reverse_software_lookup,AI Lab,,Visual Studio Code,
q08604,Display CPU details for Block B.,hardware_query,Block B,,,
q08605,Best operating system for Block C?,os_recommendation,Block C,Windows 11,,
q08606,List computers with SSD in Block C.,hardware_query,Block C,,,
q08607,What applications are compatible with Block A computers?,reverse_software_lookup,Block A,,VMware Workstation,
q08608,What upgrades are required in Block C?,upgrade_planning,Block C,Windows 10,Blender,RAM upgrade
q08609,What applications are compatible with Programming Lab computers?,reverse_software_lookup,Programming Lab,,PyCharm,
q08610,Show PCs in Lab 2 incompatible with Ubuntu 24.04.,os_compatibility_check,Lab 2,Ubuntu 24.04,,
q08611,Show PCs in Programming Lab incompatible with Fedora 42.,os_compatibility_check,Programming Lab,Fedora 42,,
q08612,Display CPU details for AI Lab.,hardware_query,AI Lab,,,
q08613,List software supported by PCs in Block B.,reverse_software_lookup,Block B,,PyCharm,
q08614,What upgrades are required in Lab 1?,upgrade_planning,Lab 1,Ubuntu 24.04,Android Studio,TPM
q08615,Best operating system for Lab 2?,os_recommendation,Lab 2,Ubuntu 24.04,,
q08616,Which computers in AI Lab can run Fedora 42?,os_compatibility_check,AI Lab,Fedora 42,,
q08617,Best operating system for Lab 2?,os_recommendation,Lab 2,Linux Mint 22,,
q08618,Can computers in Block B run VMware Workstation?,software_compatibility_check,Block B,,VMware Workstation,
q08619,Best operating system for Lab 1?,os_recommendation,Lab 1,Windows 11,,
q08620,Which PCs in Lab 2 have 8 GB RAM?,hardware_query,Lab 2,,,
q08621,Which PCs in Block A have 8 GB RAM?,hardware_query,Block A,,,
q08622,Check MATLAB compatibility for Programming Lab.,software_compatibility_check,Programming Lab,,MATLAB,
q08623,Which operating system is most suitable for Block C?,os_recommendation,Block C,Fedora 42,,
q08624,Recommend the best OS for AI Lab.,os_recommendation,AI Lab,Windows 10,,
q08625,Is VMware Workstation supported in Library?,software_compatibility_check,Library,,VMware Workstation,
q08626,Which computers need TPM for VMware Workstation?,upgrade_planning,Lab 2,Fedora 42,VMware Workstation,TPM
q08627,Which software can run on computers in Block B?,reverse_software_lookup,Block B,,AutoCAD,
q08628,List machines in Library that meet Debian 13 requirements.,os_compatibility_check,Library,Debian 13,,
q08629,Can computers in Block C run Blender?,software_compatibility_check,Block C,,Blender,
q08630,What applications are compatible with Block B computers?,reverse_software_lookup,Block B,,Blender,
q08631,Which systems support Blender in Block B?,software_compatibility_check,Block B,,Blender,
q08632,Best operating system for Library?,os_recommendation,Library,Fedora 42,,
q08633,Best operating system for AI Lab?,os_recommendation,AI Lab,Windows 10,,
q08634,Find software that runs on Network Lab.,reverse_software_lookup,Network Lab,,Visual Studio Code,
q08635,Check VMware Workstation compatibility for Lab 2.,software_compatibility_check,Lab 2,,VMware Workstation,
q08636,Best operating system for Network Lab?,os_recommendation,Network Lab,Ubuntu 24.04,,
q08637,Recommend the best OS for Block A.,os_recommendation,Block A,Windows 10,,
q08638,Which PCs in Network Lab have 8 GB RAM?,hardware_query,Network Lab,,,
q08639,List computers with SSD in Block C.,hardware_query,Block C,,,
q08640,What upgrades are required in Block C?,upgrade_planning,Block C,Fedora 42,AutoCAD,CPU
q08641,Which systems support AutoCAD 2026 in Block B?,software_compatibility_check,Block B,,AutoCAD,
q08642,Display CPU details for Lab 1.,hardware_query,Lab 1,,,
q08643,Is AutoCAD 2026 supported in Lab 2?,software_compatibility_check,Lab 2,,AutoCAD,
q08644,Which computers need GPU for Oracle Database?,upgrade_planning,Block C,Fedora 42,Oracle Database,GPU
q08645,Which systems support PyCharm in Library?,software_compatibility_check,Library,,PyCharm,
q08646,List software supported by PCs in Block A.,reverse_software_lookup,Block A,,Blender,
q08647,What upgrades are required in Lab 1?,upgrade_planning,Lab 1,Debian 13,Blender,TPM
q08648,Show hardware details for AI Lab.,hardware_query,AI Lab,,,
q08649,Show PCs in Block B incompatible with Linux Mint 22.,os_compatibility_check,Block B,Linux Mint 22,,
q08650,Which computers need Storage for MATLAB?,upgrade_planning,Block C,Linux Mint 22,MATLAB,Storage
q08651,List computers with SSD in Block C.,hardware_query,Block C,,,
q08652,Show PCs in Block B incompatible with Fedora 42.,os_compatibility_check,Block B,Fedora 42,,
q08653,Recommend the best OS for Network Lab.,os_recommendation,Network Lab,Ubuntu 24.04,,
q08654,Suggest an OS for computers in Lab 1.,os_recommendation,Lab 1,Windows 10,,
q08655,What upgrades are required in Programming Lab?,upgrade_planning,Programming Lab,Linux Mint 22,Visual Studio Code,Secure Boot
q08656,Show PCs in Lab 1 incompatible with Debian 13.,os_compatibility_check,Lab 1,Debian 13,,
q08657,Is Android Studio supported in Library?,software_compatibility_check,Library,,Android Studio,
q08658,Is VS Code supported in Block C?,software_compatibility_check,Block C,,Visual Studio Code,
q08659,Suggest an OS for computers in Block B.,os_recommendation,Block B,Ubuntu 24.04,,
q08660,What upgrades are required in Lab 2?,upgrade_planning,Lab 2,Ubuntu 24.04,Blender,CPU
q08661,What upgrades are required in Block C?,upgrade_planning,Block C,Debian 13,VMware Workstation,Secure Boot
q08662,Which computers in Lab 1 can run Windows 10?,os_compatibility_check,Lab 1,Windows 10,,
q08663,Show PCs in Lab 1 incompatible with Windows 10.,os_compatibility_check,Lab 1,Windows 10,,
q08664,Which computers in Network Lab can run Ubuntu 24.04?,os_compatibility_check,Network Lab,Ubuntu 24.04,,
q08665,List software supported by PCs in Library.,reverse_software_lookup,Library,,Android Studio,
q08666,List machines in AI Lab that meet Windows 11 requirements.,os_compatibility_check,AI Lab,Windows 11,,
q08667,Show PCs in Lab 2 incompatible with Fedora 42.,os_compatibility_check,Lab 2,Fedora 42,,
q08668,Find software that runs on Lab 2.,reverse_software_lookup,Lab 2,,AutoCAD,
q08669,Recommend the best OS for Library.,os_recommendation,Library,Linux Mint 22,,
q08670,Find software that runs on Network Lab.,reverse_software_lookup,Network Lab,,Blender,
q08671,Is VMware Workstation supported in Block C?,software_compatibility_check,Block C,,VMware Workstation,
q08672,Which PCs in Block B have 8 GB RAM?,hardware_query,Block B,,,
q08673,Which software can run on computers in Library?,reverse_software_lookup,Library,,AutoCAD,
q08674,Which computers need TPM for Android Studio?,upgrade_planning,Programming Lab,Debian 13,Android Studio,TPM
q08675,Find systems needing GPU.,upgrade_planning,Block C,Windows 11,Blender,GPU
q08676,Check PyCharm compatibility for AI Lab.,software_compatibility_check,AI Lab,,PyCharm,
q08677,Which computers in Lab 1 can run Debian 13?,os_compatibility_check,Lab 1,Debian 13,,
q08678,List computers with SSD in Block A.,hardware_query,Block A,,,
q08679,Which computers need Secure Boot for PyCharm?,upgrade_planning,Lab 2,Windows 10,PyCharm,Secure Boot
q08680,Which PCs in AI Lab have 8 GB RAM?,hardware_query,AI Lab,,,
q08681,Can computers in Lab 1 run Android Studio?,software_compatibility_check,Lab 1,,Android Studio,
q08682,Find systems needing TPM.,upgrade_planning,Block A,Ubuntu 24.04,PyCharm,TPM
q08683,Which systems support VS Code in Block B?,software_compatibility_check,Block B,,Visual Studio Code,
q08684,Show PCs in Block B incompatible with Linux Mint 22.,os_compatibility_check,Block B,Linux Mint 22,,
q08685,Which computers need TPM for VMware Workstation?,upgrade_planning,Block A,Debian 13,VMware Workstation,TPM
q08686,Recommend the best OS for Lab 2.,os_recommendation,Lab 2,Windows 10,,
q08687,Recommend the best OS for AI Lab.,os_recommendation,AI Lab,Debian 13,,
q08688,Which software can run on computers in Library?,reverse_software_lookup,Library,,PyCharm,
q08689,Which computers in Lab 1 can run Fedora 42?,os_compatibility_check,Lab 1,Fedora 42,,
q08690,Suggest an OS for computers in Block A.,os_recommendation,Block A,Debian 13,,
q08691,Which PCs in Library have 8 GB RAM?,hardware_query,Library,,,
q08692,Which PCs in Lab 1 have 8 GB RAM?,hardware_query,Lab 1,,,
q08693,Display CPU details for Block A.,hardware_query,Block A,,,
q08694,Which operating system is most suitable for Block C?,os_recommendation,Block C,Debian 13,,
q08695,Which software can run on computers in Lab 1?,reverse_software_lookup,Lab 1,,Android Studio,
q08696,Find software that runs on Programming Lab.,reverse_software_lookup,Programming Lab,,Visual Studio Code,
q08697,Check Android Studio compatibility for Programming Lab.,software_compatibility_check,Programming Lab,,Android Studio,
q08698,Best operating system for Lab 2?,os_recommendation,Lab 2,Ubuntu 24.04,,
q08699,Can systems in Lab 1 support Linux Mint 22?,os_compatibility_check,Lab 1,Linux Mint 22,,
q08700,Recommend the best OS for Lab 2.,os_recommendation,Lab 2,Windows 11,,
q08701,Find software that runs on Network Lab.,reverse_software_lookup,Network Lab,,Android Studio,
q08702,Which operating system is most suitable for Library?,os_recommendation,Library,Windows 11,,
q08703,What upgrades are required in AI Lab?,upgrade_planning,AI Lab,Fedora 42,Blender,Secure Boot
q08704,Is AutoCAD 2026 supported in Lab 2?,software_compatibility_check,Lab 2,,AutoCAD,
q08705,Show PCs in AI Lab incompatible with Windows 10.,os_compatibility_check,AI Lab,Windows 10,,
q08706,Show PCs in Block A incompatible with Windows 10.,os_compatibility_check,Block A,Windows 10,,
q08707,What applications are compatible with Network Lab computers?,reverse_software_lookup,Network Lab,,PyCharm,
q08708,Which computers need GPU for PyCharm?,upgrade_planning,Block A,Windows 10,PyCharm,GPU
q08709,Find systems needing RAM upgrade.,upgrade_planning,Block A,Linux Mint 22,Android Studio,RAM upgrade
q08710,What upgrades are required in Lab 1?,upgrade_planning,Lab 1,Fedora 42,AutoCAD,CPU
q08711,List computers with SSD in Block A.,hardware_query,Block A,,,
q08712,Which PCs in Network Lab have 8 GB RAM?,hardware_query,Network Lab,,,
q08713,Find software that runs on Block A.,reverse_software_lookup,Block A,,MATLAB,
q08714,Which operating system is most suitable for Block A?,os_recommendation,Block A,Windows 11,,
q08715,Best operating system for AI Lab?,os_recommendation,AI Lab,Ubuntu 24.04,,
q08716,What applications are compatible with Lab 1 computers?,reverse_software_lookup,Lab 1,,Oracle Database,
q08717,Check VMware Workstation compatibility for Lab 1.,software_compatibility_check,Lab 1,,VMware Workstation,
q08718,Show hardware details for Block B.,hardware_query,Block B,,,
q08719,Which computers in Lab 1 can run Debian 13?,os_compatibility_check,Lab 1,Debian 13,,
q08720,What applications are compatible with Library computers?,reverse_software_lookup,Library,,PyCharm,
q08721,Check VMware Workstation compatibility for Block A.,software_compatibility_check,Block A,,VMware Workstation,
q08722,Is Android Studio supported in Block A?,software_compatibility_check,Block A,,Android Studio,
q08723,Which operating system is most suitable for Network Lab?,os_recommendation,Network Lab,Debian 13,,
q08724,Find systems needing GPU.,upgrade_planning,Block C,Windows 11,Android Studio,GPU
q08725,Best operating system for Block B?,os_recommendation,Block B,Windows 10,,
q08726,What upgrades are required in Block C?,upgrade_planning,Block C,Windows 10,VMware Workstation,GPU
q08727,Plan upgrades for AI Lab to run Linux Mint 22.,upgrade_planning,AI Lab,Linux Mint 22,Visual Studio Code,RAM upgrade
q08728,List software supported by PCs in Lab 1.,reverse_software_lookup,Lab 1,,Android Studio,
q08729,Display CPU details for Block C.,hardware_query,Block C,,,
q08730,List software supported by PCs in AI Lab.,reverse_software_lookup,AI Lab,,Visual Studio Code,
q08731,Check AutoCAD 2026 compatibility for Lab 1.,software_compatibility_check,Lab 1,,AutoCAD,
q08732,Plan upgrades for Lab 2 to run Fedora 42.,upgrade_planning,Lab 2,Fedora 42,Oracle Database,Secure Boot
q08733,What applications are compatible with Block A computers?,reverse_software_lookup,Block A,,VMware Workstation,
q08734,What upgrades are required in Lab 1?,upgrade_planning,Lab 1,Windows 11,AutoCAD,TPM
q08735,Suggest an OS for computers in Block A.,os_recommendation,Block A,Ubuntu 24.04,,
q08736,List software supported by PCs in AI Lab.,reverse_software_lookup,AI Lab,,Oracle Database,
q08737,Can systems in Programming Lab support Linux Mint 22?,os_compatibility_check,Programming Lab,Linux Mint 22,,
q08738,Display CPU details for Block C.,hardware_query,Block C,,,
q08739,Is AutoCAD 2026 supported in Lab 1?,software_compatibility_check,Lab 1,,AutoCAD,
q08740,What applications are compatible with Block B computers?,reverse_software_lookup,Block B,,Oracle Database,
q08741,Which software can run on computers in Block C?,reverse_software_lookup,Block C,,Visual Studio Code,
q08742,Check AutoCAD 2026 compatibility for AI Lab.,software_compatibility_check,AI Lab,,AutoCAD,
q08743,What applications are compatible with Lab 2 computers?,reverse_software_lookup,Lab 2,,Oracle Database,
q08744,Plan upgrades for Network Lab to run Windows 10.,upgrade_planning,Network Lab,Windows 10,AutoCAD,Storage
q08745,List software supported by PCs in Programming Lab.,reverse_software_lookup,Programming Lab,,Visual Studio Code,
q08746,Which software can run on computers in Programming Lab?,reverse_software_lookup,Programming Lab,,VMware Workstation,
q08747,Which computers need Storage for PyCharm?,upgrade_planning,Block A,Fedora 42,PyCharm,Storage
q08748,Find software that runs on Library.,reverse_software_lookup,Library,,PyCharm,
q08749,List software supported by PCs in Block A.,reverse_software_lookup,Block A,,Visual Studio Code,
q08750,Which computers need GPU for VS Code?,upgrade_planning,Block C,Ubuntu 24.04,Visual Studio Code,GPU
q08751,Best operating system for Network Lab?,os_recommendation,Network Lab,Windows 10,,
q08752,Can computers in Block B run Oracle Database?,software_compatibility_check,Block B,,Oracle Database,
q08753,Which computers need GPU for VMware Workstation?,upgrade_planning,Block B,Ubuntu 24.04,VMware Workstation,GPU
q08754,Show PCs in Lab 1 incompatible with Linux Mint 22.,os_compatibility_check,Lab 1,Linux Mint 22,,
q08755,Find software that runs on Block C.,reverse_software_lookup,Block C,,Blender,
q08756,Show hardware details for Lab 1.,hardware_query,Lab 1,,,
q08757,List computers with SSD in AI Lab.,hardware_query,AI Lab,,,
q08758,Which operating system is most suitable for Block C?,os_recommendation,Block C,Fedora 42,,
q08759,Is Android Studio supported in Network Lab?,software_compatibility_check,Network Lab,,Android Studio,
q08760,Recommend the best OS for Programming Lab.,os_recommendation,Programming Lab,Windows 10,,
q08761,Recommend the best OS for Block C.,os_recommendation,Block C,Debian 13,,
q08762,Which computers in Lab 1 can run Fedora 42?,os_compatibility_check,Lab 1,Fedora 42,,
q08763,List machines in Block A that meet Windows 10 requirements.,os_compatibility_check,Block A,Windows 10,,
q08764,Which computers need RAM upgrade for VMware Workstation?,upgrade_planning,Block C,Debian 13,VMware Workstation,RAM upgrade
q08765,Best operating system for Library?,os_recommendation,Library,Debian 13,,
q08766,Which computers in AI Lab can run Fedora 42?,os_compatibility_check,AI Lab,Fedora 42,,
q08767,Which computers need CPU for VS Code?,upgrade_planning,Block B,Windows 11,Visual Studio Code,CPU
q08768,What upgrades are required in Block B?,upgrade_planning,Block B,Debian 13,PyCharm,Secure Boot
q08769,Which systems support PyCharm in Block A?,software_compatibility_check,Block A,,PyCharm,
q08770,Find systems needing CPU.,upgrade_planning,Lab 1,Windows 11,AutoCAD,CPU
q08771,List computers with SSD in Lab 1.,hardware_query,Lab 1,,,
q08772,Is Oracle Database supported in Network Lab?,software_compatibility_check,Network Lab,,Oracle Database,
q08773,Suggest an OS for computers in Block B.,os_recommendation,Block B,Linux Mint 22,,
q08774,List computers with SSD in Block A.,hardware_query,Block A,,,
q08775,Which computers in Block C can run Windows 11?,os_compatibility_check,Block C,Windows 11,,
q08776,Which software can run on computers in Block A?,reverse_software_lookup,Block A,,Android Studio,
q08777,Which computers in Block B can run Windows 11?,os_compatibility_check,Block B,Windows 11,,
q08778,List software supported by PCs in Lab 1.,reverse_software_lookup,Lab 1,,Visual Studio Code,
q08779,Which systems support VS Code in Programming Lab?,software_compatibility_check,Programming Lab,,Visual Studio Code,
q08780,Find software that runs on Lab 2.,reverse_software_lookup,Lab 2,,PyCharm,
q08781,Check AutoCAD 2026 compatibility for Lab 2.,software_compatibility_check,Lab 2,,AutoCAD,
q08782,Can systems in Block B support Debian 13?,os_compatibility_check,Block B,Debian 13,,
q08783,Best operating system for Library?,os_recommendation,Library,Windows 11,,
q08784,List machines in Library that meet Windows 10 requirements.,os_compatibility_check,Library,Windows 10,,
q08785,Which operating system is most suitable for Programming Lab?,os_recommendation,Programming Lab,Linux Mint 22,,
q08786,Which software can run on computers in AI Lab?,reverse_software_lookup,AI Lab,,Android Studio,
q08787,Find systems needing TPM.,upgrade_planning,Network Lab,Linux Mint 22,Blender,TPM
q08788,Show PCs in Lab 2 incompatible with Linux Mint 22.,os_compatibility_check,Lab 2,Linux Mint 22,,
q08789,Which operating system is most suitable for Block B?,os_recommendation,Block B,Linux Mint 22,,
q08790,Suggest an OS for computers in Lab 2.,os_recommendation,Lab 2,Ubuntu 24.04,,
q08791,List software supported by PCs in Block C.,reverse_software_lookup,Block C,,PyCharm,
q08792,Display CPU details for Lab 2.,hardware_query,Lab 2,,,
q08793,Which software can run on computers in Block B?,reverse_software_lookup,Block B,,MATLAB,
q08794,Suggest an OS for computers in Network Lab.,os_recommendation,Network Lab,Debian 13,,
q08795,List machines in Network Lab that meet Windows 11 requirements.,os_compatibility_check,Network Lab,Windows 11,,
q08796,Find systems needing Secure Boot.,upgrade_planning,Programming Lab,Windows 10,Android Studio,Secure Boot
q08797,Check Oracle Database compatibility for Block B.,software_compatibility_check,Block B,,Oracle Database,
q08798,Display CPU details for Block B.,hardware_query,Block B,,,
q08799,Best operating system for Block C?,os_recommendation,Block C,Linux Mint 22,,
q08800,What upgrades are required in Block B?,upgrade_planning,Block B,Linux Mint 22,Oracle Database,RAM upgrade
q08801,List software supported by PCs in Block B.,reverse_software_lookup,Block B,,PyCharm,
q08802,Can systems in Network Lab support Windows 10?,os_compatibility_check,Network Lab,Windows 10,,
q08803,Find systems needing GPU.,upgrade_planning,Lab 1,Fedora 42,Oracle Database,GPU
q08804,Find software that runs on Lab 1.,reverse_software_lookup,Lab 1,,Android Studio,
q08805,Recommend the best OS for Library.,os_recommendation,Library,Debian 13,,
q08806,List computers with SSD in Programming Lab.,hardware_query,Programming Lab,,,
q08807,List computers with SSD in Block B.,hardware_query,Block B,,,
q08808,List software supported by PCs in Lab 2.,reverse_software_lookup,Lab 2,,MATLAB,
q08809,Show hardware details for Lab 2.,hardware_query,Lab 2,,,
q08810,Suggest an OS for computers in Lab 1.,os_recommendation,Lab 1,Fedora 42,,
q08811,Which computers in Network Lab can run Linux Mint 22?,os_compatibility_check,Network Lab,Linux Mint 22,,
q08812,Show PCs in AI Lab incompatible with Fedora 42.,os_compatibility_check,AI Lab,Fedora 42,,
q08813,List software supported by PCs in Block B.,reverse_software_lookup,Block B,,Android Studio,
q08814,List computers with SSD in Block B.,hardware_query,Block B,,,
q08815,Is MATLAB supported in Library?,software_compatibility_check,Library,,MATLAB,
q08816,Recommend the best OS for Library.,os_recommendation,Library,Fedora 42,,
q08817,Which PCs in Library have 8 GB RAM?,hardware_query,Library,,,
q08818,Can systems in Network Lab support Fedora 42?,os_compatibility_check,Network Lab,Fedora 42,,
q08819,Which systems support MATLAB in Block B?,software_compatibility_check,Block B,,MATLAB,
q08820,Which operating system is most suitable for Block B?,os_recommendation,Block B,Windows 10,,
q08821,Which systems support Android Studio in AI Lab?,software_compatibility_check,AI Lab,,Android Studio,
q08822,Display CPU details for Library.,hardware_query,Library,,,
q08823,Can systems in Programming Lab support Windows 11?,os_compatibility_check,Programming Lab,Windows 11,,
q08824,Which PCs in Lab 1 have 8 GB RAM?,hardware_query,Lab 1,,,
q08825,Which PCs in Library have 8 GB RAM?,hardware_query,Library,,,
q08826,Which computers need CPU for Android Studio?,upgrade_planning,Programming Lab,Ubuntu 24.04,Android Studio,CPU
q08827,List computers with SSD in Library.,hardware_query,Library,,,
q08828,List machines in Block A that meet Windows 11 requirements.,os_compatibility_check,Block A,Windows 11,,
q08829,Show hardware details for Lab 2.,hardware_query,Lab 2,,,
q08830,Best operating system for AI Lab?,os_recommendation,AI Lab,Fedora 42,,
q08831,Can systems in Programming Lab support Windows 11?,os_compatibility_check,Programming Lab,Windows 11,,
q08832,Suggest an OS for computers in Lab 1.,os_recommendation,Lab 1,Debian 13,,
q08833,List machines in Block B that meet Windows 10 requirements.,os_compatibility_check,Block B,Windows 10,,
q08834,Which systems support AutoCAD 2026 in Lab 1?,software_compatibility_check,Lab 1,,AutoCAD,
q08835,Find software that runs on Block B.,reverse_software_lookup,Block B,,MATLAB,
q08836,Can systems in AI Lab support Fedora 42?,os_compatibility_check,AI Lab,Fedora 42,,
q08837,Which software can run on computers in AI Lab?,reverse_software_lookup,AI Lab,,Android Studio,
q08838,Which software can run on computers in Library?,reverse_software_lookup,Library,,AutoCAD,
q08839,Display CPU details for Block C.,hardware_query,Block C,,,
q08840,What applications are compatible with Block C computers?,reverse_software_lookup,Block C,,Oracle Database,
q08841,Can computers in Network Lab run Android Studio?,software_compatibility_check,Network Lab,,Android Studio,
q08842,Is Oracle Database supported in Network Lab?,software_compatibility_check,Network Lab,,Oracle Database,
q08843,Which software can run on computers in Programming Lab?,reverse_software_lookup,Programming Lab,,PyCharm,
q08844,Which computers in Lab 2 can run Ubuntu 24.04?,os_compatibility_check,Lab 2,Ubuntu 24.04,,
q08845,Which computers need Storage for AutoCAD 2026?,upgrade_planning,Block A,Windows 10,AutoCAD,Storage
q08846,What upgrades are required in Network Lab?,upgrade_planning,Network Lab,Ubuntu 24.04,Oracle Database,GPU
q08847,Is MATLAB supported in Programming Lab?,software_compatibility_check,Programming Lab,,MATLAB,
q08848,List machines in Programming Lab that meet Windows 11 requirements.,os_compatibility_check,Programming Lab,Windows 11,,
q08849,Which systems support MATLAB in Network Lab?,software_compatibility_check,Network Lab,,MATLAB,
q08850,Display CPU details for Lab 1.,hardware_query,Lab 1,,,
q08851,Is Android Studio supported in AI Lab?,software_compatibility_check,AI Lab,,Android Studio,
q08852,Display CPU details for Block B.,hardware_query,Block B,,,
q08853,Which computers in Lab 2 can run Windows 10?,os_compatibility_check,Lab 2,Windows 10,,
q08854,What upgrades are required in Network Lab?,upgrade_planning,Network Lab,Ubuntu 24.04,MATLAB,Secure Boot
q08855,Best operating system for Library?,os_recommendation,Library,Windows 11,,
q08856,Display CPU details for Network Lab.,hardware_query,Network Lab,,,
q08857,List software supported by PCs in Block A.,reverse_software_lookup,Block A,,VMware Workstation,
q08858,Can computers in Block C run VMware Workstation?,software_compatibility_check,Block C,,VMware Workstation,
q08859,Which PCs in Lab 2 have 8 GB RAM?,hardware_query,Lab 2,,,
q08860,What upgrades are required in Network Lab?,upgrade_planning,Network Lab,Fedora 42,Oracle Database,CPU
q08861,List machines in Lab 1 that meet Linux Mint 22 requirements.,os_compatibility_check,Lab 1,Linux Mint 22,,
q08862,Which systems support PyCharm in Block B?,software_compatibility_check,Block B,,PyCharm,
q08863,Can systems in Lab 2 support Linux Mint 22?,os_compatibility_check,Lab 2,Linux Mint 22,,
q08864,Check Blender compatibility for Network Lab.,software_compatibility_check,Network Lab,,Blender,
q08865,Show PCs in Block C incompatible with Linux Mint 22.,os_compatibility_check,Block C,Linux Mint 22,,
q08866,Which software can run on computers in Block B?,reverse_software_lookup,Block B,,Visual Studio Code,
q08867,Which software can run on computers in Block A?,reverse_software_lookup,Block A,,Android Studio,
q08868,Find software that runs on Lab 1.,reverse_software_lookup,Lab 1,,PyCharm,
q08869,Is Oracle Database supported in Block B?,software_compatibility_check,Block B,,Oracle Database,
q08870,Find software that runs on Block C.,reverse_software_lookup,Block C,,Oracle Database,
q08871,Plan upgrades for AI Lab to run Ubuntu 24.04.,upgrade_planning,AI Lab,Ubuntu 24.04,VMware Workstation,Storage
q08872,Show hardware details for Programming Lab.,hardware_query,Programming Lab,,,
q08873,Check AutoCAD 2026 compatibility for Block A.,software_compatibility_check,Block A,,AutoCAD,
q08874,Recommend the best OS for Network Lab.,os_recommendation,Network Lab,Linux Mint 22,,
q08875,Show hardware details for Network Lab.,hardware_query,Network Lab,,,
q08876,What applications are compatible with Library computers?,reverse_software_lookup,Library,,VMware Workstation,
q08877,Which systems support Oracle Database in AI Lab?,software_compatibility_check,AI Lab,,Oracle Database,
q08878,Check AutoCAD 2026 compatibility for Lab 2.,software_compatibility_check,Lab 2,,AutoCAD,
q08879,Display CPU details for Lab 2.,hardware_query,Lab 2,,,
q08880,What applications are compatible with Lab 1 computers?,reverse_software_lookup,Lab 1,,MATLAB,
q08881,Can computers in Network Lab run Blender?,software_compatibility_check,Network Lab,,Blender,
q08882,Display CPU details for Lab 2.,hardware_query,Lab 2,,,
q08883,Find systems needing Storage.,upgrade_planning,Block C,Debian 13,PyCharm,Storage
q08884,List machines in Programming Lab that meet Windows 10 requirements.,os_compatibility_check,Programming Lab,Windows 10,,
q08885,Find software that runs on Block C.,reverse_software_lookup,Block C,,PyCharm,
q08886,Which operating system is most suitable for Block C?,os_recommendation,Block C,Windows 11,,
q08887,Is MATLAB supported in Block C?,software_compatibility_check,Block C,,MATLAB,
q08888,Which software can run on computers in Block A?,reverse_software_lookup,Block A,,PyCharm,
q08889,Find systems needing CPU.,upgrade_planning,Block C,Ubuntu 24.04,Blender,CPU
q08890,Can systems in AI Lab support Fedora 42?,os_compatibility_check,AI Lab,Fedora 42,,
q08891,List computers with SSD in Library.,hardware_query,Library,,,
q08892,Which systems support Oracle Database in AI Lab?,software_compatibility_check,AI Lab,,Oracle Database,
q08893,Can computers in Block B run VS Code?,software_compatibility_check,Block B,,Visual Studio Code,
q08894,What applications are compatible with Lab 1 computers?,reverse_software_lookup,Lab 1,,Android Studio,
q08895,What applications are compatible with Block B computers?,reverse_software_lookup,Block B,,Android Studio,
q08896,Find systems needing TPM.,upgrade_planning,Block C,Ubuntu 24.04,AutoCAD,TPM
q08897,Find systems needing Secure Boot.,upgrade_planning,Library,Fedora 42,Oracle Database,Secure Boot
q08898,Which PCs in Block B have 8 GB RAM?,hardware_query,Block B,,,
q08899,Display CPU details for Block C.,hardware_query,Block C,,,
q08900,Which computers need RAM upgrade for PyCharm?,upgrade_planning,Lab 1,Debian 13,PyCharm,RAM upgrade
q08901,Show hardware details for Library.,hardware_query,Library,,,
q08902,Is Blender supported in Block C?,software_compatibility_check,Block C,,Blender,
q08903,Which PCs in Block B have 8 GB RAM?,hardware_query,Block B,,,
q08904,Which software can run on computers in Block B?,reverse_software_lookup,Block B,,MATLAB,
q08905,Which computers need CPU for Oracle Database?,upgrade_planning,AI Lab,Windows 11,Oracle Database,CPU
q08906,Display CPU details for Lab 1.,hardware_query,Lab 1,,,
q08907,Plan upgrades for Lab 2 to run Ubuntu 24.04.,upgrade_planning,Lab 2,Ubuntu 24.04,PyCharm,RAM upgrade
q08908,Find systems needing RAM upgrade.,upgrade_planning,Library,Windows 10,Visual Studio Code,RAM upgrade
q08909,Which software can run on computers in AI Lab?,reverse_software_lookup,AI Lab,,Oracle Database,
q08910,Show PCs in Network Lab incompatible with Ubuntu 24.04.,os_compatibility_check,Network Lab,Ubuntu 24.04,,
q08911,Which software can run on computers in Block C?,reverse_software_lookup,Block C,,AutoCAD,
q08912,List machines in Block A that meet Linux Mint 22 requirements.,os_compatibility_check,Block A,Linux Mint 22,,
q08913,What upgrades are required in AI Lab?,upgrade_planning,AI Lab,Ubuntu 24.04,AutoCAD,TPM
q08914,Which PCs in AI Lab have 8 GB RAM?,hardware_query,AI Lab,,,
q08915,Find software that runs on Network Lab.,reverse_software_lookup,Network Lab,,PyCharm,
q08916,List computers with SSD in Library.,hardware_query,Library,,,
q08917,List computers with SSD in Network Lab.,hardware_query,Network Lab,,,
q08918,Show hardware details for Block B.,hardware_query,Block B,,,
q08919,Display CPU details for Lab 1.,hardware_query,Lab 1,,,
q08920,Find systems needing GPU.,upgrade_planning,Library,Linux Mint 22,AutoCAD,GPU
q08921,Recommend the best OS for Programming Lab.,os_recommendation,Programming Lab,Fedora 42,,
q08922,Plan upgrades for Lab 1 to run Fedora 42.,upgrade_planning,Lab 1,Fedora 42,AutoCAD,Storage
q08923,Which software can run on computers in Library?,reverse_software_lookup,Library,,AutoCAD,
q08924,Is MATLAB supported in Block A?,software_compatibility_check,Block A,,MATLAB,
q08925,Can systems in Library support Linux Mint 22?,os_compatibility_check,Library,Linux Mint 22,,
q08926,List machines in Lab 2 that meet Windows 11 requirements.,os_compatibility_check,Lab 2,Windows 11,,
q08927,Is Android Studio supported in Block C?,software_compatibility_check,Block C,,Android Studio,
q08928,List computers with SSD in Block B.,hardware_query,Block B,,,
q08929,Which operating system is most suitable for Library?,os_recommendation,Library,Linux Mint 22,,
q08930,Which PCs in Block B have 8 GB RAM?,hardware_query,Block B,,,
q08931,Which computers need GPU for VS Code?,upgrade_planning,Block B,Fedora 42,Visual Studio Code,GPU
q08932,Check Oracle Database compatibility for Network Lab.,software_compatibility_check,Network Lab,,Oracle Database,
q08933,Can systems in Lab 2 support Linux Mint 22?,os_compatibility_check,Lab 2,Linux Mint 22,,
q08934,Which computers need RAM upgrade for VMware Workstation?,upgrade_planning,Block B,Ubuntu 24.04,VMware Workstation,RAM upgrade
q08935,Is Oracle Database supported in Block A?,software_compatibility_check,Block A,,Oracle Database,
q08936,Which computers need TPM for Android Studio?,upgrade_planning,Network Lab,Debian 13,Android Studio,TPM
q08937,Which software can run on computers in Network Lab?,reverse_software_lookup,Network Lab,,PyCharm,
q08938,List machines in Block B that meet Fedora 42 requirements.,os_compatibility_check,Block B,Fedora 42,,
q08939,Which computers in Library can run Fedora 42?,os_compatibility_check,Library,Fedora 42,,
q08940,Which computers in Library can run Linux Mint 22?,os_compatibility_check,Library,Linux Mint 22,,
q08941,List software supported by PCs in Block A.,reverse_software_lookup,Block A,,MATLAB,
q08942,Is Android Studio supported in Lab 2?,software_compatibility_check,Lab 2,,Android Studio,
q08943,What applications are compatible with Block A computers?,reverse_software_lookup,Block A,,MATLAB,
q08944,Is VS Code supported in AI Lab?,software_compatibility_check,AI Lab,,Visual Studio Code,
q08945,Suggest an OS for computers in Programming Lab.,os_recommendation,Programming Lab,Fedora 42,,
q08946,List computers with SSD in Lab 2.,hardware_query,Lab 2,,,
q08947,List machines in Block C that meet Windows 11 requirements.,os_compatibility_check,Block C,Windows 11,,
q08948,Which computers in Block C can run Linux Mint 22?,os_compatibility_check,Block C,Linux Mint 22,,
q08949,Which computers need CPU for Android Studio?,upgrade_planning,Lab 2,Debian 13,Android Studio,CPU
q08950,Can systems in Programming Lab support Fedora 42?,os_compatibility_check,Programming Lab,Fedora 42,,
q08951,Plan upgrades for Block C to run Ubuntu 24.04.,upgrade_planning,Block C,Ubuntu 24.04,Oracle Database,Secure Boot
q08952,Show hardware details for Lab 2.,hardware_query,Lab 2,,,
q08953,Is Android Studio supported in AI Lab?,software_compatibility_check,AI Lab,,Android Studio,
q08954,List machines in Network Lab that meet Fedora 42 requirements.,os_compatibility_check,Network Lab,Fedora 42,,
q08955,Find systems needing RAM upgrade.,upgrade_planning,Block A,Windows 10,Android Studio,RAM upgrade
q08956,Suggest an OS for computers in Network Lab.,os_recommendation,Network Lab,Linux Mint 22,,
q08957,What applications are compatible with Lab 2 computers?,reverse_software_lookup,Lab 2,,VMware Workstation,
q08958,Can computers in Block B run MATLAB?,software_compatibility_check,Block B,,MATLAB,
q08959,Best operating system for Block B?,os_recommendation,Block B,Windows 11,,
q08960,Find systems needing RAM upgrade.,upgrade_planning,Block C,Linux Mint 22,Android Studio,RAM upgrade
q08961,What upgrades are required in Block A?,upgrade_planning,Block A,Debian 13,Visual Studio Code,RAM upgrade
q08962,Find systems needing RAM upgrade.,upgrade_planning,Block A,Ubuntu 24.04,Android Studio,RAM upgrade
q08963,Find software that runs on AI Lab.,reverse_software_lookup,AI Lab,,AutoCAD,
q08964,Which systems support PyCharm in AI Lab?,software_compatibility_check,AI Lab,,PyCharm,
q08965,What upgrades are required in Programming Lab?,upgrade_planning,Programming Lab,Linux Mint 22,Visual Studio Code,Storage
q08966,Which operating system is most suitable for Block C?,os_recommendation,Block C,Windows 11,,
q08967,What applications are compatible with Block C computers?,reverse_software_lookup,Block C,,MATLAB,
q08968,Suggest an OS for computers in Block B.,os_recommendation,Block B,Debian 13,,
q08969,Best operating system for Block B?,os_recommendation,Block B,Windows 10,,
q08970,Is Android Studio supported in Block B?,software_compatibility_check,Block B,,Android Studio,
q08971,Which computers in Lab 1 can run Linux Mint 22?,os_compatibility_check,Lab 1,Linux Mint 22,,
q08972,Plan upgrades for Programming Lab to run Ubuntu 24.04.,upgrade_planning,Programming Lab,Ubuntu 24.04,Visual Studio Code,RAM upgrade
q08973,Which systems support Blender in Lab 1?,software_compatibility_check,Lab 1,,Blender,
q08974,Can systems in Block A support Windows 11?,os_compatibility_check,Block A,Windows 11,,
q08975,Recommend the best OS for Library.,os_recommendation,Library,Fedora 42,,
q08976,List computers with SSD in Lab 1.,hardware_query,Lab 1,,,
q08977,Which operating system is most suitable for Block C?,os_recommendation,Block C,Windows 10,,
q08978,Which computers in Lab 2 can run Fedora 42?,os_compatibility_check,Lab 2,Fedora 42,,
q08979,What applications are compatible with AI Lab computers?,reverse_software_lookup,AI Lab,,Blender,
q08980,List machines in Block B that meet Fedora 42 requirements.,os_compatibility_check,Block B,Fedora 42,,
q08981,Best operating system for Block A?,os_recommendation,Block A,Fedora 42,,
q08982,Display CPU details for Block B.,hardware_query,Block B,,,
q08983,Can computers in Library run MATLAB?,software_compatibility_check,Library,,MATLAB,
q08984,Which computers in Block B can run Fedora 42?,os_compatibility_check,Block B,Fedora 42,,
q08985,Find systems needing Secure Boot.,upgrade_planning,AI Lab,Debian 13,MATLAB,Secure Boot
q08986,What upgrades are required in Lab 2?,upgrade_planning,Lab 2,Windows 11,Blender,Secure Boot
q08987,Find software that runs on Lab 2.,reverse_software_lookup,Lab 2,,VMware Workstation,
q08988,Which software can run on computers in Library?,reverse_software_lookup,Library,,Blender,
q08989,Find systems needing RAM upgrade.,upgrade_planning,Block B,Windows 10,Oracle Database,RAM upgrade
q08990,Show PCs in AI Lab incompatible with Debian 13.,os_compatibility_check,AI Lab,Debian 13,,
q08991,List software supported by PCs in Network Lab.,reverse_software_lookup,Network Lab,,PyCharm,
q08992,Show hardware details for Lab 2.,hardware_query,Lab 2,,,
q08993,Show PCs in Block A incompatible with Linux Mint 22.,os_compatibility_check,Block A,Linux Mint 22,,
q08994,Can systems in Block B support Windows 11?,os_compatibility_check,Block B,Windows 11,,
q08995,Find software that runs on Lab 1.,reverse_software_lookup,Lab 1,,MATLAB,
q08996,Suggest an OS for computers in Programming Lab.,os_recommendation,Programming Lab,Windows 11,,
q08997,Check AutoCAD 2026 compatibility for Lab 2.,software_compatibility_check,Lab 2,,AutoCAD,
q08998,Which systems support Blender in Block A?,software_compatibility_check,Block A,,Blender,
q08999,Can systems in Network Lab support Windows 11?,os_compatibility_check,Network Lab,Windows 11,,
q09000,Plan upgrades for Library to run Linux Mint 22.,upgrade_planning,Library,Linux Mint 22,MATLAB,Storage
q09001,Find software that runs on Network Lab.,reverse_software_lookup,Network Lab,,Blender,
q09002,Plan upgrades for AI Lab to run Debian 13.,upgrade_planning,AI Lab,Debian 13,Blender,Secure Boot
q09003,What upgrades are required in Lab 2?,upgrade_planning,Lab 2,Windows 11,AutoCAD,Secure Boot
q09004,Show hardware details for Lab 2.,hardware_query,Lab 2,,,
q09005,Find software that runs on Lab 2.,reverse_software_lookup,Lab 2,,Visual Studio Code,
q09006,Which PCs in AI Lab have 8 GB RAM?,hardware_query,AI Lab,,,
q09007,List software supported by PCs in AI Lab.,reverse_software_lookup,AI Lab,,Blender,
q09008,Is Oracle Database supported in Block C?,software_compatibility_check,Block C,,Oracle Database,
q09009,Which PCs in Lab 2 have 8 GB RAM?,hardware_query,Lab 2,,,
q09010,Plan upgrades for Lab 1 to run Windows 10.,upgrade_planning,Lab 1,Windows 10,Visual Studio Code,RAM upgrade
q09011,Which systems support Oracle Database in Library?,software_compatibility_check,Library,,Oracle Database,
q09012,Show PCs in AI Lab incompatible with Windows 10.,os_compatibility_check,AI Lab,Windows 10,,
q09013,What applications are compatible with Block C computers?,reverse_software_lookup,Block C,,Android Studio,
q09014,List software supported by PCs in Programming Lab.,reverse_software_lookup,Programming Lab,,VMware Workstation,
q09015,List machines in Block B that meet Linux Mint 22 requirements.,os_compatibility_check,Block B,Linux Mint 22,,
q09016,List machines in Network Lab that meet Fedora 42 requirements.,os_compatibility_check,Network Lab,Fedora 42,,
q09017,Plan upgrades for Lab 2 to run Fedora 42.,upgrade_planning,Lab 2,Fedora 42,VMware Workstation,TPM
q09018,What applications are compatible with Block B computers?,reverse_software_lookup,Block B,,PyCharm,
q09019,Suggest an OS for computers in Library.,os_recommendation,Library,Windows 10,,
q09020,Can systems in Library support Fedora 42?,os_compatibility_check,Library,Fedora 42,,
q09021,Which software can run on computers in Library?,reverse_software_lookup,Library,,Android Studio,
q09022,Is PyCharm supported in Programming Lab?,software_compatibility_check,Programming Lab,,PyCharm,
q09023,List software supported by PCs in Block B.,reverse_software_lookup,Block B,,AutoCAD,
q09024,Display CPU details for Programming Lab.,hardware_query,Programming Lab,,,
q09025,Which PCs in Block C have 8 GB RAM?,hardware_query,Block C,,,
q09026,Which operating system is most suitable for Network Lab?,os_recommendation,Network Lab,Linux Mint 22,,
q09027,Find software that runs on Network Lab.,reverse_software_lookup,Network Lab,,AutoCAD,
q09028,Show PCs in AI Lab incompatible with Linux Mint 22.,os_compatibility_check,AI Lab,Linux Mint 22,,
q09029,Which systems support VS Code in Lab 1?,software_compatibility_check,Lab 1,,Visual Studio Code,
q09030,What upgrades are required in Library?,upgrade_planning,Library,Ubuntu 24.04,PyCharm,GPU
q09031,List machines in Lab 2 that meet Debian 13 requirements.,os_compatibility_check,Lab 2,Debian 13,,
q09032,Best operating system for Lab 1?,os_recommendation,Lab 1,Fedora 42,,
q09033,What upgrades are required in Lab 2?,upgrade_planning,Lab 2,Windows 11,AutoCAD,Storage
q09034,List machines in Block C that meet Ubuntu 24.04 requirements.,os_compatibility_check,Block C,Ubuntu 24.04,,
q09035,Plan upgrades for Lab 2 to run Ubuntu 24.04.,upgrade_planning,Lab 2,Ubuntu 24.04,VMware Workstation,CPU
q09036,Display CPU details for Lab 2.,hardware_query,Lab 2,,,
q09037,List computers with SSD in Network Lab.,hardware_query,Network Lab,,,
q09038,Which computers need Secure Boot for VMware Workstation?,upgrade_planning,Network Lab,Windows 11,VMware Workstation,Secure Boot
q09039,Which systems support Oracle Database in Lab 2?,software_compatibility_check,Lab 2,,Oracle Database,
q09040,Check MATLAB compatibility for Network Lab.,software_compatibility_check,Network Lab,,MATLAB,
q09041,List machines in Lab 2 that meet Ubuntu 24.04 requirements.,os_compatibility_check,Lab 2,Ubuntu 24.04,,
q09042,Display CPU details for Block C.,hardware_query,Block C,,,
q09043,Which computers in AI Lab can run Windows 11?,os_compatibility_check,AI Lab,Windows 11,,
q09044,Which operating system is most suitable for Programming Lab?,os_recommendation,Programming Lab,Windows 11,,
q09045,What applications are compatible with Block A computers?,reverse_software_lookup,Block A,,Blender,
q09046,What upgrades are required in Lab 2?,upgrade_planning,Lab 2,Ubuntu 24.04,Android Studio,RAM upgrade
q09047,Which computers need CPU for VS Code?,upgrade_planning,Lab 1,Windows 10,Visual Studio Code,CPU
q09048,Best operating system for Block C?,os_recommendation,Block C,Windows 10,,
q09049,What applications are compatible with Lab 1 computers?,reverse_software_lookup,Lab 1,,Visual Studio Code,
q09050,Which systems support AutoCAD 2026 in Block C?,software_compatibility_check,Block C,,AutoCAD,
q09051,Show PCs in Block C incompatible with Debian 13.,os_compatibility_check,Block C,Debian 13,,
q09052,Check Blender compatibility for Lab 2.,software_compatibility_check,Lab 2,,Blender,
q09053,What applications are compatible with Lab 1 computers?,reverse_software_lookup,Lab 1,,PyCharm,
q09054,Which computers in Lab 2 can run Windows 11?,os_compatibility_check,Lab 2,Windows 11,,
q09055,Which software can run on computers in Network Lab?,reverse_software_lookup,Network Lab,,VMware Workstation,
q09056,Which operating system is most suitable for Block A?,os_recommendation,Block A,Windows 10,,
q09057,List computers with SSD in Library.,hardware_query,Library,,,
q09058,Which computers need RAM upgrade for MATLAB?,upgrade_planning,Lab 1,Windows 11,MATLAB,RAM upgrade
q09059,What upgrades are required in Library?,upgrade_planning,Library,Ubuntu 24.04,Blender,GPU
q09060,Is Blender supported in Library?,software_compatibility_check,Library,,Blender,
q09061,Which software can run on computers in Network Lab?,reverse_software_lookup,Network Lab,,Blender,
q09062,Show hardware details for Lab 2.,hardware_query,Lab 2,,,
q09063,Is AutoCAD 2026 supported in Lab 2?,software_compatibility_check,Lab 2,,AutoCAD,
q09064,Can systems in Network Lab support Debian 13?,os_compatibility_check,Network Lab,Debian 13,,
q09065,Suggest an OS for computers in Programming Lab.,os_recommendation,Programming Lab,Windows 10,,
q09066,Show PCs in Lab 1 incompatible with Windows 10.,os_compatibility_check,Lab 1,Windows 10,,
q09067,Which systems support PyCharm in Block C?,software_compatibility_check,Block C,,PyCharm,
q09068,Plan upgrades for Library to run Linux Mint 22.,upgrade_planning,Library,Linux Mint 22,Oracle Database,GPU
q09069,Is PyCharm supported in Lab 2?,software_compatibility_check,Lab 2,,PyCharm,
q09070,List machines in Library that meet Linux Mint 22 requirements.,os_compatibility_check,Library,Linux Mint 22,,
q09071,What applications are compatible with Programming Lab computers?,reverse_software_lookup,Programming Lab,,Android Studio,
q09072,Show hardware details for Programming Lab.,hardware_query,Programming Lab,,,
q09073,Which PCs in Block B have 8 GB RAM?,hardware_query,Block B,,,
q09074,Suggest an OS for computers in Library.,os_recommendation,Library,Ubuntu 24.04,,
q09075,Recommend the best OS for Library.,os_recommendation,Library,Windows 10,,
q09076,Is VS Code supported in AI Lab?,software_compatibility_check,AI Lab,,Visual Studio Code,
q09077,List software supported by PCs in Block A.,reverse_software_lookup,Block A,,PyCharm,
q09078,Find software that runs on Programming Lab.,reverse_software_lookup,Programming Lab,,Android Studio,
q09079,Check Android Studio compatibility for Library.,software_compatibility_check,Library,,Android Studio,
q09080,Find software that runs on AI Lab.,reverse_software_lookup,AI Lab,,PyCharm,
q09081,Plan upgrades for AI Lab to run Windows 10.,upgrade_planning,AI Lab,Windows 10,Blender,TPM
q09082,Which operating system is most suitable for AI Lab?,os_recommendation,AI Lab,Windows 11,,
q09083,Display CPU details for Block B.,hardware_query,Block B,,,
q09084,What upgrades are required in Library?,upgrade_planning,Library,Windows 11,AutoCAD,CPU
q09085,Is VMware Workstation supported in Library?,software_compatibility_check,Library,,VMware Workstation,
q09086,Which software can run on computers in Network Lab?,reverse_software_lookup,Network Lab,,PyCharm,
q09087,What applications are compatible with Block B computers?,reverse_software_lookup,Block B,,PyCharm,
q09088,Plan upgrades for Library to run Windows 10.,upgrade_planning,Library,Windows 10,MATLAB,Storage
q09089,Display CPU details for Block A.,hardware_query,Block A,,,
q09090,Find software that runs on Block C.,reverse_software_lookup,Block C,,Android Studio,
q09091,List computers with SSD in Programming Lab.,hardware_query,Programming Lab,,,
q09092,Check Android Studio compatibility for AI Lab.,software_compatibility_check,AI Lab,,Android Studio,
q09093,Find software that runs on AI Lab.,reverse_software_lookup,AI Lab,,Android Studio,
q09094,List machines in AI Lab that meet Linux Mint 22 requirements.,os_compatibility_check,AI Lab,Linux Mint 22,,
q09095,Find software that runs on Block B.,reverse_software_lookup,Block B,,Android Studio,
q09096,What upgrades are required in Programming Lab?,upgrade_planning,Programming Lab,Fedora 42,MATLAB,RAM upgrade
q09097,Recommend the best OS for AI Lab.,os_recommendation,AI Lab,Windows 11,,
q09098,Check VS Code compatibility for AI Lab.,software_compatibility_check,AI Lab,,Visual Studio Code,
q09099,Show PCs in Lab 1 incompatible with Windows 10.,os_compatibility_check,Lab 1,Windows 10,,
q09100,Best operating system for AI Lab?,os_recommendation,AI Lab,Ubuntu 24.04,,
q09101,Suggest an OS for computers in Lab 2.,os_recommendation,Lab 2,Debian 13,,
q09102,Display CPU details for Lab 1.,hardware_query,Lab 1,,,
q09103,What upgrades are required in Programming Lab?,upgrade_planning,Programming Lab,Debian 13,AutoCAD,RAM upgrade
q09104,Can systems in Block B support Windows 11?,os_compatibility_check,Block B,Windows 11,,
q09105,Suggest an OS for computers in Block C.,os_recommendation,Block C,Fedora 42,,
q09106,Which computers in Network Lab can run Fedora 42?,os_compatibility_check,Network Lab,Fedora 42,,
q09107,What upgrades are required in Block B?,upgrade_planning,Block B,Linux Mint 22,Android Studio,GPU
q09108,Is Oracle Database supported in Lab 2?,software_compatibility_check,Lab 2,,Oracle Database,
q09109,Recommend the best OS for Library.,os_recommendation,Library,Debian 13,,
q09110,List machines in Library that meet Debian 13 requirements.,os_compatibility_check,Library,Debian 13,,
q09111,What upgrades are required in Block B?,upgrade_planning,Block B,Linux Mint 22,Android Studio,TPM
q09112,Which computers need RAM upgrade for Android Studio?,upgrade_planning,AI Lab,Linux Mint 22,Android Studio,RAM upgrade
q09113,Find software that runs on Library.,reverse_software_lookup,Library,,Visual Studio Code,
q09114,Can systems in Block C support Debian 13?,os_compatibility_check,Block C,Debian 13,,
q09115,List software supported by PCs in Library.,reverse_software_lookup,Library,,Visual Studio Code,
q09116,List software supported by PCs in Network Lab.,reverse_software_lookup,Network Lab,,Visual Studio Code,
q09117,Can computers in Lab 2 run Oracle Database?,software_compatibility_check,Lab 2,,Oracle Database,
q09118,Can systems in Block A support Ubuntu 24.04?,os_compatibility_check,Block A,Ubuntu 24.04,,
q09119,Recommend the best OS for Block A.,os_recommendation,Block A,Windows 10,,
q09120,Which PCs in Lab 1 have 8 GB RAM?,hardware_query,Lab 1,,,
q09121,List software supported by PCs in Network Lab.,reverse_software_lookup,Network Lab,,Android Studio,
q09122,Find systems needing TPM.,upgrade_planning,Lab 2,Debian 13,Blender,TPM
q09123,Find systems needing TPM.,upgrade_planning,Block C,Windows 10,Android Studio,TPM
q09124,List software supported by PCs in Network Lab.,reverse_software_lookup,Network Lab,,Visual Studio Code,
q09125,Show hardware details for Library.,hardware_query,Library,,,
q09126,List machines in Lab 2 that meet Linux Mint 22 requirements.,os_compatibility_check,Lab 2,Linux Mint 22,,
q09127,Suggest an OS for computers in Network Lab.,os_recommendation,Network Lab,Ubuntu 24.04,,
q09128,Show hardware details for Programming Lab.,hardware_query,Programming Lab,,,
q09129,Which computers need Storage for VMware Workstation?,upgrade_planning,Block B,Windows 10,VMware Workstation,Storage
q09130,Which computers in AI Lab can run Debian 13?,os_compatibility_check,AI Lab,Debian 13,,
q09131,Which PCs in Block B have 8 GB RAM?,hardware_query,Block B,,,
q09132,Which software can run on computers in Network Lab?,reverse_software_lookup,Network Lab,,Android Studio,
q09133,List computers with SSD in Network Lab.,hardware_query,Network Lab,,,
q09134,Which systems support PyCharm in Programming Lab?,software_compatibility_check,Programming Lab,,PyCharm,
q09135,Which computers need GPU for PyCharm?,upgrade_planning,Lab 1,Linux Mint 22,PyCharm,GPU
q09136,What upgrades are required in Block A?,upgrade_planning,Block A,Fedora 42,VMware Workstation,TPM
q09137,Can computers in Lab 2 run Blender?,software_compatibility_check,Lab 2,,Blender,
q09138,Which computers in Programming Lab can run Debian 13?,os_compatibility_check,Programming Lab,Debian 13,,
q09139,List machines in Programming Lab that meet Fedora 42 requirements.,os_compatibility_check,Programming Lab,Fedora 42,,
q09140,Which operating system is most suitable for Library?,os_recommendation,Library,Windows 11,,
q09141,Which operating system is most suitable for Lab 1?,os_recommendation,Lab 1,Windows 11,,
q09142,Recommend the best OS for Library.,os_recommendation,Library,Linux Mint 22,,
q09143,Find systems needing RAM upgrade.,upgrade_planning,AI Lab,Windows 11,MATLAB,RAM upgrade
q09144,Is AutoCAD 2026 supported in Lab 1?,software_compatibility_check,Lab 1,,AutoCAD,
q09145,What applications are compatible with Lab 2 computers?,reverse_software_lookup,Lab 2,,Oracle Database,
q09146,Display CPU details for Block B.,hardware_query,Block B,,,
q09147,Recommend the best OS for Block B.,os_recommendation,Block B,Linux Mint 22,,
q09148,Best operating system for Block B?,os_recommendation,Block B,Linux Mint 22,,
q09149,Recommend the best OS for Lab 2.,os_recommendation,Lab 2,Linux Mint 22,,
q09150,List computers with SSD in Block A.,hardware_query,Block A,,,
q09151,Best operating system for Library?,os_recommendation,Library,Windows 11,,
q09152,Display CPU details for Lab 2.,hardware_query,Lab 2,,,
q09153,What applications are compatible with Lab 2 computers?,reverse_software_lookup,Lab 2,,AutoCAD,
q09154,What upgrades are required in Network Lab?,upgrade_planning,Network Lab,Windows 11,Blender,CPU
q09155,Display CPU details for Lab 1.,hardware_query,Lab 1,,,
q09156,Which computers need RAM upgrade for Android Studio?,upgrade_planning,Network Lab,Windows 11,Android Studio,RAM upgrade
q09157,Is MATLAB supported in Lab 2?,software_compatibility_check,Lab 2,,MATLAB,
q09158,Can computers in Block B run Blender?,software_compatibility_check,Block B,,Blender,
q09159,Plan upgrades for Block A to run Debian 13.,upgrade_planning,Block A,Debian 13,PyCharm,CPU
q09160,Which computers in AI Lab can run Debian 13?,os_compatibility_check,AI Lab,Debian 13,,
q09161,Best operating system for Lab 2?,os_recommendation,Lab 2,Windows 10,,
q09162,Which software can run on computers in Network Lab?,reverse_software_lookup,Network Lab,,Oracle Database,
q09163,Best operating system for AI Lab?,os_recommendation,AI Lab,Debian 13,,
q09164,List software supported by PCs in AI Lab.,reverse_software_lookup,AI Lab,,Blender,
q09165,Can computers in Network Lab run AutoCAD 2026?,software_compatibility_check,Network Lab,,AutoCAD,
q09166,Can computers in Lab 2 run AutoCAD 2026?,software_compatibility_check,Lab 2,,AutoCAD,
q09167,Which systems support AutoCAD 2026 in Programming Lab?,software_compatibility_check,Programming Lab,,AutoCAD,
q09168,Plan upgrades for Library to run Ubuntu 24.04.,upgrade_planning,Library,Ubuntu 24.04,Visual Studio Code,RAM upgrade
q09169,Suggest an OS for computers in Programming Lab.,os_recommendation,Programming Lab,Debian 13,,
q09170,Which computers in Block A can run Windows 11?,os_compatibility_check,Block A,Windows 11,,
q09171,Which computers in Block C can run Ubuntu 24.04?,os_compatibility_check,Block C,Ubuntu 24.04,,
q09172,Which computers in Block C can run Fedora 42?,os_compatibility_check,Block C,Fedora 42,,
q09173,Which computers in AI Lab can run Ubuntu 24.04?,os_compatibility_check,AI Lab,Ubuntu 24.04,,
q09174,Display CPU details for AI Lab.,hardware_query,AI Lab,,,
q09175,Find software that runs on Library.,reverse_software_lookup,Library,,MATLAB,
q09176,Check MATLAB compatibility for Block A.,software_compatibility_check,Block A,,MATLAB,
q09177,List machines in Block C that meet Fedora 42 requirements.,os_compatibility_check,Block C,Fedora 42,,
q09178,Check VS Code compatibility for Lab 2.,software_compatibility_check,Lab 2,,Visual Studio Code,
q09179,Which operating system is most suitable for AI Lab?,os_recommendation,AI Lab,Fedora 42,,
q09180,List computers with SSD in Programming Lab.,hardware_query,Programming Lab,,,
q09181,Check VMware Workstation compatibility for Lab 2.,software_compatibility_check,Lab 2,,VMware Workstation,
q09182,List machines in Library that meet Debian 13 requirements.,os_compatibility_check,Library,Debian 13,,
q09183,Plan upgrades for Block B to run Fedora 42.,upgrade_planning,Block B,Fedora 42,Android Studio,GPU
q09184,Which computers in AI Lab can run Ubuntu 24.04?,os_compatibility_check,AI Lab,Ubuntu 24.04,,
q09185,Plan upgrades for AI Lab to run Windows 10.,upgrade_planning,AI Lab,Windows 10,VMware Workstation,TPM
q09186,Find systems needing Secure Boot.,upgrade_planning,Library,Ubuntu 24.04,PyCharm,Secure Boot
q09187,Show hardware details for Lab 1.,hardware_query,Lab 1,,,
q09188,Which PCs in Block B have 8 GB RAM?,hardware_query,Block B,,,
q09189,Find software that runs on Library.,reverse_software_lookup,Library,,Oracle Database,
q09190,List software supported by PCs in Programming Lab.,reverse_software_lookup,Programming Lab,,VMware Workstation,
q09191,Find systems needing Secure Boot.,upgrade_planning,Block B,Windows 10,PyCharm,Secure Boot
q09192,Can systems in AI Lab support Ubuntu 24.04?,os_compatibility_check,AI Lab,Ubuntu 24.04,,
q09193,List computers with SSD in Lab 2.,hardware_query,Lab 2,,,
q09194,Which computers in Block B can run Linux Mint 22?,os_compatibility_check,Block B,Linux Mint 22,,
q09195,Which computers in Network Lab can run Linux Mint 22?,os_compatibility_check,Network Lab,Linux Mint 22,,
q09196,Which computers need Storage for Android Studio?,upgrade_planning,AI Lab,Windows 10,Android Studio,Storage
q09197,Which computers in Lab 2 can run Fedora 42?,os_compatibility_check,Lab 2,Fedora 42,,
q09198,Is VS Code supported in Block A?,software_compatibility_check,Block A,,Visual Studio Code,
q09199,Recommend the best OS for Lab 2.,os_recommendation,Lab 2,Windows 10,,
q09200,Which PCs in Block C have 8 GB RAM?,hardware_query,Block C,,,
q09201,Which computers need CPU for MATLAB?,upgrade_planning,Lab 1,Windows 10,MATLAB,CPU
q09202,Plan upgrades for Programming Lab to run Windows 10.,upgrade_planning,Programming Lab,Windows 10,MATLAB,CPU
q09203,Show PCs in Lab 2 incompatible with Debian 13.,os_compatibility_check,Lab 2,Debian 13,,
q09204,What upgrades are required in Block C?,upgrade_planning,Block C,Ubuntu 24.04,AutoCAD,TPM
q09205,Which systems support MATLAB in Block A?,software_compatibility_check,Block A,,MATLAB,
q09206,Find software that runs on Block A.,reverse_software_lookup,Block A,,MATLAB,
q09207,Which computers in AI Lab can run Ubuntu 24.04?,os_compatibility_check,AI Lab,Ubuntu 24.04,,
q09208,Find systems needing Secure Boot.,upgrade_planning,Lab 1,Windows 11,Blender,Secure Boot
q09209,Best operating system for Network Lab?,os_recommendation,Network Lab,Fedora 42,,
q09210,Which PCs in Network Lab have 8 GB RAM?,hardware_query,Network Lab,,,
q09211,Which operating system is most suitable for Library?,os_recommendation,Library,Windows 11,,
q09212,Show PCs in Block B incompatible with Fedora 42.,os_compatibility_check,Block B,Fedora 42,,
q09213,What applications are compatible with Network Lab computers?,reverse_software_lookup,Network Lab,,VMware Workstation,
q09214,Can computers in AI Lab run VMware Workstation?,software_compatibility_check,AI Lab,,VMware Workstation,
q09215,What applications are compatible with Lab 2 computers?,reverse_software_lookup,Lab 2,,Visual Studio Code,
q09216,Which operating system is most suitable for Block B?,os_recommendation,Block B,Linux Mint 22,,
q09217,Plan upgrades for Library to run Windows 10.,upgrade_planning,Library,Windows 10,Android Studio,Secure Boot
q09218,Best operating system for Library?,os_recommendation,Library,Fedora 42,,
q09219,Recommend the best OS for Block C.,os_recommendation,Block C,Linux Mint 22,,
q09220,Which operating system is most suitable for Block C?,os_recommendation,Block C,Windows 10,,
q09221,Plan upgrades for Block C to run Windows 10.,upgrade_planning,Block C,Windows 10,Blender,Secure Boot
q09222,Recommend the best OS for Block A.,os_recommendation,Block A,Ubuntu 24.04,,
q09223,List computers with SSD in Lab 1.,hardware_query,Lab 1,,,
q09224,Which computers in AI Lab can run Windows 11?,os_compatibility_check,AI Lab,Windows 11,,
q09225,Find systems needing TPM.,upgrade_planning,Lab 2,Debian 13,Visual Studio Code,TPM
q09226,Check VMware Workstation compatibility for Programming Lab.,software_compatibility_check,Programming Lab,,VMware Workstation,
q09227,Find software that runs on Programming Lab.,reverse_software_lookup,Programming Lab,,PyCharm,
q09228,Which software can run on computers in Block A?,reverse_software_lookup,Block A,,Oracle Database,
q09229,Display CPU details for Network Lab.,hardware_query,Network Lab,,,
q09230,Can systems in Library support Windows 10?,os_compatibility_check,Library,Windows 10,,
q09231,Which computers in Lab 2 can run Windows 10?,os_compatibility_check,Lab 2,Windows 10,,
q09232,Which software can run on computers in Programming Lab?,reverse_software_lookup,Programming Lab,,PyCharm,
q09233,Recommend the best OS for Block C.,os_recommendation,Block C,Fedora 42,,
q09234,Which computers need CPU for VMware Workstation?,upgrade_planning,Block B,Windows 10,VMware Workstation,CPU
q09235,Which operating system is most suitable for Lab 1?,os_recommendation,Lab 1,Windows 10,,
q09236,Which software can run on computers in AI Lab?,reverse_software_lookup,AI Lab,,MATLAB,
q09237,List computers with SSD in Lab 2.,hardware_query,Lab 2,,,
q09238,Which computers need RAM upgrade for VMware Workstation?,upgrade_planning,Lab 2,Debian 13,VMware Workstation,RAM upgrade
q09239,List machines in Lab 1 that meet Windows 10 requirements.,os_compatibility_check,Lab 1,Windows 10,,
q09240,Which computers in Block A can run Fedora 42?,os_compatibility_check,Block A,Fedora 42,,
q09241,Find software that runs on Block B.,reverse_software_lookup,Block B,,Oracle Database,
q09242,List software supported by PCs in Programming Lab.,reverse_software_lookup,Programming Lab,,Oracle Database,
q09243,Which software can run on computers in Network Lab?,reverse_software_lookup,Network Lab,,Oracle Database,
q09244,Which computers in Programming Lab can run Linux Mint 22?,os_compatibility_check,Programming Lab,Linux Mint 22,,
q09245,Display CPU details for Library.,hardware_query,Library,,,
q09246,What applications are compatible with Lab 1 computers?,reverse_software_lookup,Lab 1,,Android Studio,
q09247,Check Blender compatibility for Programming Lab.,software_compatibility_check,Programming Lab,,Blender,
q09248,Is VS Code supported in Block C?,software_compatibility_check,Block C,,Visual Studio Code,
q09249,List machines in Lab 1 that meet Windows 10 requirements.,os_compatibility_check,Lab 1,Windows 10,,
q09250,Suggest an OS for computers in Block C.,os_recommendation,Block C,Windows 10,,
q09251,List machines in Block C that meet Ubuntu 24.04 requirements.,os_compatibility_check,Block C,Ubuntu 24.04,,
q09252,Find software that runs on Block A.,reverse_software_lookup,Block A,,VMware Workstation,
q09253,Which computers in Lab 1 can run Fedora 42?,os_compatibility_check,Lab 1,Fedora 42,,
q09254,List machines in Lab 2 that meet Fedora 42 requirements.,os_compatibility_check,Lab 2,Fedora 42,,
q09255,Which computers in Lab 1 can run Windows 10?,os_compatibility_check,Lab 1,Windows 10,,
q09256,Display CPU details for Programming Lab.,hardware_query,Programming Lab,,,
q09257,Which computers in Lab 1 can run Windows 11?,os_compatibility_check,Lab 1,Windows 11,,
q09258,Which software can run on computers in Lab 1?,reverse_software_lookup,Lab 1,,PyCharm,
q09259,Which software can run on computers in Block A?,reverse_software_lookup,Block A,,PyCharm,
q09260,Which computers need Secure Boot for Oracle Database?,upgrade_planning,Block A,Debian 13,Oracle Database,Secure Boot
q09261,Recommend the best OS for Lab 2.,os_recommendation,Lab 2,Windows 10,,
q09262,Show hardware details for Block A.,hardware_query,Block A,,,
q09263,Display CPU details for Block C.,hardware_query,Block C,,,
q09264,Show PCs in Lab 2 incompatible with Ubuntu 24.04.,os_compatibility_check,Lab 2,Ubuntu 24.04,,
q09265,Plan upgrades for Programming Lab to run Ubuntu 24.04.,upgrade_planning,Programming Lab,Ubuntu 24.04,Visual Studio Code,Storage
q09266,Which systems support Oracle Database in Lab 2?,software_compatibility_check,Lab 2,,Oracle Database,
q09267,Plan upgrades for Block C to run Ubuntu 24.04.,upgrade_planning,Block C,Ubuntu 24.04,Visual Studio Code,Storage
q09268,Plan upgrades for Network Lab to run Debian 13.,upgrade_planning,Network Lab,Debian 13,Oracle Database,GPU
q09269,Show hardware details for Library.,hardware_query,Library,,,
q09270,List computers with SSD in Lab 2.,hardware_query,Lab 2,,,
q09271,What applications are compatible with Block B computers?,reverse_software_lookup,Block B,,VMware Workstation,
q09272,Can computers in AI Lab run MATLAB?,software_compatibility_check,AI Lab,,MATLAB,
q09273,Which computers in Block A can run Debian 13?,os_compatibility_check,Block A,Debian 13,,
q09274,Which computers need Storage for Oracle Database?,upgrade_planning,Library,Ubuntu 24.04,Oracle Database,Storage
q09275,Which computers need GPU for AutoCAD 2026?,upgrade_planning,Library,Windows 10,AutoCAD,GPU
q09276,Suggest an OS for computers in Block C.,os_recommendation,Block C,Windows 10,,
q09277,Can systems in Library support Ubuntu 24.04?,os_compatibility_check,Library,Ubuntu 24.04,,
q09278,Check VS Code compatibility for AI Lab.,software_compatibility_check,AI Lab,,Visual Studio Code,
q09279,Which computers need GPU for Blender?,upgrade_planning,Block C,Windows 11,Blender,GPU
q09280,Which software can run on computers in Block A?,reverse_software_lookup,Block A,,Blender,
q09281,Which computers need TPM for Oracle Database?,upgrade_planning,Block B,Ubuntu 24.04,Oracle Database,TPM
q09282,Is Blender supported in Lab 2?,software_compatibility_check,Lab 2,,Blender,
q09283,Suggest an OS for computers in Block A.,os_recommendation,Block A,Linux Mint 22,,
q09284,Best operating system for Library?,os_recommendation,Library,Windows 10,,
q09285,Which computers need TPM for AutoCAD 2026?,upgrade_planning,Block A,Fedora 42,AutoCAD,TPM
q09286,Show PCs in Block B incompatible with Windows 10.,os_compatibility_check,Block B,Windows 10,,
q09287,Is Oracle Database supported in Block A?,software_compatibility_check,Block A,,Oracle Database,
q09288,Suggest an OS for computers in Block B.,os_recommendation,Block B,Ubuntu 24.04,,
q09289,Which computers need RAM upgrade for Android Studio?,upgrade_planning,Block A,Debian 13,Android Studio,RAM upgrade
q09290,Which PCs in Lab 2 have 8 GB RAM?,hardware_query,Lab 2,,,
q09291,Which computers need Secure Boot for PyCharm?,upgrade_planning,Block A,Fedora 42,PyCharm,Secure Boot
q09292,Recommend the best OS for Library.,os_recommendation,Library,Ubuntu 24.04,,
q09293,Which operating system is most suitable for Block C?,os_recommendation,Block C,Ubuntu 24.04,,
q09294,List computers with SSD in Network Lab.,hardware_query,Network Lab,,,
q09295,Best operating system for Programming Lab?,os_recommendation,Programming Lab,Windows 10,,
q09296,Can systems in Block B support Linux Mint 22?,os_compatibility_check,Block B,Linux Mint 22,,
q09297,Which systems support Blender in Block A?,software_compatibility_check,Block A,,Blender,
q09298,Plan upgrades for Lab 2 to run Windows 10.,upgrade_planning,Lab 2,Windows 10,MATLAB,GPU
q09299,Can systems in Network Lab support Debian 13?,os_compatibility_check,Network Lab,Debian 13,,
q09300,Which operating system is most suitable for Block C?,os_recommendation,Block C,Ubuntu 24.04,,
q09301,Find systems needing TPM.,upgrade_planning,Block C,Linux Mint 22,MATLAB,TPM
q09302,Display CPU details for Lab 1.,hardware_query,Lab 1,,,
q09303,Which computers in Block C can run Windows 11?,os_compatibility_check,Block C,Windows 11,,
q09304,Which software can run on computers in Lab 2?,reverse_software_lookup,Lab 2,,Oracle Database,
q09305,Can systems in Network Lab support Windows 11?,os_compatibility_check,Network Lab,Windows 11,,
q09306,Which computers in Block B can run Ubuntu 24.04?,os_compatibility_check,Block B,Ubuntu 24.04,,
q09307,Check Oracle Database compatibility for AI Lab.,software_compatibility_check,AI Lab,,Oracle Database,
q09308,List machines in Block B that meet Linux Mint 22 requirements.,os_compatibility_check,Block B,Linux Mint 22,,
q09309,List machines in Network Lab that meet Debian 13 requirements.,os_compatibility_check,Network Lab,Debian 13,,
q09310,Is Oracle Database supported in AI Lab?,software_compatibility_check,AI Lab,,Oracle Database,
q09311,Find systems needing GPU.,upgrade_planning,Lab 2,Ubuntu 24.04,MATLAB,GPU
q09312,Find software that runs on Block C.,reverse_software_lookup,Block C,,Android Studio,
q09313,List computers with SSD in Block C.,hardware_query,Block C,,,
q09314,Check AutoCAD 2026 compatibility for Library.,software_compatibility_check,Library,,AutoCAD,
q09315,Can computers in Lab 1 run Android Studio?,software_compatibility_check,Lab 1,,Android Studio,
q09316,Best operating system for Block B?,os_recommendation,Block B,Debian 13,,
q09317,Which computers in Block B can run Windows 11?,os_compatibility_check,Block B,Windows 11,,
q09318,What applications are compatible with Programming Lab computers?,reverse_software_lookup,Programming Lab,,AutoCAD,
q09319,Display CPU details for Block B.,hardware_query,Block B,,,
q09320,Find systems needing CPU.,upgrade_planning,Network Lab,Linux Mint 22,AutoCAD,CPU
q09321,Show hardware details for Programming Lab.,hardware_query,Programming Lab,,,
q09322,Can computers in Library run VMware Workstation?,software_compatibility_check,Library,,VMware Workstation,
q09323,Check MATLAB compatibility for Block A.,software_compatibility_check,Block A,,MATLAB,
q09324,What upgrades are required in Network Lab?,upgrade_planning,Network Lab,Windows 10,Blender,RAM upgrade
q09325,What upgrades are required in Block B?,upgrade_planning,Block B,Debian 13,AutoCAD,RAM upgrade
q09326,Display CPU details for Lab 1.,hardware_query,Lab 1,,,
q09327,Suggest an OS for computers in Lab 1.,os_recommendation,Lab 1,Linux Mint 22,,
q09328,Display CPU details for Programming Lab.,hardware_query,Programming Lab,,,
q09329,Suggest an OS for computers in Block C.,os_recommendation,Block C,Windows 10,,
q09330,Show PCs in Block B incompatible with Fedora 42.,os_compatibility_check,Block B,Fedora 42,,
q09331,List software supported by PCs in Block A.,reverse_software_lookup,Block A,,PyCharm,
q09332,Plan upgrades for Network Lab to run Fedora 42.,upgrade_planning,Network Lab,Fedora 42,VMware Workstation,TPM
q09333,Best operating system for Lab 2?,os_recommendation,Lab 2,Windows 10,,
q09334,What applications are compatible with Lab 2 computers?,reverse_software_lookup,Lab 2,,Android Studio,
q09335,Find systems needing RAM upgrade.,upgrade_planning,Block C,Linux Mint 22,AutoCAD,RAM upgrade
q09336,Find systems needing RAM upgrade.,upgrade_planning,Programming Lab,Windows 11,VMware Workstation,RAM upgrade
q09337,Can computers in Lab 2 run Android Studio?,software_compatibility_check,Lab 2,,Android Studio,
q09338,Which software can run on computers in Block A?,reverse_software_lookup,Block A,,MATLAB,
q09339,List computers with SSD in AI Lab.,hardware_query,AI Lab,,,
q09340,Which computers in Lab 1 can run Linux Mint 22?,os_compatibility_check,Lab 1,Linux Mint 22,,
q09341,Can computers in Block A run Blender?,software_compatibility_check,Block A,,Blender,
q09342,Check AutoCAD 2026 compatibility for Network Lab.,software_compatibility_check,Network Lab,,AutoCAD,
q09343,Which operating system is most suitable for Library?,os_recommendation,Library,Linux Mint 22,,
q09344,List machines in Block A that meet Linux Mint 22 requirements.,os_compatibility_check,Block A,Linux Mint 22,,
q09345,Is MATLAB supported in Network Lab?,software_compatibility_check,Network Lab,,MATLAB,
q09346,Suggest an OS for computers in Lab 1.,os_recommendation,Lab 1,Fedora 42,,
q09347,List software supported by PCs in Block B.,reverse_software_lookup,Block B,,AutoCAD,
q09348,Display CPU details for Block B.,hardware_query,Block B,,,
q09349,Plan upgrades for Block A to run Debian 13.,upgrade_planning,Block A,Debian 13,PyCharm,Secure Boot
q09350,List computers with SSD in Programming Lab.,hardware_query,Programming Lab,,,
q09351,List machines in Network Lab that meet Linux Mint 22 requirements.,os_compatibility_check,Network Lab,Linux Mint 22,,
q09352,Show PCs in Block B incompatible with Fedora 42.,os_compatibility_check,Block B,Fedora 42,,
q09353,Which systems support PyCharm in AI Lab?,software_compatibility_check,AI Lab,,PyCharm,
q09354,Find software that runs on Block A.,reverse_software_lookup,Block A,,MATLAB,
q09355,Recommend the best OS for Programming Lab.,os_recommendation,Programming Lab,Windows 11,,
q09356,What upgrades are required in Lab 2?,upgrade_planning,Lab 2,Debian 13,MATLAB,Storage
q09357,Recommend the best OS for Network Lab.,os_recommendation,Network Lab,Windows 11,,
q09358,Which PCs in Programming Lab have 8 GB RAM?,hardware_query,Programming Lab,,,
q09359,Recommend the best OS for Block C.,os_recommendation,Block C,Windows 10,,
q09360,Suggest an OS for computers in Block A.,os_recommendation,Block A,Ubuntu 24.04,,
q09361,Which systems support Oracle Database in Block C?,software_compatibility_check,Block C,,Oracle Database,
q09362,Which systems support MATLAB in Lab 1?,software_compatibility_check,Lab 1,,MATLAB,
q09363,Which computers need GPU for MATLAB?,upgrade_planning,AI Lab,Linux Mint 22,MATLAB,GPU
q09364,List machines in Programming Lab that meet Debian 13 requirements.,os_compatibility_check,Programming Lab,Debian 13,,
q09365,List computers with SSD in Programming Lab.,hardware_query,Programming Lab,,,
q09366,Which computers in Network Lab can run Windows 11?,os_compatibility_check,Network Lab,Windows 11,,
q09367,Best operating system for AI Lab?,os_recommendation,AI Lab,Windows 10,,
q09368,Can systems in AI Lab support Ubuntu 24.04?,os_compatibility_check,AI Lab,Ubuntu 24.04,,
q09369,Suggest an OS for computers in Library.,os_recommendation,Library,Fedora 42,,
q09370,What applications are compatible with Lab 2 computers?,reverse_software_lookup,Lab 2,,PyCharm,
q09371,Can computers in Lab 2 run PyCharm?,software_compatibility_check,Lab 2,,PyCharm,
q09372,List software supported by PCs in Lab 2.,reverse_software_lookup,Lab 2,,Visual Studio Code,
q09373,Which operating system is most suitable for Block B?,os_recommendation,Block B,Ubuntu 24.04,,
q09374,Which PCs in Library have 8 GB RAM?,hardware_query,Library,,,
q09375,Which computers in Block A can run Ubuntu 24.04?,os_compatibility_check,Block A,Ubuntu 24.04,,
q09376,Display CPU details for Lab 2.,hardware_query,Lab 2,,,
q09377,Check AutoCAD 2026 compatibility for Lab 2.,software_compatibility_check,Lab 2,,AutoCAD,
q09378,List machines in Programming Lab that meet Windows 10 requirements.,os_compatibility_check,Programming Lab,Windows 10,,
q09379,Which PCs in Network Lab have 8 GB RAM?,hardware_query,Network Lab,,,
q09380,Recommend the best OS for Network Lab.,os_recommendation,Network Lab,Fedora 42,,
q09381,Suggest an OS for computers in AI Lab.,os_recommendation,AI Lab,Linux Mint 22,,
q09382,Can systems in Network Lab support Ubuntu 24.04?,os_compatibility_check,Network Lab,Ubuntu 24.04,,
q09383,Which operating system is most suitable for Block B?,os_recommendation,Block B,Debian 13,,
q09384,Check AutoCAD 2026 compatibility for Network Lab.,software_compatibility_check,Network Lab,,AutoCAD,
q09385,Recommend the best OS for AI Lab.,os_recommendation,AI Lab,Debian 13,,
q09386,Can computers in AI Lab run VS Code?,software_compatibility_check,AI Lab,,Visual Studio Code,
q09387,Best operating system for Lab 2?,os_recommendation,Lab 2,Windows 11,,
q09388,Display CPU details for Block C.,hardware_query,Block C,,,
q09389,List machines in Block B that meet Windows 11 requirements.,os_compatibility_check,Block B,Windows 11,,
q09390,Which PCs in Block C have 8 GB RAM?,hardware_query,Block C,,,
q09391,Is PyCharm supported in Lab 2?,software_compatibility_check,Lab 2,,PyCharm,
q09392,Best operating system for Library?,os_recommendation,Library,Windows 10,,
q09393,Which computers in Library can run Debian 13?,os_compatibility_check,Library,Debian 13,,
q09394,Display CPU details for Programming Lab.,hardware_query,Programming Lab,,,
q09395,Find systems needing GPU.,upgrade_planning,Programming Lab,Fedora 42,Android Studio,GPU
q09396,What applications are compatible with Library computers?,reverse_software_lookup,Library,,PyCharm,
q09397,Can systems in Programming Lab support Debian 13?,os_compatibility_check,Programming Lab,Debian 13,,
q09398,Which systems support VS Code in Lab 1?,software_compatibility_check,Lab 1,,Visual Studio Code,
q09399,Can computers in Library run MATLAB?,software_compatibility_check,Library,,MATLAB,
q09400,Which operating system is most suitable for Block C?,os_recommendation,Block C,Debian 13,,
q09401,Which operating system is most suitable for Network Lab?,os_recommendation,Network Lab,Ubuntu 24.04,,
q09402,Which computers in Block A can run Windows 10?,os_compatibility_check,Block A,Windows 10,,
q09403,Which software can run on computers in Block A?,reverse_software_lookup,Block A,,MATLAB,
q09404,What applications are compatible with Lab 1 computers?,reverse_software_lookup,Lab 1,,MATLAB,
q09405,Best operating system for Block B?,os_recommendation,Block B,Debian 13,,
q09406,Check MATLAB compatibility for Block A.,software_compatibility_check,Block A,,MATLAB,
q09407,List machines in Block B that meet Fedora 42 requirements.,os_compatibility_check,Block B,Fedora 42,,
q09408,Plan upgrades for Block B to run Linux Mint 22.,upgrade_planning,Block B,Linux Mint 22,AutoCAD,CPU
q09409,Which systems support VMware Workstation in Library?,software_compatibility_check,Library,,VMware Workstation,
q09410,Display CPU details for Programming Lab.,hardware_query,Programming Lab,,,
q09411,List software supported by PCs in Block C.,reverse_software_lookup,Block C,,MATLAB,
q09412,Display CPU details for Block C.,hardware_query,Block C,,,
q09413,Which PCs in AI Lab have 8 GB RAM?,hardware_query,AI Lab,,,
q09414,Show hardware details for Lab 1.,hardware_query,Lab 1,,,
q09415,Find software that runs on Block A.,reverse_software_lookup,Block A,,MATLAB,
q09416,What upgrades are required in Block C?,upgrade_planning,Block C,Debian 13,MATLAB,TPM
q09417,List machines in Lab 1 that meet Ubuntu 24.04 requirements.,os_compatibility_check,Lab 1,Ubuntu 24.04,,
q09418,Plan upgrades for Block C to run Linux Mint 22.,upgrade_planning,Block C,Linux Mint 22,AutoCAD,RAM upgrade
q09419,List computers with SSD in Network Lab.,hardware_query,Network Lab,,,
q09420,Can computers in Block A run AutoCAD 2026?,software_compatibility_check,Block A,,AutoCAD,
q09421,Is Blender supported in Programming Lab?,software_compatibility_check,Programming Lab,,Blender,
q09422,Which software can run on computers in Block A?,reverse_software_lookup,Block A,,Blender,
q09423,What upgrades are required in Network Lab?,upgrade_planning,Network Lab,Debian 13,MATLAB,Secure Boot
q09424,Which systems support PyCharm in Network Lab?,software_compatibility_check,Network Lab,,PyCharm,
q09425,Which computers need Storage for Oracle Database?,upgrade_planning,Block B,Windows 10,Oracle Database,Storage
q09426,Which operating system is most suitable for Library?,os_recommendation,Library,Windows 10,,
q09427,Which computers need GPU for AutoCAD 2026?,upgrade_planning,Library,Fedora 42,AutoCAD,GPU
q09428,Which operating system is most suitable for Programming Lab?,os_recommendation,Programming Lab,Windows 11,,
q09429,Display CPU details for Programming Lab.,hardware_query,Programming Lab,,,
q09430,Which operating system is most suitable for Lab 2?,os_recommendation,Lab 2,Linux Mint 22,,
q09431,Show hardware details for AI Lab.,hardware_query,AI Lab,,,
q09432,List software supported by PCs in Network Lab.,reverse_software_lookup,Network Lab,,Visual Studio Code,
q09433,Which operating system is most suitable for Programming Lab?,os_recommendation,Programming Lab,Debian 13,,
q09434,Is Blender supported in Block A?,software_compatibility_check,Block A,,Blender,
q09435,List computers with SSD in Block A.,hardware_query,Block A,,,
q09436,Suggest an OS for computers in Block B.,os_recommendation,Block B,Linux Mint 22,,
q09437,Suggest an OS for computers in AI Lab.,os_recommendation,AI Lab,Linux Mint 22,,
q09438,What applications are compatible with Block B computers?,reverse_software_lookup,Block B,,MATLAB,
q09439,Check Android Studio compatibility for Block B.,software_compatibility_check,Block B,,Android Studio,
q09440,Recommend the best OS for Block A.,os_recommendation,Block A,Debian 13,,
q09441,Show PCs in Block B incompatible with Debian 13.,os_compatibility_check,Block B,Debian 13,,
q09442,Which systems support PyCharm in Block B?,software_compatibility_check,Block B,,PyCharm,
q09443,Which computers need TPM for VS Code?,upgrade_planning,Block A,Debian 13,Visual Studio Code,TPM
q09444,List machines in Lab 1 that meet Linux Mint 22 requirements.,os_compatibility_check,Lab 1,Linux Mint 22,,
q09445,Which PCs in Lab 2 have 8 GB RAM?,hardware_query,Lab 2,,,
q09446,List software supported by PCs in Block C.,reverse_software_lookup,Block C,,Visual Studio Code,
q09447,Show hardware details for Network Lab.,hardware_query,Network Lab,,,
q09448,Best operating system for Library?,os_recommendation,Library,Linux Mint 22,,
q09449,Which operating system is most suitable for Network Lab?,os_recommendation,Network Lab,Fedora 42,,
q09450,List software supported by PCs in Block B.,reverse_software_lookup,Block B,,VMware Workstation,
q09451,What upgrades are required in Block B?,upgrade_planning,Block B,Ubuntu 24.04,Visual Studio Code,Storage
q09452,Show PCs in Lab 2 incompatible with Linux Mint 22.,os_compatibility_check,Lab 2,Linux Mint 22,,
q09453,Which PCs in Network Lab have 8 GB RAM?,hardware_query,Network Lab,,,
q09454,Show PCs in Block B incompatible with Windows 10.,os_compatibility_check,Block B,Windows 10,,
q09455,Find systems needing TPM.,upgrade_planning,AI Lab,Windows 11,AutoCAD,TPM
q09456,Display CPU details for Programming Lab.,hardware_query,Programming Lab,,,
q09457,Recommend the best OS for Block B.,os_recommendation,Block B,Debian 13,,
q09458,Suggest an OS for computers in Block B.,os_recommendation,Block B,Windows 10,,
q09459,Show PCs in Block C incompatible with Windows 10.,os_compatibility_check,Block C,Windows 10,,
q09460,Which computers in Network Lab can run Fedora 42?,os_compatibility_check,Network Lab,Fedora 42,,
q09461,Check Oracle Database compatibility for Lab 2.,software_compatibility_check,Lab 2,,Oracle Database,
q09462,List machines in Programming Lab that meet Linux Mint 22 requirements.,os_compatibility_check,Programming Lab,Linux Mint 22,,
q09463,What applications are compatible with Block B computers?,reverse_software_lookup,Block B,,PyCharm,
q09464,What applications are compatible with Lab 2 computers?,reverse_software_lookup,Lab 2,,VMware Workstation,
q09465,Which PCs in Lab 1 have 8 GB RAM?,hardware_query,Lab 1,,,
q09466,Display CPU details for Block C.,hardware_query,Block C,,,
q09467,Which computers need Storage for Blender?,upgrade_planning,Lab 1,Windows 11,Blender,Storage
q09468,Check VMware Workstation compatibility for Lab 2.,software_compatibility_check,Lab 2,,VMware Workstation,
q09469,Recommend the best OS for Block C.,os_recommendation,Block C,Ubuntu 24.04,,
q09470,Can systems in Block A support Windows 11?,os_compatibility_check,Block A,Windows 11,,
q09471,Check VMware Workstation compatibility for Lab 1.,software_compatibility_check,Lab 1,,VMware Workstation,
q09472,Display CPU details for AI Lab.,hardware_query,AI Lab,,,
q09473,Which operating system is most suitable for AI Lab?,os_recommendation,AI Lab,Ubuntu 24.04,,
q09474,List software supported by PCs in Programming Lab.,reverse_software_lookup,Programming Lab,,Visual Studio Code,
q09475,Which computers in Programming Lab can run Ubuntu 24.04?,os_compatibility_check,Programming Lab,Ubuntu 24.04,,
q09476,Which computers in Library can run Linux Mint 22?,os_compatibility_check,Library,Linux Mint 22,,
q09477,Find software that runs on Network Lab.,reverse_software_lookup,Network Lab,,Blender,
q09478,Can systems in Block B support Ubuntu 24.04?,os_compatibility_check,Block B,Ubuntu 24.04,,
q09479,Check MATLAB compatibility for Programming Lab.,software_compatibility_check,Programming Lab,,MATLAB,
q09480,List software supported by PCs in Network Lab.,reverse_software_lookup,Network Lab,,Oracle Database,
q09481,Suggest an OS for computers in Programming Lab.,os_recommendation,Programming Lab,Windows 11,,
q09482,Can computers in Lab 2 run PyCharm?,software_compatibility_check,Lab 2,,PyCharm,
q09483,Show hardware details for Library.,hardware_query,Library,,,
q09484,Find software that runs on Lab 1.,reverse_software_lookup,Lab 1,,Visual Studio Code,
q09485,What upgrades are required in Programming Lab?,upgrade_planning,Programming Lab,Windows 10,AutoCAD,CPU
q09486,Show hardware details for Library.,hardware_query,Library,,,
q09487,List software supported by PCs in Lab 2.,reverse_software_lookup,Lab 2,,AutoCAD,
q09488,Which computers need TPM for Blender?,upgrade_planning,Network Lab,Linux Mint 22,Blender,TPM
q09489,Suggest an OS for computers in Block A.,os_recommendation,Block A,Ubuntu 24.04,,
q09490,Show hardware details for Lab 2.,hardware_query,Lab 2,,,
q09491,Is Oracle Database supported in Lab 2?,software_compatibility_check,Lab 2,,Oracle Database,
q09492,Is AutoCAD 2026 supported in Network Lab?,software_compatibility_check,Network Lab,,AutoCAD,
q09493,Recommend the best OS for Block C.,os_recommendation,Block C,Fedora 42,,
q09494,Which systems support Blender in Block B?,software_compatibility_check,Block B,,Blender,
q09495,Show hardware details for Block B.,hardware_query,Block B,,,
q09496,Display CPU details for Block C.,hardware_query,Block C,,,
q09497,Show PCs in Library incompatible with Linux Mint 22.,os_compatibility_check,Library,Linux Mint 22,,
q09498,Which PCs in Block C have 8 GB RAM?,hardware_query,Block C,,,
q09499,Display CPU details for Lab 1.,hardware_query,Lab 1,,,
q09500,What applications are compatible with Library computers?,reverse_software_lookup,Library,,Blender,
q09501,What applications are compatible with AI Lab computers?,reverse_software_lookup,AI Lab,,AutoCAD,
q09502,Find systems needing RAM upgrade.,upgrade_planning,Lab 2,Debian 13,AutoCAD,RAM upgrade
q09503,Suggest an OS for computers in AI Lab.,os_recommendation,AI Lab,Windows 10,,
q09504,Recommend the best OS for Library.,os_recommendation,Library,Windows 10,,
q09505,List machines in Network Lab that meet Ubuntu 24.04 requirements.,os_compatibility_check,Network Lab,Ubuntu 24.04,,
q09506,Which systems support VS Code in Block C?,software_compatibility_check,Block C,,Visual Studio Code,
q09507,Check Android Studio compatibility for Lab 2.,software_compatibility_check,Lab 2,,Android Studio,
q09508,Can computers in Lab 1 run Blender?,software_compatibility_check,Lab 1,,Blender,
q09509,Can systems in Network Lab support Windows 11?,os_compatibility_check,Network Lab,Windows 11,,
q09510,Can systems in Lab 1 support Windows 11?,os_compatibility_check,Lab 1,Windows 11,,
q09511,Which PCs in Block A have 8 GB RAM?,hardware_query,Block A,,,
q09512,Best operating system for Block A?,os_recommendation,Block A,Windows 11,,
q09513,Can computers in Programming Lab run Android Studio?,software_compatibility_check,Programming Lab,,Android Studio,
q09514,Display CPU details for Lab 1.,hardware_query,Lab 1,,,
q09515,Suggest an OS for computers in Network Lab.,os_recommendation,Network Lab,Linux Mint 22,,
q09516,Which computers in Library can run Linux Mint 22?,os_compatibility_check,Library,Linux Mint 22,,
q09517,Which systems support Oracle Database in Network Lab?,software_compatibility_check,Network Lab,,Oracle Database,
q09518,Which software can run on computers in Programming Lab?,reverse_software_lookup,Programming Lab,,Visual Studio Code,
q09519,Show hardware details for Block A.,hardware_query,Block A,,,
q09520,List machines in Programming Lab that meet Ubuntu 24.04 requirements.,os_compatibility_check,Programming Lab,Ubuntu 24.04,,
q09521,Plan upgrades for Block A to run Ubuntu 24.04.,upgrade_planning,Block A,Ubuntu 24.04,Visual Studio Code,RAM upgrade
q09522,List machines in Block C that meet Windows 11 requirements.,os_compatibility_check,Block C,Windows 11,,
q09523,Can computers in AI Lab run PyCharm?,software_compatibility_check,AI Lab,,PyCharm,
q09524,Check VMware Workstation compatibility for Block A.,software_compatibility_check,Block A,,VMware Workstation,
q09525,Which PCs in Lab 1 have 8 GB RAM?,hardware_query,Lab 1,,,
q09526,List software supported by PCs in Programming Lab.,reverse_software_lookup,Programming Lab,,MATLAB,
q09527,Best operating system for Library?,os_recommendation,Library,Windows 10,,
q09528,List machines in Library that meet Ubuntu 24.04 requirements.,os_compatibility_check,Library,Ubuntu 24.04,,
q09529,Can computers in Lab 1 run Android Studio?,software_compatibility_check,Lab 1,,Android Studio,
q09530,Which software can run on computers in Library?,reverse_software_lookup,Library,,AutoCAD,
q09531,Which systems support PyCharm in Lab 1?,software_compatibility_check,Lab 1,,PyCharm,
q09532,What applications are compatible with Lab 2 computers?,reverse_software_lookup,Lab 2,,MATLAB,
q09533,Can computers in Block B run AutoCAD 2026?,software_compatibility_check,Block B,,AutoCAD,
q09534,Can computers in Block B run Blender?,software_compatibility_check,Block B,,Blender,
q09535,Show PCs in Block C incompatible with Linux Mint 22.,os_compatibility_check,Block C,Linux Mint 22,,
q09536,Which PCs in AI Lab have 8 GB RAM?,hardware_query,AI Lab,,,
q09537,Which operating system is most suitable for Lab 2?,os_recommendation,Lab 2,Fedora 42,,
q09538,Find software that runs on Block C.,reverse_software_lookup,Block C,,MATLAB,
q09539,Show hardware details for Lab 1.,hardware_query,Lab 1,,,
q09540,Which PCs in Lab 1 have 8 GB RAM?,hardware_query,Lab 1,,,
q09541,Which operating system is most suitable for Lab 2?,os_recommendation,Lab 2,Fedora 42,,
q09542,Plan upgrades for Lab 1 to run Linux Mint 22.,upgrade_planning,Lab 1,Linux Mint 22,Android Studio,Secure Boot
q09543,Which computers need Storage for Blender?,upgrade_planning,Network Lab,Debian 13,Blender,Storage
q09544,Can systems in Lab 1 support Debian 13?,os_compatibility_check,Lab 1,Debian 13,,
q09545,Is PyCharm supported in Library?,software_compatibility_check,Library,,PyCharm,
q09546,Find systems needing Secure Boot.,upgrade_planning,Block C,Fedora 42,PyCharm,Secure Boot
q09547,List computers with SSD in Programming Lab.,hardware_query,Programming Lab,,,
q09548,List software supported by PCs in Block C.,reverse_software_lookup,Block C,,Blender,
q09549,Display CPU details for AI Lab.,hardware_query,AI Lab,,,
q09550,What applications are compatible with Block B computers?,reverse_software_lookup,Block B,,MATLAB,
q09551,List computers with SSD in AI Lab.,hardware_query,AI Lab,,,
q09552,Plan upgrades for Block C to run Fedora 42.,upgrade_planning,Block C,Fedora 42,Blender,TPM
q09553,Which PCs in Block B have 8 GB RAM?,hardware_query,Block B,,,
q09554,Find software that runs on Block A.,reverse_software_lookup,Block A,,PyCharm,
q09555,Which PCs in Lab 2 have 8 GB RAM?,hardware_query,Lab 2,,,
q09556,List computers with SSD in AI Lab.,hardware_query,AI Lab,,,
q09557,List machines in Lab 1 that meet Windows 10 requirements.,os_compatibility_check,Lab 1,Windows 10,,
q09558,Find software that runs on Lab 2.,reverse_software_lookup,Lab 2,,Blender,
q09559,List machines in Block B that meet Windows 10 requirements.,os_compatibility_check,Block B,Windows 10,,
q09560,List computers with SSD in Lab 2.,hardware_query,Lab 2,,,
q09561,List software supported by PCs in Lab 2.,reverse_software_lookup,Lab 2,,AutoCAD,
q09562,Display CPU details for Library.,hardware_query,Library,,,
q09563,Check VS Code compatibility for Lab 1.,software_compatibility_check,Lab 1,,Visual Studio Code,
q09564,Check VMware Workstation compatibility for Programming Lab.,software_compatibility_check,Programming Lab,,VMware Workstation,
q09565,Check AutoCAD 2026 compatibility for Block B.,software_compatibility_check,Block B,,AutoCAD,
q09566,Suggest an OS for computers in Lab 2.,os_recommendation,Lab 2,Windows 10,,
q09567,Plan upgrades for AI Lab to run Windows 10.,upgrade_planning,AI Lab,Windows 10,AutoCAD,Storage
q09568,Which systems support Blender in Block A?,software_compatibility_check,Block A,,Blender,
q09569,Check Oracle Database compatibility for Block A.,software_compatibility_check,Block A,,Oracle Database,
q09570,Plan upgrades for Block A to run Windows 10.,upgrade_planning,Block A,Windows 10,MATLAB,TPM
q09571,Find systems needing Secure Boot.,upgrade_planning,AI Lab,Fedora 42,VMware Workstation,Secure Boot
q09572,Can systems in Library support Windows 10?,os_compatibility_check,Library,Windows 10,,
q09573,Is AutoCAD 2026 supported in Lab 1?,software_compatibility_check,Lab 1,,AutoCAD,
q09574,Can computers in Lab 2 run AutoCAD 2026?,software_compatibility_check,Lab 2,,AutoCAD,
q09575,Best operating system for Lab 1?,os_recommendation,Lab 1,Linux Mint 22,,
q09576,Find systems needing Secure Boot.,upgrade_planning,Block C,Debian 13,Android Studio,Secure Boot
q09577,Show PCs in Lab 1 incompatible with Windows 10.,os_compatibility_check,Lab 1,Windows 10,,
q09578,Show PCs in Block B incompatible with Windows 10.,os_compatibility_check,Block B,Windows 10,,
q09579,Which software can run on computers in Programming Lab?,reverse_software_lookup,Programming Lab,,MATLAB,
q09580,Is AutoCAD 2026 supported in AI Lab?,software_compatibility_check,AI Lab,,AutoCAD,
q09581,List computers with SSD in Block C.,hardware_query,Block C,,,
q09582,List software supported by PCs in Block B.,reverse_software_lookup,Block B,,AutoCAD,
q09583,Which operating system is most suitable for AI Lab?,os_recommendation,AI Lab,Linux Mint 22,,
q09584,Check Android Studio compatibility for Lab 1.,software_compatibility_check,Lab 1,,Android Studio,
q09585,Which systems support VMware Workstation in Library?,software_compatibility_check,Library,,VMware Workstation,
q09586,Show PCs in Lab 1 incompatible with Debian 13.,os_compatibility_check,Lab 1,Debian 13,,
q09587,Best operating system for Lab 1?,os_recommendation,Lab 1,Debian 13,,
q09588,Which computers need Storage for VS Code?,upgrade_planning,Lab 2,Windows 10,Visual Studio Code,Storage
q09589,Which PCs in Programming Lab have 8 GB RAM?,hardware_query,Programming Lab,,,
q09590,Can systems in Block B support Fedora 42?,os_compatibility_check,Block B,Fedora 42,,
q09591,List software supported by PCs in Network Lab.,reverse_software_lookup,Network Lab,,AutoCAD,
q09592,Can systems in Lab 1 support Debian 13?,os_compatibility_check,Lab 1,Debian 13,,
q09593,List computers with SSD in Block C.,hardware_query,Block C,,,
q09594,Display CPU details for Block C.,hardware_query,Block C,,,
q09595,List software supported by PCs in Block C.,reverse_software_lookup,Block C,,Visual Studio Code,
q09596,Which PCs in Network Lab have 8 GB RAM?,hardware_query,Network Lab,,,
q09597,Which computers in Programming Lab can run Debian 13?,os_compatibility_check,Programming Lab,Debian 13,,
q09598,Which PCs in Lab 2 have 8 GB RAM?,hardware_query,Lab 2,,,
q09599,Find software that runs on Block C.,reverse_software_lookup,Block C,,Oracle Database,
q09600,List machines in Block B that meet Windows 11 requirements.,os_compatibility_check,Block B,Windows 11,,
q09601,Which systems support Android Studio in Network Lab?,software_compatibility_check,Network Lab,,Android Studio,
q09602,List machines in Library that meet Debian 13 requirements.,os_compatibility_check,Library,Debian 13,,
q09603,Plan upgrades for Lab 1 to run Linux Mint 22.,upgrade_planning,Lab 1,Linux Mint 22,VMware Workstation,Secure Boot
q09604,Can computers in Block C run AutoCAD 2026?,software_compatibility_check,Block C,,AutoCAD,
q09605,Plan upgrades for Block A to run Fedora 42.,upgrade_planning,Block A,Fedora 42,Android Studio,TPM
q09606,What upgrades are required in AI Lab?,upgrade_planning,AI Lab,Windows 11,Android Studio,RAM upgrade
q09607,Find software that runs on Network Lab.,reverse_software_lookup,Network Lab,,Visual Studio Code,
q09608,Suggest an OS for computers in Lab 2.,os_recommendation,Lab 2,Windows 11,,
q09609,Can systems in Lab 1 support Fedora 42?,os_compatibility_check,Lab 1,Fedora 42,,
q09610,Plan upgrades for AI Lab to run Linux Mint 22.,upgrade_planning,AI Lab,Linux Mint 22,Blender,Storage
q09611,Check Blender compatibility for AI Lab.,software_compatibility_check,AI Lab,,Blender,
q09612,Can computers in Block C run PyCharm?,software_compatibility_check,Block C,,PyCharm,
q09613,List machines in Block A that meet Fedora 42 requirements.,os_compatibility_check,Block A,Fedora 42,,
q09614,Recommend the best OS for Library.,os_recommendation,Library,Linux Mint 22,,
q09615,Find systems needing RAM upgrade.,upgrade_planning,Lab 2,Ubuntu 24.04,Visual Studio Code,RAM upgrade
q09616,What upgrades are required in AI Lab?,upgrade_planning,AI Lab,Windows 10,Visual Studio Code,TPM
q09617,List machines in Block C that meet Ubuntu 24.04 requirements.,os_compatibility_check,Block C,Ubuntu 24.04,,
q09618,Which computers need CPU for VMware Workstation?,upgrade_planning,Block C,Linux Mint 22,VMware Workstation,CPU
q09619,Which systems support AutoCAD 2026 in Library?,software_compatibility_check,Library,,AutoCAD,
q09620,Check VS Code compatibility for Block C.,software_compatibility_check,Block C,,Visual Studio Code,
q09621,Check VMware Workstation compatibility for Lab 1.,software_compatibility_check,Lab 1,,VMware Workstation,
q09622,Display CPU details for Lab 2.,hardware_query,Lab 2,,,
q09623,Plan upgrades for Block C to run Ubuntu 24.04.,upgrade_planning,Block C,Ubuntu 24.04,MATLAB,TPM
q09624,Which software can run on computers in Block A?,reverse_software_lookup,Block A,,VMware Workstation,
q09625,Suggest an OS for computers in Block A.,os_recommendation,Block A,Windows 11,,
q09626,Which PCs in Block C have 8 GB RAM?,hardware_query,Block C,,,
q09627,Which software can run on computers in Block C?,reverse_software_lookup,Block C,,AutoCAD,
q09628,Check VS Code compatibility for Lab 1.,software_compatibility_check,Lab 1,,Visual Studio Code,
q09629,Plan upgrades for Programming Lab to run Fedora 42.,upgrade_planning,Programming Lab,Fedora 42,AutoCAD,RAM upgrade
q09630,Find systems needing RAM upgrade.,upgrade_planning,Block B,Debian 13,Visual Studio Code,RAM upgrade
q09631,Find systems needing CPU.,upgrade_planning,Library,Fedora 42,PyCharm,CPU
q09632,Which systems support Oracle Database in AI Lab?,software_compatibility_check,AI Lab,,Oracle Database,
q09633,Which computers need Storage for AutoCAD 2026?,upgrade_planning,Block B,Ubuntu 24.04,AutoCAD,Storage
q09634,Is Android Studio supported in AI Lab?,software_compatibility_check,AI Lab,,Android Studio,
q09635,Which computers need TPM for AutoCAD 2026?,upgrade_planning,Lab 1,Windows 11,AutoCAD,TPM
q09636,List software supported by PCs in Block C.,reverse_software_lookup,Block C,,Oracle Database,
q09637,Which PCs in Block A have 8 GB RAM?,hardware_query,Block A,,,
q09638,Recommend the best OS for Lab 2.,os_recommendation,Lab 2,Debian 13,,
q09639,Can systems in AI Lab support Debian 13?,os_compatibility_check,AI Lab,Debian 13,,
q09640,Show hardware details for Network Lab.,hardware_query,Network Lab,,,
q09641,Plan upgrades for Lab 2 to run Ubuntu 24.04.,upgrade_planning,Lab 2,Ubuntu 24.04,Oracle Database,Storage
q09642,Which PCs in Library have 8 GB RAM?,hardware_query,Library,,,
q09643,Check MATLAB compatibility for Block C.,software_compatibility_check,Block C,,MATLAB,
q09644,Show PCs in Network Lab incompatible with Fedora 42.,os_compatibility_check,Network Lab,Fedora 42,,
q09645,Display CPU details for Lab 1.,hardware_query,Lab 1,,,
q09646,Best operating system for Library?,os_recommendation,Library,Linux Mint 22,,
q09647,Show hardware details for Library.,hardware_query,Library,,,
q09648,Suggest an OS for computers in Block B.,os_recommendation,Block B,Windows 10,,
q09649,Which software can run on computers in Block A?,reverse_software_lookup,Block A,,Android Studio,
q09650,Can computers in Lab 2 run PyCharm?,software_compatibility_check,Lab 2,,PyCharm,
q09651,What applications are compatible with Library computers?,reverse_software_lookup,Library,,Visual Studio Code,
q09652,List computers with SSD in Lab 1.,hardware_query,Lab 1,,,
q09653,What upgrades are required in Library?,upgrade_planning,Library,Windows 10,PyCharm,TPM
q09654,Is VS Code supported in Programming Lab?,software_compatibility_check,Programming Lab,,Visual Studio Code,
q09655,Which computers need GPU for AutoCAD 2026?,upgrade_planning,Lab 1,Fedora 42,AutoCAD,GPU
q09656,Which operating system is most suitable for Library?,os_recommendation,Library,Windows 11,,
q09657,Find systems needing CPU.,upgrade_planning,Library,Debian 13,Android Studio,CPU
q09658,What upgrades are required in AI Lab?,upgrade_planning,AI Lab,Debian 13,VMware Workstation,CPU
q09659,List software supported by PCs in Network Lab.,reverse_software_lookup,Network Lab,,Android Studio,
q09660,Show hardware details for Block C.,hardware_query,Block C,,,
q09661,Find systems needing Secure Boot.,upgrade_planning,AI Lab,Windows 11,Oracle Database,Secure Boot
q09662,Which operating system is most suitable for Block C?,os_recommendation,Block C,Linux Mint 22,,
q09663,Which systems support Android Studio in Lab 1?,software_compatibility_check,Lab 1,,Android Studio,
q09664,List machines in Network Lab that meet Windows 10 requirements.,os_compatibility_check,Network Lab,Windows 10,,
q09665,Find systems needing Secure Boot.,upgrade_planning,AI Lab,Fedora 42,Blender,Secure Boot
q09666,Which PCs in Lab 1 have 8 GB RAM?,hardware_query,Lab 1,,,
q09667,Which computers need GPU for Blender?,upgrade_planning,Block C,Linux Mint 22,Blender,GPU
q09668,Which computers in Programming Lab can run Windows 11?,os_compatibility_check,Programming Lab,Windows 11,,
q09669,Recommend the best OS for Programming Lab.,os_recommendation,Programming Lab,Debian 13,,
q09670,Is Oracle Database supported in Lab 2?,software_compatibility_check,Lab 2,,Oracle Database,
q09671,Show hardware details for Programming Lab.,hardware_query,Programming Lab,,,
q09672,Show hardware details for Lab 2.,hardware_query,Lab 2,,,
q09673,Can systems in Network Lab support Fedora 42?,os_compatibility_check,Network Lab,Fedora 42,,
q09674,Display CPU details for Block B.,hardware_query,Block B,,,
q09675,Display CPU details for Network Lab.,hardware_query,Network Lab,,,
q09676,Show hardware details for AI Lab.,hardware_query,AI Lab,,,
q09677,Can computers in Block A run MATLAB?,software_compatibility_check,Block A,,MATLAB,
q09678,Which software can run on computers in Block A?,reverse_software_lookup,Block A,,Blender,
q09679,Show PCs in Lab 1 incompatible with Windows 10.,os_compatibility_check,Lab 1,Windows 10,,
q09680,Best operating system for Block C?,os_recommendation,Block C,Linux Mint 22,,
q09681,List software supported by PCs in Block B.,reverse_software_lookup,Block B,,MATLAB,
q09682,Which computers need Secure Boot for AutoCAD 2026?,upgrade_planning,AI Lab,Ubuntu 24.04,AutoCAD,Secure Boot
q09683,Show hardware details for Lab 2.,hardware_query,Lab 2,,,
q09684,Which software can run on computers in Lab 2?,reverse_software_lookup,Lab 2,,PyCharm,
q09685,Best operating system for Programming Lab?,os_recommendation,Programming Lab,Windows 10,,
q09686,Check VMware Workstation compatibility for Lab 1.,software_compatibility_check,Lab 1,,VMware Workstation,
q09687,Suggest an OS for computers in Library.,os_recommendation,Library,Linux Mint 22,,
q09688,List machines in Block A that meet Linux Mint 22 requirements.,os_compatibility_check,Block A,Linux Mint 22,,
q09689,Best operating system for Programming Lab?,os_recommendation,Programming Lab,Linux Mint 22,,
q09690,Which computers in Block C can run Windows 11?,os_compatibility_check,Block C,Windows 11,,
q09691,Is AutoCAD 2026 supported in Lab 1?,software_compatibility_check,Lab 1,,AutoCAD,
q09692,Which systems support Oracle Database in Library?,software_compatibility_check,Library,,Oracle Database,
q09693,List computers with SSD in Block B.,hardware_query,Block B,,,
q09694,Which software can run on computers in Lab 2?,reverse_software_lookup,Lab 2,,Visual Studio Code,
q09695,Which systems support PyCharm in Block C?,software_compatibility_check,Block C,,PyCharm,
q09696,List software supported by PCs in Lab 2.,reverse_software_lookup,Lab 2,,Blender,
q09697,List software supported by PCs in Network Lab.,reverse_software_lookup,Network Lab,,Blender,
q09698,Can systems in Block C support Ubuntu 24.04?,os_compatibility_check,Block C,Ubuntu 24.04,,
q09699,Find systems needing GPU.,upgrade_planning,AI Lab,Debian 13,MATLAB,GPU
q09700,Which PCs in Lab 1 have 8 GB RAM?,hardware_query,Lab 1,,,
q09701,Display CPU details for Block B.,hardware_query,Block B,,,
q09702,What upgrades are required in Lab 1?,upgrade_planning,Lab 1,Windows 11,PyCharm,Storage
q09703,Recommend the best OS for Lab 1.,os_recommendation,Lab 1,Windows 10,,
q09704,List computers with SSD in Block B.,hardware_query,Block B,,,
q09705,Show PCs in AI Lab incompatible with Linux Mint 22.,os_compatibility_check,AI Lab,Linux Mint 22,,
q09706,What upgrades are required in Library?,upgrade_planning,Library,Ubuntu 24.04,VMware Workstation,Secure Boot
q09707,Is VS Code supported in Library?,software_compatibility_check,Library,,Visual Studio Code,
q09708,Show PCs in Library incompatible with Windows 10.,os_compatibility_check,Library,Windows 10,,
q09709,Plan upgrades for Lab 2 to run Debian 13.,upgrade_planning,Lab 2,Debian 13,Oracle Database,CPU
q09710,Best operating system for Block B?,os_recommendation,Block B,Debian 13,,
q09711,Find systems needing RAM upgrade.,upgrade_planning,Programming Lab,Windows 11,MATLAB,RAM upgrade
q09712,Can systems in Block B support Linux Mint 22?,os_compatibility_check,Block B,Linux Mint 22,,
q09713,Display CPU details for AI Lab.,hardware_query,AI Lab,,,
q09714,Show hardware details for Block A.,hardware_query,Block A,,,
q09715,Display CPU details for Programming Lab.,hardware_query,Programming Lab,,,
q09716,Which PCs in Programming Lab have 8 GB RAM?,hardware_query,Programming Lab,,,
q09717,Plan upgrades for Block C to run Debian 13.,upgrade_planning,Block C,Debian 13,PyCharm,GPU
q09718,Find systems needing RAM upgrade.,upgrade_planning,Block A,Windows 10,AutoCAD,RAM upgrade
q09719,Which computers in Network Lab can run Windows 10?,os_compatibility_check,Network Lab,Windows 10,,
q09720,Display CPU details for AI Lab.,hardware_query,AI Lab,,,
q09721,Show PCs in Programming Lab incompatible with Windows 10.,os_compatibility_check,Programming Lab,Windows 10,,
q09722,Display CPU details for Lab 1.,hardware_query,Lab 1,,,
q09723,Find software that runs on Block A.,reverse_software_lookup,Block A,,PyCharm,
q09724,List machines in Lab 1 that meet Windows 11 requirements.,os_compatibility_check,Lab 1,Windows 11,,
q09725,Find software that runs on Lab 1.,reverse_software_lookup,Lab 1,,AutoCAD,
q09726,Plan upgrades for Library to run Windows 10.,upgrade_planning,Library,Windows 10,VMware Workstation,TPM
q09727,List software supported by PCs in Programming Lab.,reverse_software_lookup,Programming Lab,,MATLAB,
q09728,Can systems in Block B support Ubuntu 24.04?,os_compatibility_check,Block B,Ubuntu 24.04,,
q09729,Show hardware details for Block C.,hardware_query,Block C,,,
q09730,Find systems needing TPM.,upgrade_planning,Lab 2,Linux Mint 22,Oracle Database,TPM
q09731,Is VMware Workstation supported in AI Lab?,software_compatibility_check,AI Lab,,VMware Workstation,
q09732,Recommend the best OS for Lab 2.,os_recommendation,Lab 2,Ubuntu 24.04,,
q09733,Display CPU details for Block B.,hardware_query,Block B,,,
q09734,Show PCs in Block B incompatible with Linux Mint 22.,os_compatibility_check,Block B,Linux Mint 22,,
q09735,What upgrades are required in Lab 1?,upgrade_planning,Lab 1,Windows 10,VMware Workstation,RAM upgrade
q09736,Best operating system for Lab 1?,os_recommendation,Lab 1,Fedora 42,,
q09737,Which computers in Block C can run Linux Mint 22?,os_compatibility_check,Block C,Linux Mint 22,,
q09738,List software supported by PCs in Block B.,reverse_software_lookup,Block B,,PyCharm,
q09739,What applications are compatible with AI Lab computers?,reverse_software_lookup,AI Lab,,Blender,
q09740,Suggest an OS for computers in Programming Lab.,os_recommendation,Programming Lab,Windows 10,,
q09741,Can computers in Network Lab run VS Code?,software_compatibility_check,Network Lab,,Visual Studio Code,
q09742,Suggest an OS for computers in Lab 1.,os_recommendation,Lab 1,Fedora 42,,
q09743,List computers with SSD in AI Lab.,hardware_query,AI Lab,,,
q09744,Show hardware details for Lab 2.,hardware_query,Lab 2,,,
q09745,Which PCs in Lab 1 have 8 GB RAM?,hardware_query,Lab 1,,,
q09746,Can computers in Block B run Blender?,software_compatibility_check,Block B,,Blender,
q09747,What upgrades are required in Block B?,upgrade_planning,Block B,Fedora 42,VMware Workstation,CPU
q09748,Find software that runs on Network Lab.,reverse_software_lookup,Network Lab,,Blender,
q09749,Best operating system for Block A?,os_recommendation,Block A,Ubuntu 24.04,,
q09750,Best operating system for Network Lab?,os_recommendation,Network Lab,Linux Mint 22,,
q09751,Which computers in Lab 1 can run Windows 10?,os_compatibility_check,Lab 1,Windows 10,,
q09752,Suggest an OS for computers in AI Lab.,os_recommendation,AI Lab,Linux Mint 22,,
q09753,Which computers need Secure Boot for AutoCAD 2026?,upgrade_planning,Lab 2,Windows 11,AutoCAD,Secure Boot
q09754,Find systems needing Storage.,upgrade_planning,Lab 2,Fedora 42,AutoCAD,Storage
q09755,Which PCs in Network Lab have 8 GB RAM?,hardware_query,Network Lab,,,
q09756,Best operating system for Block A?,os_recommendation,Block A,Linux Mint 22,,
q09757,Is VMware Workstation supported in Lab 1?,software_compatibility_check,Lab 1,,VMware Workstation,
q09758,Which software can run on computers in Lab 1?,reverse_software_lookup,Lab 1,,Blender,
q09759,Find systems needing RAM upgrade.,upgrade_planning,Library,Fedora 42,MATLAB,RAM upgrade
q09760,Find systems needing GPU.,upgrade_planning,Library,Linux Mint 22,VMware Workstation,GPU
q09761,List machines in Programming Lab that meet Windows 10 requirements.,os_compatibility_check,Programming Lab,Windows 10,,
q09762,Which operating system is most suitable for Lab 1?,os_recommendation,Lab 1,Windows 11,,
q09763,Show PCs in Library incompatible with Windows 11.,os_compatibility_check,Library,Windows 11,,
q09764,Which software can run on computers in Network Lab?,reverse_software_lookup,Network Lab,,Oracle Database,
q09765,Best operating system for AI Lab?,os_recommendation,AI Lab,Windows 10,,
q09766,Can computers in Library run PyCharm?,software_compatibility_check,Library,,PyCharm,
q09767,Which PCs in Library have 8 GB RAM?,hardware_query,Library,,,
q09768,Show hardware details for Lab 2.,hardware_query,Lab 2,,,
q09769,Find systems needing RAM upgrade.,upgrade_planning,Block C,Windows 11,Android Studio,RAM upgrade
q09770,Show hardware details for Block A.,hardware_query,Block A,,,
q09771,Show PCs in Block C incompatible with Fedora 42.,os_compatibility_check,Block C,Fedora 42,,
q09772,Check AutoCAD 2026 compatibility for Block C.,software_compatibility_check,Block C,,AutoCAD,
q09773,Show PCs in AI Lab incompatible with Debian 13.,os_compatibility_check,AI Lab,Debian 13,,
q09774,Display CPU details for Lab 1.,hardware_query,Lab 1,,,
q09775,Show hardware details for Lab 2.,hardware_query,Lab 2,,,
q09776,Plan upgrades for Network Lab to run Fedora 42.,upgrade_planning,Network Lab,Fedora 42,Android Studio,GPU
q09777,Show hardware details for Lab 1.,hardware_query,Lab 1,,,
q09778,Which systems support PyCharm in Programming Lab?,software_compatibility_check,Programming Lab,,PyCharm,
q09779,Find software that runs on Lab 2.,reverse_software_lookup,Lab 2,,Oracle Database,
q09780,What upgrades are required in Block A?,upgrade_planning,Block A,Windows 10,MATLAB,Storage
q09781,Display CPU details for Lab 2.,hardware_query,Lab 2,,,
q09782,Which computers in AI Lab can run Fedora 42?,os_compatibility_check,AI Lab,Fedora 42,,
q09783,Recommend the best OS for Block C.,os_recommendation,Block C,Windows 11,,
q09784,Display CPU details for AI Lab.,hardware_query,AI Lab,,,
q09785,Is VS Code supported in Programming Lab?,software_compatibility_check,Programming Lab,,Visual Studio Code,
q09786,Show hardware details for Block A.,hardware_query,Block A,,,
q09787,Which operating system is most suitable for Block C?,os_recommendation,Block C,Fedora 42,,
q09788,List software supported by PCs in Block C.,reverse_software_lookup,Block C,,Blender,
q09789,Is AutoCAD 2026 supported in Library?,software_compatibility_check,Library,,AutoCAD,
q09790,Suggest an OS for computers in Programming Lab.,os_recommendation,Programming Lab,Linux Mint 22,,
q09791,Display CPU details for Block C.,hardware_query,Block C,,,
q09792,List computers with SSD in Block C.,hardware_query,Block C,,,
q09793,Which PCs in Library have 8 GB RAM?,hardware_query,Library,,,
q09794,Which computers need Storage for MATLAB?,upgrade_planning,Programming Lab,Windows 11,MATLAB,Storage
q09795,Which systems support VMware Workstation in Library?,software_compatibility_check,Library,,VMware Workstation,
q09796,Which software can run on computers in Block C?,reverse_software_lookup,Block C,,VMware Workstation,
q09797,Find software that runs on Block C.,reverse_software_lookup,Block C,,VMware Workstation,
q09798,Show PCs in Programming Lab incompatible with Windows 11.,os_compatibility_check,Programming Lab,Windows 11,,
q09799,What upgrades are required in Network Lab?,upgrade_planning,Network Lab,Windows 11,Oracle Database,CPU
q09800,Is Blender supported in Lab 2?,software_compatibility_check,Lab 2,,Blender,
q09801,Which computers in AI Lab can run Linux Mint 22?,os_compatibility_check,AI Lab,Linux Mint 22,,
q09802,Show PCs in Lab 2 incompatible with Ubuntu 24.04.,os_compatibility_check,Lab 2,Ubuntu 24.04,,
q09803,Which computers need CPU for AutoCAD 2026?,upgrade_planning,Block B,Windows 10,AutoCAD,CPU
q09804,Can systems in Network Lab support Fedora 42?,os_compatibility_check,Network Lab,Fedora 42,,
q09805,Is PyCharm supported in Lab 2?,software_compatibility_check,Lab 2,,PyCharm,
q09806,What upgrades are required in AI Lab?,upgrade_planning,AI Lab,Windows 11,Oracle Database,GPU
q09807,What upgrades are required in Network Lab?,upgrade_planning,Network Lab,Linux Mint 22,Android Studio,Storage
q09808,Is MATLAB supported in Block A?,software_compatibility_check,Block A,,MATLAB,
q09809,Which software can run on computers in Library?,reverse_software_lookup,Library,,PyCharm,
q09810,List computers with SSD in Lab 1.,hardware_query,Lab 1,,,
q09811,List computers with SSD in Lab 1.,hardware_query,Lab 1,,,
q09812,Which software can run on computers in Library?,reverse_software_lookup,Library,,MATLAB,
q09813,Best operating system for Programming Lab?,os_recommendation,Programming Lab,Windows 10,,
q09814,Which systems support VS Code in Block C?,software_compatibility_check,Block C,,Visual Studio Code,
q09815,Which systems support Android Studio in Programming Lab?,software_compatibility_check,Programming Lab,,Android Studio,
q09816,Best operating system for Network Lab?,os_recommendation,Network Lab,Windows 10,,
q09817,Display CPU details for Lab 2.,hardware_query,Lab 2,,,
q09818,Find software that runs on Library.,reverse_software_lookup,Library,,AutoCAD,
q09819,Find software that runs on Lab 2.,reverse_software_lookup,Lab 2,,AutoCAD,
q09820,Which software can run on computers in Block C?,reverse_software_lookup,Block C,,Oracle Database,
q09821,What upgrades are required in Network Lab?,upgrade_planning,Network Lab,Windows 11,Blender,RAM upgrade
q09822,Suggest an OS for computers in AI Lab.,os_recommendation,AI Lab,Linux Mint 22,,
q09823,Recommend the best OS for Block A.,os_recommendation,Block A,Debian 13,,
q09824,Which systems support VS Code in AI Lab?,software_compatibility_check,AI Lab,,Visual Studio Code,
q09825,Display CPU details for AI Lab.,hardware_query,AI Lab,,,
q09826,Is MATLAB supported in Lab 2?,software_compatibility_check,Lab 2,,MATLAB,
q09827,Best operating system for Library?,os_recommendation,Library,Windows 10,,
q09828,Is PyCharm supported in Programming Lab?,software_compatibility_check,Programming Lab,,PyCharm,
q09829,Find software that runs on Network Lab.,reverse_software_lookup,Network Lab,,PyCharm,
q09830,Find software that runs on Lab 1.,reverse_software_lookup,Lab 1,,MATLAB,
q09831,Plan upgrades for AI Lab to run Fedora 42.,upgrade_planning,AI Lab,Fedora 42,MATLAB,GPU
q09832,Check AutoCAD 2026 compatibility for Block C.,software_compatibility_check,Block C,,AutoCAD,
q09833,Show hardware details for Library.,hardware_query,Library,,,
q09834,Find software that runs on Network Lab.,reverse_software_lookup,Network Lab,,AutoCAD,
q09835,List software supported by PCs in AI Lab.,reverse_software_lookup,AI Lab,,VMware Workstation,
q09836,Can computers in Programming Lab run VMware Workstation?,software_compatibility_check,Programming Lab,,VMware Workstation,
q09837,Display CPU details for AI Lab.,hardware_query,AI Lab,,,
q09838,Find software that runs on AI Lab.,reverse_software_lookup,AI Lab,,MATLAB,
q09839,Is Oracle Database supported in Lab 1?,software_compatibility_check,Lab 1,,Oracle Database,
q09840,Which systems support MATLAB in Lab 1?,software_compatibility_check,Lab 1,,MATLAB,
q09841,What applications are compatible with Library computers?,reverse_software_lookup,Library,,Android Studio,
q09842,Find software that runs on Lab 2.,reverse_software_lookup,Lab 2,,AutoCAD,
q09843,List software supported by PCs in Block A.,reverse_software_lookup,Block A,,VMware Workstation,
q09844,Suggest an OS for computers in Block B.,os_recommendation,Block B,Linux Mint 22,,
q09845,List computers with SSD in AI Lab.,hardware_query,AI Lab,,,
q09846,What upgrades are required in Block C?,upgrade_planning,Block C,Windows 10,PyCharm,Storage
q09847,Can systems in AI Lab support Linux Mint 22?,os_compatibility_check,AI Lab,Linux Mint 22,,
q09848,Which operating system is most suitable for AI Lab?,os_recommendation,AI Lab,Ubuntu 24.04,,
q09849,Plan upgrades for Library to run Windows 11.,upgrade_planning,Library,Windows 11,Oracle Database,CPU
q09850,Which PCs in Programming Lab have 8 GB RAM?,hardware_query,Programming Lab,,,
q09851,Show hardware details for Network Lab.,hardware_query,Network Lab,,,
q09852,Which systems support VMware Workstation in Lab 2?,software_compatibility_check,Lab 2,,VMware Workstation,
q09853,Which computers in Network Lab can run Windows 11?,os_compatibility_check,Network Lab,Windows 11,,
q09854,List machines in Lab 2 that meet Fedora 42 requirements.,os_compatibility_check,Lab 2,Fedora 42,,
q09855,Plan upgrades for Network Lab to run Windows 11.,upgrade_planning,Network Lab,Windows 11,Visual Studio Code,GPU
q09856,Which operating system is most suitable for Programming Lab?,os_recommendation,Programming Lab,Windows 11,,
q09857,Recommend the best OS for Block A.,os_recommendation,Block A,Linux Mint 22,,
q09858,Suggest an OS for computers in Library.,os_recommendation,Library,Windows 11,,
q09859,Show hardware details for Block C.,hardware_query,Block C,,,
q09860,Find systems needing GPU.,upgrade_planning,Network Lab,Linux Mint 22,Android Studio,GPU
q09861,Is Blender supported in AI Lab?,software_compatibility_check,AI Lab,,Blender,
q09862,Which computers in Block A can run Windows 10?,os_compatibility_check,Block A,Windows 10,,
q09863,What upgrades are required in Lab 2?,upgrade_planning,Lab 2,Debian 13,PyCharm,Secure Boot
q09864,Is VMware Workstation supported in Lab 1?,software_compatibility_check,Lab 1,,VMware Workstation,
q09865,What applications are compatible with Programming Lab computers?,reverse_software_lookup,Programming Lab,,AutoCAD,
q09866,Find systems needing RAM upgrade.,upgrade_planning,Lab 2,Ubuntu 24.04,Oracle Database,RAM upgrade
q09867,Recommend the best OS for AI Lab.,os_recommendation,AI Lab,Windows 11,,
q09868,Is AutoCAD 2026 supported in Lab 2?,software_compatibility_check,Lab 2,,AutoCAD,
q09869,Which software can run on computers in Block C?,reverse_software_lookup,Block C,,AutoCAD,
q09870,Display CPU details for Block A.,hardware_query,Block A,,,
q09871,Find systems needing TPM.,upgrade_planning,Network Lab,Debian 13,Visual Studio Code,TPM
q09872,Find software that runs on Block A.,reverse_software_lookup,Block A,,Blender,
q09873,Display CPU details for Programming Lab.,hardware_query,Programming Lab,,,
q09874,Find software that runs on AI Lab.,reverse_software_lookup,AI Lab,,Visual Studio Code,
q09875,Find software that runs on Library.,reverse_software_lookup,Library,,VMware Workstation,
q09876,Can systems in Block B support Linux Mint 22?,os_compatibility_check,Block B,Linux Mint 22,,
q09877,List computers with SSD in Block A.,hardware_query,Block A,,,
q09878,Best operating system for Library?,os_recommendation,Library,Linux Mint 22,,
q09879,Is MATLAB supported in Lab 2?,software_compatibility_check,Lab 2,,MATLAB,
q09880,Suggest an OS for computers in Network Lab.,os_recommendation,Network Lab,Fedora 42,,
q09881,Find systems needing RAM upgrade.,upgrade_planning,Lab 2,Linux Mint 22,AutoCAD,RAM upgrade
q09882,Which computers need CPU for MATLAB?,upgrade_planning,Programming Lab,Ubuntu 24.04,MATLAB,CPU
q09883,Best operating system for Programming Lab?,os_recommendation,Programming Lab,Fedora 42,,
q09884,Show PCs in AI Lab incompatible with Windows 11.,os_compatibility_check,AI Lab,Windows 11,,
q09885,Can systems in Programming Lab support Windows 11?,os_compatibility_check,Programming Lab,Windows 11,,
q09886,Which PCs in AI Lab have 8 GB RAM?,hardware_query,AI Lab,,,
q09887,Which systems support MATLAB in Block B?,software_compatibility_check,Block B,,MATLAB,
q09888,What upgrades are required in Block A?,upgrade_planning,Block A,Fedora 42,AutoCAD,Secure Boot
q09889,Which computers need Storage for Oracle Database?,upgrade_planning,Lab 2,Linux Mint 22,Oracle Database,Storage
q09890,Which computers need CPU for VS Code?,upgrade_planning,Lab 2,Ubuntu 24.04,Visual Studio Code,CPU
q09891,Which computers in Block A can run Windows 10?,os_compatibility_check,Block A,Windows 10,,
q09892,What upgrades are required in Lab 1?,upgrade_planning,Lab 1,Fedora 42,Visual Studio Code,CPU
q09893,Best operating system for AI Lab?,os_recommendation,AI Lab,Linux Mint 22,,
q09894,Recommend the best OS for Lab 1.,os_recommendation,Lab 1,Debian 13,,
q09895,Suggest an OS for computers in Network Lab.,os_recommendation,Network Lab,Linux Mint 22,,
q09896,What upgrades are required in Lab 1?,upgrade_planning,Lab 1,Windows 11,Android Studio,CPU
q09897,Display CPU details for Block C.,hardware_query,Block C,,,
q09898,Recommend the best OS for AI Lab.,os_recommendation,AI Lab,Windows 11,,
q09899,Check AutoCAD 2026 compatibility for Network Lab.,software_compatibility_check,Network Lab,,AutoCAD,
q09900,Show hardware details for Library.,hardware_query,Library,,,
q09901,Which software can run on computers in Network Lab?,reverse_software_lookup,Network Lab,,Oracle Database,
q09902,Plan upgrades for Block C to run Linux Mint 22.,upgrade_planning,Block C,Linux Mint 22,AutoCAD,Storage
q09903,Which operating system is most suitable for AI Lab?,os_recommendation,AI Lab,Windows 11,,
q09904,Suggest an OS for computers in Library.,os_recommendation,Library,Windows 11,,
q09905,Check VMware Workstation compatibility for Library.,software_compatibility_check,Library,,VMware Workstation,
q09906,Check Blender compatibility for Lab 1.,software_compatibility_check,Lab 1,,Blender,
q09907,Which PCs in Library have 8 GB RAM?,hardware_query,Library,,,
q09908,Check Oracle Database compatibility for Block A.,software_compatibility_check,Block A,,Oracle Database,
q09909,Which systems support AutoCAD 2026 in AI Lab?,software_compatibility_check,AI Lab,,AutoCAD,
q09910,Can systems in Block C support Fedora 42?,os_compatibility_check,Block C,Fedora 42,,
q09911,List computers with SSD in Library.,hardware_query,Library,,,
q09912,List machines in Lab 2 that meet Fedora 42 requirements.,os_compatibility_check,Lab 2,Fedora 42,,
q09913,What applications are compatible with Library computers?,reverse_software_lookup,Library,,Visual Studio Code,
q09914,Is PyCharm supported in Lab 1?,software_compatibility_check,Lab 1,,PyCharm,
q09915,Can systems in Programming Lab support Linux Mint 22?,os_compatibility_check,Programming Lab,Linux Mint 22,,
q09916,Display CPU details for Block A.,hardware_query,Block A,,,
q09917,Which operating system is most suitable for Block A?,os_recommendation,Block A,Linux Mint 22,,
q09918,Can systems in Lab 2 support Debian 13?,os_compatibility_check,Lab 2,Debian 13,,
q09919,Suggest an OS for computers in Lab 1.,os_recommendation,Lab 1,Windows 10,,
q09920,Recommend the best OS for Library.,os_recommendation,Library,Linux Mint 22,,
q09921,Show hardware details for AI Lab.,hardware_query,AI Lab,,,
q09922,List machines in Block B that meet Fedora 42 requirements.,os_compatibility_check,Block B,Fedora 42,,
q09923,Show PCs in Lab 2 incompatible with Ubuntu 24.04.,os_compatibility_check,Lab 2,Ubuntu 24.04,,
q09924,Check Android Studio compatibility for Block C.,software_compatibility_check,Block C,,Android Studio,
q09925,Can systems in Network Lab support Linux Mint 22?,os_compatibility_check,Network Lab,Linux Mint 22,,
q09926,Find software that runs on Library.,reverse_software_lookup,Library,,VMware Workstation,
q09927,Which software can run on computers in Library?,reverse_software_lookup,Library,,Android Studio,
q09928,Can computers in Library run Blender?,software_compatibility_check,Library,,Blender,
q09929,Find systems needing RAM upgrade.,upgrade_planning,Lab 2,Debian 13,Oracle Database,RAM upgrade
q09930,Recommend the best OS for Lab 2.,os_recommendation,Lab 2,Ubuntu 24.04,,
q09931,List machines in Programming Lab that meet Windows 10 requirements.,os_compatibility_check,Programming Lab,Windows 10,,
q09932,Suggest an OS for computers in AI Lab.,os_recommendation,AI Lab,Debian 13,,
q09933,Which computers in AI Lab can run Debian 13?,os_compatibility_check,AI Lab,Debian 13,,
q09934,Best operating system for Lab 1?,os_recommendation,Lab 1,Linux Mint 22,,
q09935,Recommend the best OS for Lab 2.,os_recommendation,Lab 2,Ubuntu 24.04,,
q09936,List computers with SSD in AI Lab.,hardware_query,AI Lab,,,
q09937,Plan upgrades for Block B to run Windows 11.,upgrade_planning,Block B,Windows 11,Visual Studio Code,TPM
q09938,Show PCs in Lab 1 incompatible with Ubuntu 24.04.,os_compatibility_check,Lab 1,Ubuntu 24.04,,
q09939,Display CPU details for Network Lab.,hardware_query,Network Lab,,,
q09940,Display CPU details for Block B.,hardware_query,Block B,,,
q09941,Plan upgrades for Block A to run Fedora 42.,upgrade_planning,Block A,Fedora 42,VMware Workstation,GPU
q09942,What upgrades are required in Block C?,upgrade_planning,Block C,Ubuntu 24.04,AutoCAD,RAM upgrade
q09943,Show hardware details for Network Lab.,hardware_query,Network Lab,,,
q09944,Which operating system is most suitable for Block A?,os_recommendation,Block A,Fedora 42,,
q09945,Check Blender compatibility for Lab 2.,software_compatibility_check,Lab 2,,Blender,
q09946,Which computers need TPM for MATLAB?,upgrade_planning,Block C,Ubuntu 24.04,MATLAB,TPM
q09947,Best operating system for Programming Lab?,os_recommendation,Programming Lab,Debian 13,,
q09948,Which operating system is most suitable for Block B?,os_recommendation,Block B,Fedora 42,,
q09949,List machines in Block B that meet Windows 10 requirements.,os_compatibility_check,Block B,Windows 10,,
q09950,Can computers in Block B run PyCharm?,software_compatibility_check,Block B,,PyCharm,
q09951,Find software that runs on Lab 1.,reverse_software_lookup,Lab 1,,MATLAB,
q09952,Can computers in Library run PyCharm?,software_compatibility_check,Library,,PyCharm,
q09953,Check PyCharm compatibility for Block C.,software_compatibility_check,Block C,,PyCharm,
q09954,Is PyCharm supported in Block C?,software_compatibility_check,Block C,,PyCharm,
q09955,Find software that runs on Network Lab.,reverse_software_lookup,Network Lab,,MATLAB,
q09956,Display CPU details for Network Lab.,hardware_query,Network Lab,,,
q09957,List machines in Block B that meet Fedora 42 requirements.,os_compatibility_check,Block B,Fedora 42,,
q09958,Which computers need TPM for AutoCAD 2026?,upgrade_planning,Lab 2,Debian 13,AutoCAD,TPM
q09959,List software supported by PCs in AI Lab.,reverse_software_lookup,AI Lab,,AutoCAD,
q09960,Can systems in Lab 1 support Ubuntu 24.04?,os_compatibility_check,Lab 1,Ubuntu 24.04,,
q09961,What upgrades are required in Block B?,upgrade_planning,Block B,Linux Mint 22,Oracle Database,RAM upgrade
q09962,Which computers need TPM for PyCharm?,upgrade_planning,Lab 1,Windows 11,PyCharm,TPM
q09963,List computers with SSD in Block C.,hardware_query,Block C,,,
q09964,Which computers in Network Lab can run Linux Mint 22?,os_compatibility_check,Network Lab,Linux Mint 22,,
q09965,List computers with SSD in AI Lab.,hardware_query,AI Lab,,,
q09966,Suggest an OS for computers in Block A.,os_recommendation,Block A,Debian 13,,
q09967,Find software that runs on Programming Lab.,reverse_software_lookup,Programming Lab,,VMware Workstation,
q09968,Which operating system is most suitable for Block C?,os_recommendation,Block C,Windows 10,,
q09969,Plan upgrades for Block C to run Fedora 42.,upgrade_planning,Block C,Fedora 42,AutoCAD,Secure Boot
q09970,Best operating system for Network Lab?,os_recommendation,Network Lab,Debian 13,,
q09971,Plan upgrades for Programming Lab to run Windows 10.,upgrade_planning,Programming Lab,Windows 10,Android Studio,TPM
q09972,Which operating system is most suitable for AI Lab?,os_recommendation,AI Lab,Debian 13,,
q09973,Display CPU details for Block B.,hardware_query,Block B,,,
q09974,Suggest an OS for computers in Lab 1.,os_recommendation,Lab 1,Linux Mint 22,,
q09975,What applications are compatible with Block B computers?,reverse_software_lookup,Block B,,MATLAB,
q09976,Which computers in Library can run Linux Mint 22?,os_compatibility_check,Library,Linux Mint 22,,
q09977,Which PCs in Network Lab have 8 GB RAM?,hardware_query,Network Lab,,,
q09978,Check Android Studio compatibility for Block A.,software_compatibility_check,Block A,,Android Studio,
q09979,Can systems in Network Lab support Fedora 42?,os_compatibility_check,Network Lab,Fedora 42,,
q09980,What upgrades are required in Block A?,upgrade_planning,Block A,Fedora 42,Android Studio,RAM upgrade
q09981,Which computers need Secure Boot for Oracle Database?,upgrade_planning,Programming Lab,Windows 10,Oracle Database,Secure Boot
q09982,Can computers in Lab 1 run VMware Workstation?,software_compatibility_check,Lab 1,,VMware Workstation,
q09983,Which systems support MATLAB in Library?,software_compatibility_check,Library,,MATLAB,
q09984,Check VMware Workstation compatibility for AI Lab.,software_compatibility_check,AI Lab,,VMware Workstation,
q09985,What applications are compatible with Lab 2 computers?,reverse_software_lookup,Lab 2,,VMware Workstation,
q09986,List software supported by PCs in Block C.,reverse_software_lookup,Block C,,Android Studio,
q09987,Find systems needing Storage.,upgrade_planning,AI Lab,Fedora 42,Visual Studio Code,Storage
q09988,Can systems in AI Lab support Windows 11?,os_compatibility_check,AI Lab,Windows 11,,
q09989,Show hardware details for AI Lab.,hardware_query,AI Lab,,,
q09990,Which computers in Library can run Windows 10?,os_compatibility_check,Library,Windows 10,,
q09991,Best operating system for Block C?,os_recommendation,Block C,Linux Mint 22,,
q09992,Which computers in Block C can run Linux Mint 22?,os_compatibility_check,Block C,Linux Mint 22,,
q09993,Recommend the best OS for AI Lab.,os_recommendation,AI Lab,Debian 13,,
q09994,Check Blender compatibility for Network Lab.,software_compatibility_check,Network Lab,,Blender,
q09995,What applications are compatible with Block A computers?,reverse_software_lookup,Block A,,Blender,
q09996,Check AutoCAD 2026 compatibility for Programming Lab.,software_compatibility_check,Programming Lab,,AutoCAD,
q09997,Can computers in Network Lab run Blender?,software_compatibility_check,Network Lab,,Blender,
q09998,Plan upgrades for Block C to run Linux Mint 22.,upgrade_planning,Block C,Linux Mint 22,Visual Studio Code,Storage
q09999,Which computers need CPU for VMware Workstation?,upgrade_planning,Block C,Fedora 42,VMware Workstation,CPU
q10000,What upgrades are required in Programming Lab?,upgrade_planning,Programming Lab,Debian 13,Oracle Database,Secure Boot
